yayin,dosya(yil_sayi),terimler,baglam,handle_url
Beyoğlu (Fransızca gazete),0506_1939_0001.pdf.txt,"abattoir,betail","r ögalement â ce propos les auto- ritös compötentes au minlslörc de l'Hy- giöne. lor» de son proehain voyage i Ankara. Let quölif£t de la viande II a ctö constatö que la viande livröe ces jour» demiers au rnarehe provient d'animaux fatigues. La prûsidence de la Munici|»liU a invitö la direetion des abattoir» A veiller dc façon plus stricte â l'application de l'artlcle du röglement qui recommande de laisaer le betail reposer pendant 48 heures a- vant d'etre abattu. L’ENSEIGNEMENT d'un rvnverscmcm de posıtıons, quı pour- rait difficilement se produire avant les İ- leetıons les plus proches, celles de l'au - tonmr dc 1940. les rapports avec Washing- ton perdraıent toute valeur pratique et coostrucrive",https://acikerisim.tbmm.gov.tr/handle/11543/4338
Beyoğlu (Fransızca gazete),0506_1939_0002.pdf.txt,"betail,pâturages","ttes a ete meilleu. re que celle des annees precedentes ; on a particulierement soigne la recolte des fruits en distribuant aux cueilleurs des corbillons speciaux. D’apres les donnees statistiques defi- nitives. la produetion du ble a double par rapport â celle de 1937. Les conditions sanitaires du betail sont toujours satisfaisantes ainsi que celles des pâturages, favorises par les pluies qui continuent â tomber regulid- remlnt et font envisager de tres bons resultats. L'esprit des populations est tres eie- ve et les Musuımans ont accueıllı avec l’euthousıasme le plus vif les decuuons du Grand Conseil concernant l'ınoorpo- ratıon des province» lıbyennes au ter- ntoıre natıonal, et la concessıon d",https://acikerisim.tbmm.gov.tr/handle/11543/4338
Beyoğlu (Fransızca gazete),0506_1939_0003.pdf.txt,"betail,betaıl","que l’on disait de i Le Dr. l'invaaion de 1'indApendance de l'Ukrai-. legues ne. Et pourtant des que l'on p •le d’U- demande lui etait presentee : etablis-1 bes historiquea, on avait aonge â ce mo-* , ucs IUÖLUI14UCD, uu avaav « V v kraine. c'est â la grande Uknune qu. sement d’un prix-hmıte sur le betaıl yen.terme. L’Assemblee a juge plus op- ron songe. |vivant et sur le betail abattu, eleva -;' n de UİMW. en r4tat le cimetidre Si de ta Ruasıe nous sautons en Euro- tion du prta-limıte sur ta vente de la entier comp_ ne nous vovons que le tunıulıe m Eu- viande du betail. Sur ces trois points, „ . .. ....._ ,___pe nous voyons que le tumulte en viande du betail. Sur ces trois points. rope-Centrale q",https://acikerisim.tbmm.gov.tr/handle/11543/4338
Beyoğlu (Fransızca gazete),0506_1939_0004.pdf.txt,"fourraghrv,fourragkrr","chbv Mathılde » com- •ne s’il en pleuvait! Elle me suppliait de lui amener Georges On ne rrfuse pas ev­ la A une mire. .T’y consenbs. J obtins de l’enfarrt la promesse qu'il ne vous souf- flerait rnot de cette entrevue Je lui ss- surai qu’il vous 6viterait, ainsi, du cha Snn. Si vous elle vous Örge fourragkrr Org» fourraghrv Örge pour bmaaenc Örge fx>ur braaarnr Noua voyona tel Tun » 4.20 • 4J4-4.1A • 4 16V, »İ<m «vanlagr» s U Birecik Antob Mardin Trabeon l'ru 100-102 • M » wı > 92 . 9<l » 87 l'ırev, Saplre, Mırarilte, (idim II ınnıteıatablmı dne produlta agrtcotae ıtee- tinde k rinduutrte dont tas bcaoina İn- coaaanl aktent l« pris k an malnlenlr k den ıııvoauıı aatlatalaanU Noua avona plus d'une fol",https://acikerisim.tbmm.gov.tr/handle/11543/4338
Beyoğlu (Fransızca gazete),0506_1939_0004.pdf.txt,"betail,betaıl","availlent avec autorit£ dans une ac-’» ' ... *• ■ sivemeni coûteu* ; les Inus de son en- tretien pendant plus de huıt jours re • prerenteraienı un total auperieur au quotidiennenıent la tâche â accomplir Capital qu d represente. La conrerva - En outre, des mesures seront prıses tion de la vıande du betaıl abat tu pose egalement des questions prauquement insolubles en raison de l'insuffısance des depöts frigorifiques. Une solutıon consisteraıt â assurer le transport du betail par la voie de multıples. La venue au pouvoir de M. terre. Mais. dans ce cas, les frais de Keusreıvanbff quı est un diplomate ex- ehemin de fer devront etre tres cotısi- peruueute et capable a ele un facteur de plua eu vue du",https://acikerisim.tbmm.gov.tr/handle/11543/4338
Beyoğlu (Fransızca gazete),0506_1939_0004.pdf.txt,karacabey,"publique et l’autre pour la es 1< çons 1 s CV< nemen! ment aux gens qui ont plu» de sous M Ar.im U, in^te. dan, le Vakit. <’ue de «^pute». La Dursun prit une sor te fart que les divisions intkriev-; Lite renommee A Bursa pour sa beau- re» entre TcMgue, et Slovague, son' | te. une certaine Fatma, de Karacabey. A Toriğine de, malheur, de la Tche Brune, yeux noira, longs sourcils bar - Dans°n^^rte quel pay». l’union'rant wn v,8a«e d'une b>ancheur ac - nationale «rat une anne plus puissante Ipar,u"" savant ""“8e des Produıts que le® canons, les fusils, les avions. de, ute’ Fatma a tout de la classıque les tanka. i* femmc fatsle ». Des le premier mo - Ce qui a «te vrai pour la TchAcoelo- ment' &ur’un «'«> e",https://acikerisim.tbmm.gov.tr/handle/11543/4338
Beyoğlu (Fransızca gazete),0506_1939_0004.pdf.txt,"betaıl,boeuf","pareilles chi- möres. Tout en adoptant et en procla- mant les principes, elle a agi avec rea- lisme dans l’interet de la nation. . . Nous avons procede hier en toute liberte de conscience au elassement LE PRIX DE LA V İANDE HAUSSE La Municıpalrte conasderant la sema- ble diminulıon des arrivages de betaıl de boueherie a accepte d'augmenter le prix-limite fixe sur la viande. La hausse sera de 5 piastres par kg. pour le mou- ton,« dagliç» et «Karaman» et 3 pıas- tres pour te boeuf. Une prvposıtion dans ce sens sera soumise par la direetion des affaires economiques a l’assemblee permaııente de la Ville. I«a vente de la viande de mouton « kivircik » avait ete laissee libre en vertu d'une decision an-",https://acikerisim.tbmm.gov.tr/handle/11543/4338
Beyoğlu (Fransızca gazete),0506_1939_0005.pdf.txt,"betail,laiterie","e la question de Dantzig ne pourra tpa. provoquer une guerre. Nous ne devons. cependant, pas uublier que, si mime une entente survenait en­ ire l'AUemagne ct la Pologne, on ne pourrait pas dire que le monde vient d'ichappcr au danger d'une guerre. subsisteront. La crfation a İstanbul d'u­ ne grande laiterie et erimene outilley de façon micanique s’impoae ; elle ne pourra itre realisee toutefois qu’avec le concours du gouvernement. Maıs en attendant, le Dr. Lûtfi Kirdar s'efforce d'assurer de façon plus reguliire la dis- tribution du lait en ville. Plusieurs facteurs peuvent detenni- ner l'empoisonnement par le lait : des herbesj empoisonnees que le betail pourrait avoir ingere, l'usage de recip. d'u",https://acikerisim.tbmm.gov.tr/handle/11543/4338
Beyoğlu (Fransızca gazete),0506_1939_0005.pdf.txt,"vache,vaches","ix du pain Nous avon» annonce que sur la de - ■muide du Vali et Prttadent de ta Mu- pur du , Uit , 0İ1 , 4 demj. mcıpahte le Dr Lûtfi Klrrhr, une com- jertmi . »st demeure lettre morte rnMon de spec.ahırtre appartenant i m4mc rart 8 qu, inUndit ()(. tl>. m^nUtkT tAr7ra İVaİ! '’nla’ re P^ellement ta vache ou de melan- T ' rtglement du P""»- Ker le de plusieur* vaches . l’art. bitme du pain i IsUnbul. Le rapport 9 qui prohibe de melanger le* laita e- mı sal la* a /.1uK. .a*A X !• X...-4- II —» *que.teaH.bort ret İH-tudı. IN'y-l »ont «mcerre .lam. teura dfctaraUçns.guestion que fort brtevement de ta ment Comporte 25 article* Sİ tous t- pacifiqure pareni m.lentendu rat rtel- question du four mûcanique",https://acikerisim.tbmm.gov.tr/handle/11543/4338
Beyoğlu (Fransızca gazete),0506_1939_0005.pdf.txt,"abattoir,abattoirs","nbul. l^es ex[ıenences que nous a • voııs realiste® a ce propos demonlrent que cette question n'est pas facile â re- gler. Et. comme il arrive toujour» en pareil ca* ,1ct> plaintes et le» protesta - tion» frappent beaucoup. plus que les reelles lacunea. Je dirai que je m'occupe de te ques- tion de» abattoirs â İstanbul. Cette question n'intûresse pas »eulement la Municipalitâ de cette ville .Le »ujet est trû» vaste. lam municipalitta »ont res- |x>naab!e» des op6ration* qui vont de- puia l'amvie du belail k abatlre â te porte de» abattoir» Jımqu’a la llvraiaon de te viande aux bouchers. Le reste ne lea intöreaae pa*. La Municipaliti d'tetanbul perçoit 5 piastren par Kg. de viıımte abattue. En oulre on",https://acikerisim.tbmm.gov.tr/handle/11543/4338
Beyoğlu (Fransızca gazete),0506_1939_0006.pdf.txt,"betail,vaches","nt agi ses par Londres et Paris qui peşe sur venements, quı rapproche l’axe du Japon, quı pemıet au Japon i prof iter aes engagements de dıvers gc res que l’Angleterrc a assumes cn fcyj pc pour creer cn Extreme Urıcnı un nouveau quı s’6:arte des ınterets bnta niques. cife, des Tramways et du Tunnel vaches, le lait a sfejourne pendant un Apre» l'approbaüon par la GJLN. de 'certain teraPB dans des cuıvre non emailles. Du vert de grıa s’est forme. Les vfetferinaires du Vilâyet sont par- venus â la meme conclusion. Un examen sanitaire du betail de nos etables a ete effectue et il a etfe de- la loi sur le tran&fert â la MunicıpalıU- det» service» d’exploıtaUun de l’Electri- ......Si 86 millions d’Allem",https://acikerisim.tbmm.gov.tr/handle/11543/4338
Beyoğlu (Fransızca gazete),0506_1940_0001.pdf.txt,karacabey,"otia 13.245 Budapest 100 Peugoc 2S.«| Bucaraet 100 Laya 0.97 Belgrade 100 Dinara 3,176 Yokohama 100 Yena 31 355 Stockholm Moscou 100 Cour. S. 100 Roublea 30.0976 son les motor-boa is, partin d’İstanbul yag iskelesi, remontent toua les jours le canal jusqu'au pont de Kinmikir qui n’est qu'A 3 km. dc Karacabey.GrAce A cette liai son rAguliAre, les produits du marchA A- tranger coûtent moina eher A Karacabey qu'A Bursa. (Autrrfois, ce canal qui porte le nom de « Boğaz » (Bosphore) Atait navigable jusqu'au lac d'Apolyon. Les bateaux y tion. L’importance de ces mesures ressort â l’Avidence, tant en ce qui conceme les frais de coût, et comme nous l’avons dit plus haut, les frais de manutention des lo- como",https://acikerisim.tbmm.gov.tr/handle/11543/4338
Beyoğlu (Fransızca gazete),0506_1940_0002.pdf.txt,"vaches,veaux","ndre magne d Ankara. M. le contre-amiral von le mfticr par l’Atudc, l'observation, l’ex- — Mon eher, pour itre franehe, je dois avoucr que la Biennale dc Venise m'inti- resse si peu, que j'ignorais metne qu’elle eut lieu cette annie I Ma scule ambition « artiatiquc » en ce moment est quc mes bites (veaux, vaches, pores, chevaux, pou- le s ct dindons) obtiennent le plus dc pre- miers prix possible au proehain concours agricole de Dchreczen. Alors. avec l'argent İ'y gagnerait, jc pourrai pcut-itrc me permettre un petit voyagc A Paris pour renouveler ma garde-robe et un petit tour A Antibcs oû ma villa diserte m'attend depuis... Apris Lilian Harvey fermiire ct châte- lainc dc Hongric A quand Greta G",https://acikerisim.tbmm.gov.tr/handle/11543/4338
Beyoğlu (Fransızca gazete),0506_1940_0005.pdf.txt,karacabey,"muhtar» qui don - nait les signes de la plus douloureuse emotion. On avait eu quelque peipe A percer le mystA- re de ce meurtre. d’autant plus qu’ainsi que nous 1 avions dit plus haut, l’ancien maire n’avait que des amis et des obligAs dans la localitA. SON HONNEUR Elhem. du vIIIak* dc llaymmdere , Karacabey (Burna), a Hürmüz et a rnauHe a pu le retmuver et AARAMİn^ «a prlfl İa fuite 1’arrMer . AffirnM» avoir »urpri» «a fetnme dölit de con ver m» tion... mupahle rvpc U.’ C«t unut l'lmpreaalon de re npertarle. un mouvement d’lndlanation qu*ll l‘au ralt tuAe. On enquAI».., Quartier General des forces expedition naires britanniques : Des attaques aöriennes furent re ■ nouvelöes aujourd’hui sur les forma",https://acikerisim.tbmm.gov.tr/handle/11543/4338
Beyoğlu (Fransızca gazete),0506_1940_0006.pdf.txt,"betail,vaches","leurs, recouvertes de y avait seulement un chien attaehe â branehages pour le camouflage anti - sa chaine, qui gardait un jardin et qui, aerien, qui rendeni la ville beauc<»up atfame et rendu feroce, aboyait deses- plus bruyante qu’autrefois. perement. Une deılegation municipale s’est ins | Tout le betail a ete abandonne et l’on talice â l’Hötel de Ville. L'approvision- voit, a travers les champs, des vaches nement en vıvre a repris normalemeaıt aux mameiles lourdes que personne nT. pour les articles de premiere nûcessite ; 'pris soin de traire depuis plus d’une 1 demain rouvrent les ecoles, tant en ville semaine. que dans la banlieue et, dans le cou, . un passage â niveau, oû aucun rant de la sem",https://acikerisim.tbmm.gov.tr/handle/11543/4338
Beyoğlu (Fransızca gazete),0506_1940_0007.pdf.txt,"betail,elevage,laiterie","on de l’affluence dans les bateaux, le matin â la deacente duBosphore et le soir â l'heure du retour ehez eux, des villegiaturants, le directeur du mouve- ment de la Societe a promis de pren - dre toutes les mesures necessaires afin de ne plus donner lieu â aucune plain- te â l’avenir. LES COURS DE LAITERIE Considerant l'importance que revet dans nötre pays la laiterie, le Ministe- re de l’Agriculture a decide de crâer â cet effet des cours speciaux coneernant les methodes techniques d'elevage du betail et de fabrication des beurres et fromages. Des specialistes fourniront aux paysans tous les renseignements necessaires â ce propos. Un de ces cours sera cree au Hatay M. Şükrü Cağlar et l'ingenieur H",https://acikerisim.tbmm.gov.tr/handle/11543/4338
Beyoğlu (Fransızca gazete),0506_1940_0008.pdf.txt,"betail,elevage","e Daoua â Gig- gica, elle est de 158 km. Or, de Giggiea â Berbera, cheHieu de la' Somalie britannique, il y a une bonne route carrossable, en partie â fond naturel, de 335 km. Cette route passe par Hargeisa,dont l’occupation par les italiens a dejâ ete annoncee. Hargei- sa est un important centre d’elevage de chameaux et' de betail ovin. On peut atteindre aussi Zeila en partant de Gig- gica. La route, qui passe par Buranco', est un peu plus courte que la route Gig- o-ica-Berbera. 11 y a aussi d’autreş voies de communication entre la Somalie Ita- lienne et la partie meridionale de la Somalie anglaise qui ne compte pas toutefois de localites importantes. “ Notons, enfin, que lors du debut de l’action",https://acikerisim.tbmm.gov.tr/handle/11543/4338
Beyoğlu (Fransızca gazete),0506_1940_0008.pdf.txt,"elevage,haras,karacabey","u parti, le haut personnel de l’etat-major et du ministere de la defense nationale, les sous-secre- taires et les directeurs des differents ministeres, le gouverneur-maire d’Ankara, le commandant de la place, le directeur de la Sûrete et une foule nombreuse. Le ministre del’Agriculture inspecte ies haras de Karacabey Bursa, 14. A. A. — Le ministre de l’Agriculture, M. Muhlis Erkmen, accom- pagne du vali et d’un certain nombre de deputes, se rendit hier aux haras de Karacabey et inspecta toutes les instal- lations. II se documenta notamment aupres des specialistes sur l’elevage des moutons merinos, leurs qualites et leurs aptitudes. Le ministre a fait savoir aux interes­ ses qu’il etait necessaire",https://acikerisim.tbmm.gov.tr/handle/11543/4338
Beyoğlu (Fransızca gazete),0506_1940_0009.pdf.txt,karacabey,"eureee de part et d’autre de la nouvelle frontiere ont le droit d’opter suivant leurs preferences. L’aspect apparent de la conference de Vienne est sans nul doute beatı. Les ı deux ministres des Affaires etrangeres Voir la süite en 4me page L’INCONNU AUX LLNETTES NOIRES Le caissier de la seetîon de Karacabey de la Sociste pour la produetion de betteravea, M. Sir- ri Durgun, avait priı une auto, â Bursa, devant l'hötel Osmaniye, pour se rendre â Karacabey. L’auto venait de demarrer lorsqu’un monsieur, portant des lunettes noires, arriva en courant. II dit qu’il n’avait pas trouve d’autre auto dispo- nible, ou plus exactement qu’il n’avait pas eu le temps d’en ehereher. Et il demaada qu’on vou- lut bie",https://acikerisim.tbmm.gov.tr/handle/11543/4338
Beyoğlu (Fransızca gazete),0506_1940_0009.pdf.txt,"fourrage,fourrages","oit une hausse du prix du lait en nötre ville, â partir du debut du mois proehain. Des echanges de vues sont en cours â ce propos entre les exploitants des principales vacheries, celles de Cam- lica, Omerli, Uzuncayir, ete... La raison invoquee par les interesses est la hausse constante des prix du fourrage. On sup-1 pose que le prix du kg. de lait sera porte de 5 pstr. â 7,50. On prevoit que la Municipalite suivra le developpement de cette question avec toute l’attention qu’elle merite et qu’elle n’autorisera pas une augmentation du prix du lait supe- rieure â l’accroissement du prix des fourrages. Des banes sur la place de Beyazit On constate que le public qui sta- tionne sur la place de Beyazit,",https://acikerisim.tbmm.gov.tr/handle/11543/4338
Beyoğlu (Fransızca gazete),0506_1940_0010.pdf.txt,cheptel,"ra pas, du moment que la Transylvanie cons- tituait une region deficitaire, les besoins en cereales de cette region ayant ete toujours couverts par des envois de ce­ reales des autres provinces roumaines. VİANDES II est vrai que pendant la periode de mobilisation İa Roumanie a beaucoup perdu de son cheptel. Mais il est aussi exact que ces pertes ont eu lieu dans les districts peripheriques de la Rouma­ nie c’est â dire dans les regions fron- talieres oû les armees etaient coneentrees. Justement ces dernieres regions et ces districts furent perdus. Done, en realite, L’aide des Etats-Unis â l’Angleterre (Saite de la premiere page) vires neufs qu’elle construit pour son propre usage. On a publie qu’ou",https://acikerisim.tbmm.gov.tr/handle/11543/4338
Beyoğlu (Fransızca gazete),0506_1940_0010.pdf.txt,"fourrage,vache","a süite des debats a ete remise â une date ulttrieure, pour l’audition de certains temoins. â beaucoup de plaintes. 11 ceûte en â l’etable, 15 et 18 piastres et detail. Les interesses invoquent propos une serie de raisons faut bien l’avouer — ne sont pas d*s pretextes. 87ot, 20 * «» q«’iı toutss Le fourrage qui coûtait deux piastr l’annâe derniere est, cette annee, de $' 6 piastres. Une vache consomme n* our quatre kilos de foin, six de SOn t mit d’herbe. Ajoutez â cela le loyer ’etable, les salaires du personnel,la CfiBw sommation d’eau : la depense journalii. ro par vache n’est pas inferieure de 140 â 145 piastres. Or, meme â 15 piaatrsg, le kilo, la produetion journaliere d’ua» vache laitiere nç",https://acikerisim.tbmm.gov.tr/handle/11543/4338
Beyoğlu (Fransızca gazete),0506_1940_0011.pdf.txt,"betail,veterinaire,veterinaires","isseuse mecanique, deux etuves elec- triques. Un appareil â oxygene et un puissant ventilateur sont egalement ve- nus completer l’outillage de l’höpital. Quant au cadre du personnel, il a ete egalement accru : 3 assistants, 1 chi- miste et une garde-malade ont ete en­ gages. L’activite des Services veterinaires Grâce aux mesures prises par la direc­ tion du service veterinaire de nötre ville la contagion des epidemies du betail a ete combattue avantageusement. Par les soins de ladite direction, 5.780 animaux ont ete examines en nö­ tre ville au cours de cette annee ; on a examine 116.284 hors des limites admi- nistratives de la Municipalite, pendant le meme laps de temps. Le traitement approprie a ete a",https://acikerisim.tbmm.gov.tr/handle/11543/4338
Beyoğlu (Fransızca gazete),0506_1940_0011.pdf.txt,"betail,veterinaire","lle pourra etre complet des samedi, le 23 ert. Hier, â 23 h., une importante reunion pres du ministere de l’interieur f le fait que les viandes de boucherij# venant de cette province sont soun?1' en nötre ville au paierhent d’une * velle taxe dite cdes abattoirss». Les u resses font observer que le betail abattu â Çorlu, dans le vilayet en n» tion, d’apres les methodes techniquej| plus parfaites et sous la surveilL d’un veterinaire. Chaque annee, le vilayet de Tekirdi envoyait â İstanbul plus de 10.000 tons abattus ainsi â Çorlu. Du faU S pe a 16i Sommes-nous en pre­ sence de nouvelles intrigues ? M. Asim Us egalement commente le communique de Berlin dont il est question ci-dessus et le «cadeau de",https://acikerisim.tbmm.gov.tr/handle/11543/4338
Beyoğlu (Fransızca gazete),0506_1940_0012.pdf.txt,"betail,fourrages",". 1/2 le kg. de ce produit. dans cette zone. II est des points auxquels I’Anerique attribue une importance speeiale : 1 .— Se preparer en vue du conflit qui, tot ou tard, l’opposera au Japn ; 2 .— En attendant que ces preparatifs soient acheves, soutenir Tchang Kai Chek ils nous demandent aussi des fourrages | aeeroître sa force de resistance. pour le betail. La Finlande nous a demande commu- nication de nos prix pour les memes articles. La situation de nos produits d’exportation Ün autre point digne de retnarque, c’est qu’en Extreme-Orient le Japon est l’ennemi egalement et dans une mesure non moindre de l’URSS. Ceci induit les Soviets egalement â soutenir nement chinois. j Le plus curieux c’est que",https://acikerisim.tbmm.gov.tr/handle/11543/4338
Beyoğlu (Fransızca gazete),0506_1940_0012.pdf.txt,"abattoirs,betail","endue eher. Le ministere dü Commerce s’oceupe aussi de la question du prix de la viande â İstanbul et a demande â la direetion regionale du Commerce de lui faire con- naître les resultats de ses etudes. II est â noter qu’en depit de la con- clusion d’une convention entre l’Union des exportateurs de betail de Kars et le gouvernement de l’U.R.S.S. les en- vois â destination de ce dernier pays n’ont pas encore commence. D’autre part, la Syrie se procure moins de be­ tail que par le passe sur les marehes des vilayets du Sud. C’est dire qu’il n’y a aucune raison pour que le prix de la viande ne soit pas normal. D’ailleurs, la direetion des Abattoirs a avise la Municipalite qu’â la süite des tout dernie",https://acikerisim.tbmm.gov.tr/handle/11543/4338
Beyoğlu (Fransızca gazete),0506_1940_0012.pdf.txt,karacabey,"destines â qu’il y a encore quelques monitors, sans grande valeur militaire, qui arborent le Tous les secours ont ete organises â l’intention des sinistres des inondations 19 n’y a pas jusgıfici das parias humainas ou de beta il Bursa, 29. (A.A.). — Les inondations dans la region de Kemalpaşa et de Karacabey ont atteint leur niveaıs de l’annee derniere et l’ont meme depasse dans la region de Karacabey. Suivant les informations parvenues jusqu’â hier soir au vilayet, la chaussee allant d’Ulu- abad â Karacabey est entierement sous les eaux des deux cotes. Les Communi­ cations entre Karacabey et Bursa sont interrompues ; toutefois, la liaison tele- Phonique et telegraphique est maintenue. La liaison tel",https://acikerisim.tbmm.gov.tr/handle/11543/4338
Beyoğlu (Fransızca gazete),0506_1940_0012.pdf.txt,karacabey,"grossı. ı es secours du Croissant-Rouge Le siege central du «Croissant-Rouge» a «is â la disposition du vilayet un mon- . nt de 2 030 Ltqs. P°ur f*ır.e . fac,e aux u de la population sınıstree desbesoins de la p p yilayet zones envahtes p r 1200Ltqs. â Ke- a affeete «n Ltqs. â malpaşa et un montant Karacabey. Lespluies se sont arretâss ySte9'Mj”J laile. d« h.at d» »o»' deverser dans ta v $ DİRECTİON: Beyoğlu, Suterazi, Mehmet Ali Ap jTEL.: 41892 REDACTİON Galata, Eski Gümrük Caddesi No 52 TEL.: 49266 Directeur-Proprietaire: G. PRİM! S 3 I Un discours de M. Roosevelt Si l’Allemagne gagne la guerre l’Amerique se trouvera en face du plus grand danger Malt l’Allemagne ne gagnera pas la guerre... Washingt",https://acikerisim.tbmm.gov.tr/handle/11543/4338
Beyoğlu (Fransızca gazete),0506_1940_0012.pdf.txt,karacabey,"rv.enneot auı mı- nistere de l’interieur du vilayet de Mani­ sa |es deplaeements de terram qut s e- tai’ent manifestes l’annee derniere a Gör­ des, ont repris un caractere tres alar- , mant â la süite des nouvelles pluıes r D’ordre du vali de Munısa, M. Faik Lö3 coTinunications sont râtablias entre Karacabey et K ir m a sti Bursa, 30. (Du «Vatan»).— Les Com­ munications ont pa fitre retab’ies entre Daracabcy et Kirmesti. Une premiere Türel, les mesures necessaires ont ete prises pour le transferi de la populatıon des zones menacees. , . Par süite des violentes pluıes, le pon. de 200 metres de long sur la rıvıere Kumçayi a ete emporte. Ankara, 30 A. A.—La G. A. N. s’eıt reunie aujourd’hui sous la pres",https://acikerisim.tbmm.gov.tr/handle/11543/4338
Beyoğlu (Fransızca gazete),0506_1941_0001.pdf.txt,"abattoir,betail","rniers se reunissent en effet chaq»e annee ce jour aa mont Arapat, â la Mecque. Je erois que les beliers sont aassi stoîques dans le problöme de la mort que les courageux lonps d’Alfred d® Vigny. Les beliers sont, sembla-t-il, m@in» ombra- geux que les bufflea qni refusent, par- fois, de mourir a l’abattoir au moment oû ils sont en train d’etr® igorges. Les be­ liers ne se difendent pas si opiniâtre- betail ®n fonetion do eeux d*, bâtail vivant. A les en eroire, aala rait pour eux une şort® da catastrophç. L’abomiuation de la d®solati®u... Naus veudrions que l’u» das faaction- aaires uompetenls â la Muuicipalit®, ®4«i «onduiseöt les discussiöua ava® Us ddîl- des b®uchers, leur ti®a»a ca lang-a- î® :",https://acikerisim.tbmm.gov.tr/handle/11543/4338
Beyoğlu (Fransızca gazete),0506_1941_0001.pdf.txt,cheptel,"Le ca- boteur norvegien Snyg a saate sur une mine pres de Naugesund. L’equipage a âte sauve. VlA Les loups en Espagne Madrid, 11.-A.A.-Stefani— Des bandes do loups affames descendirent des mon- tagnes et attaquerent les villages dans les campagnes d’Orens?., en Galice, fai- sant des degâts parmi İe cheptel. Les paysans ont organise des battues. Les relations t6lâgraphiquas entre l’Allemagne et les territoires occupâs Berlin, 11.-A. A.-Stefani— Le ministere des postes communique que es relations t61egrapkiques entre le Reicb et les regions occupees de France et de Bel- gique sont retablies, avec certaines li- mitations. L» «entenaire des P T. T. (Süite de la 2me page) La def«renc« uxtr$sas moatree a",https://acikerisim.tbmm.gov.tr/handle/11543/4338
Beyoğlu (Fransızca gazete),0506_1941_0001.pdf.txt,"abattoirs,betail","divisions al- •emandes sont-elles concentrees a la fron­ tiere de Roumanie, si tant est que les nouvelles a cet egard Examinons, du point phique et du point de :otnment et contre qui eentrees en Roumanie utilisees : La Municipalite compte construire egalement cette annee une route condui- sant aux abattoirs le long de la Corne d’Or. Elle passera par Kasimpaşa-Hasköy- Halicioğ-lu et presentera une reduetion de 25 km. par rapport â la route ac- tuellement existante et qui fait un gi- gantesque detour par delâ Şişli et l’hö- question au cours de jourd’hui. D’ailleurs, les prix de recoınmence â hausser. la Bourse du betail, de la viande <31 ils depassentjj 3 â 4 pstr. kg. ceux d’il y a huit jours. attri",https://acikerisim.tbmm.gov.tr/handle/11543/4338
Beyoğlu (Fransızca gazete),0506_1941_0001.pdf.txt,"abattoirs,betail","ara, c’est-a-dire celle d’une mesure de diversion, pour tremper l’Angleterre. Mais ies evene- menıs sont si compliques que le plus sage est d’aitendre... .Suivant une statistique dressee par la direction des Services de l’Econoıni^ â la Municipalite, ii a etabli que le nom­ bre des petites teles de betail abattus en nötre ville, aux abattoirs de Kara- gaç, durant l’annee 1940, atteint 822.501. On leur a appose un sceau bien. Pendant le meme periode, on a abattu 8.839 ehevres, auxquelles on a applique reglementairement un sceau rouge. Ceia represente une moyenne de 20 ehevres par jour. Comme il y a 600 boucheries en nötre ville, ii est impossible que tou­ tes aient reçu de la viande de ehevres. La",https://acikerisim.tbmm.gov.tr/handle/11543/4338
Beyoğlu (Fransızca gazete),0506_1941_0002.pdf.txt,haras,"articles de premiere necessite et des denrees, il a falla apporter quelqnet augmentations indispensables au chapitft des appointements et salaires. En it- vanehe, toutes les reduetions possibles ont ete apportees aux autres chapitres. Un don du prince Said Halim Le prince Said Halini a fait don aox haras de la Ville d’un certain ı.ombrt d’etalons de race, de son ecurie parti- culiere. L’Assemblee municipale a pr» aete de ce geste avec satisfaction. L’ENSEIGNEMENT Les secours aux âcoliers indigents i L’Association poar les seeours aax i ecoliers indigents s’est assure les moyens d’etendre son assistanoe a encore 601budget des recettes du Vilayet qui d’âtre scumis par le Vali â 1’ As-enfants uecess",https://acikerisim.tbmm.gov.tr/handle/11543/4338
Beyoğlu (Fransızca gazete),0506_1941_0002.pdf.txt,"abattoirs,betail","-e et quelques- a’arriveııt â âtre mises â execution. Eh möaae temps, o» a vivement insiste aupres de la Chambre des representants qui e» est au secoad jour de la diseus- sioa du projet, pour que le votedefinitive intervi.-»>e sans faute vendredi soir. anes des phases ies plus importantes de •re d. betail aux abattoirs, o. ne fait H» bataille se d^rooleront sur mer. Mais •trer en ligne de eompte que la moitie'11 «’9t« de L°™es ra,5ons P0Hr Un avertissement ? Londres, 6. A. A. — B. B. C. Hier, tandis que le cabinet de etait en seance extraordinaire, la de Stuttgart s’est adressee en ces au peuple françaîs : < Vous devez collaborer avec Vichjr radio tercnes l’Alle- 11 poids de I’animal vivant. t con",https://acikerisim.tbmm.gov.tr/handle/11543/4338
Beyoğlu (Fransızca gazete),0506_1941_0002.pdf.txt,cheptel,"informations qui parviennent des provinces. 9e milliers d’oliviers, d’a- mandlers et d’autres arbrc-s ont ete de- raciae'. II y aurait une centaine de morts presque tous emportes par les eaux du Tage. Seulement dans la bourgade de Sesimbra pres de Lisbonne 300 bateaux de peehe ont fait naufrage. Le cheptel eut a souffrir enormement. L’arseaal d’Alfete a ete endommage. Les oaux cmporterent de grosses çuantites de vivres et de materiel qui se trouvaient dans les depots le longduTage. Dememe l’île de Madere a ete devast.ee et les pertes de bananiers et de canne â sucre se montent â une dizaine de millions d’eseudos. On travaille â retablir «unications telegraphiques et niques. les com- telepho- Le gou",https://acikerisim.tbmm.gov.tr/handle/11543/4338
Beyoğlu (Fransızca gazete),0506_1941_0002.pdf.txt,"abattoirs,betail","e viar.de. Mais les pris du betail ont continue â haıısser. C’est alors qu’apres avoir demande J’avis du ministere,on a decide de fixer ub prix maximum sur la viande. Or, on signale aux int'eresses que cer- tains grossistes ont telegraphie en pro- vinee pour ordonner de faire suspen- dre l’envoi de betail, dans un but de speculation evident. Immediatement des instruetions ont ete transmises aux cen- i tres de produetion afin qu’une enqufete ! soit entreprise â cet egard. D’autre part, on a constate que les abattages ont lieu depuis deux ou trois jours aux abattoirs et une enquete a ete or- donnee â cet egard, egalement. Leg partements autorises attribuent â Ja qu tion toute l’iraportance qu’elle m",https://acikerisim.tbmm.gov.tr/handle/11543/4338
Beyoğlu (Fransızca gazete),0506_1941_0002.pdf.txt,"betail,fourrages","ee qui şerait la eausa de teut le mal. Les orgaaibi.’ioas officielles ehargees de contröler les prix du ble s’emploiont â cor.eilier ces affirmalions contradict i res. Or, la que£tion de la vianda est-ellc fonetion des agissements d’une poignee de bouchers de quartii3r el: de queiques negociants &n betail ? N’y a-t-il pas d’autres facteurs determinanta qui inter-1 viennent en l’occurrenc® ? Voici avons recueillis â ce sources; Une pîaie La question de la celles qui ont surgi bon signe. Elle coi'BCİde generaleusent avee les periodes oû il y a disette de eereales et de fourrages, seeheresse et aulres cala- mite semblables. Ainsi, la baisse la plus considerabl® du prix de la viande a ele erregistree",https://acikerisim.tbmm.gov.tr/handle/11543/4338
Beyoğlu (Fransızca gazete),0506_1941_0002.pdf.txt,"abattoirs,betail,pâturages","de gros calibre. En Mediteı ranee, des avions des de CommuniguĞ allemand la guerre au ccrrımerce mariti-। eembat ont touche avec des bombes de calibre moyen un petit vaisseau de guerre et un grand navire marehand. ils ont bombarde aussi les installa­ tions du port de Benghazi. tous les arrivages de betail et da viande i de boucherie et ce n’est qu’apres que i les besoins des institutions officielles avaient ete assures que l’on livrait le reste pour les besoins du publie. 11 arrivait souvent que, de ee fait, la populaiion fut privee de viande. Les pâturages ont fait defaut de tout temps, aux environs d’Istanbul. II fallait done diriger immediatement sur les abattoirs de Yediktik le betail vivant q",https://acikerisim.tbmm.gov.tr/handle/11543/4338
Beyoğlu (Fransızca gazete),0506_1941_0002.pdf.txt,"betail,fourrages","ue <kebap«i> d’Istanbul sont redevables la renommee dont ils jonissaient. Depuis 1912-13... ex- les de Aprâs qte les provinces de Roumelie eussent ete d£tachees de l’empireja ville a commence â £tre Iribvtaire, pour sen ravitaillement des provinces d’Anatolie et surtout des vilayet» orien- taux. Le betail, qui subit une traversçe de plusieurs jours, en bateau, sans soir.s, nous parvient affaibli. Et fante de pâtu- rage, oû le betail aurait pu gagner du poids, on est con^raint de le parquer dans des etables oû on le nourrit de! fourrages secs. Souvent aussi, on l’abat tout de süite. Les facteurs qui empeehent la nausse Nous venons d’enumerer jusqıı’ici les facteurs determinanta de la cheı te de la",https://acikerisim.tbmm.gov.tr/handle/11543/4338
Beyoğlu (Fransızca gazete),0506_1941_0003.pdf.txt,"fourrag,fourragas","teyin Avai ecriî: îans 1’41^3.71: La loi pour İa proteetioa nationale co irere etendir agricoi meni, ,ıı gouvernement m vııe d’accroître a directemsnt la production. hs pouvoirs la production est autorise entrepreadre En luttant a constate De ee nombre sont les mesures tendaat â reduire le prix des fourragas, eelles qıi viseat â raodifier la naurritura dı betaii, ete... Suivant les resultats des reeonteî etudes faites par l’institut Ag i- cole d’Ankara, il eonvient aa effat de modifier le regime de tail de boacherie. 11 a la paille ae eonstitus noıırritare du bâ ete constate qu: pis an fourrag? contre la s.pâculation, oa maiutes fois qaa cette aerion ne don-' , ■ nait pas les multats voulus si elle e",https://acikerisim.tbmm.gov.tr/handle/11543/4338
Beyoğlu (Fransızca gazete),0506_1941_0004.pdf.txt,"betail,veaux","adre de l’accord que les quantites suivantes seront livrees dans le courant d’une annee par la zone oceupee â la zone non-occupee: 800.000 tonnes de ble, 200.000 tonnes de sucre, 100.000 tonnes de son, 800.000 tonnes de pommes de terre, et la zone libre en- verra â la zone occupee: 190.000 tetes de betail, 563.000 tetes de petit 600.000 porcs et veaux, 36.000 d’huile de table, 100.900 tonnes 60.000 tonnes de legumes frais, betail, tonnes de sel, 80*000 tonnes de fromage et 17 millions d’hee- tolitres de vin. On s’attend a ce que des aceords ana- logues seront concius dans les autres domaines. Les Etats-Unis cederont des vivres contre les navires marchands raments artistiqııes opposes. On dirait qu",https://acikerisim.tbmm.gov.tr/handle/11543/4338
Beyoğlu (Fransızca gazete),0506_1941_0004.pdf.txt,"fourrage,vache","utilisation de«« bonnes volontes. Mme Lûtfi Kirdar President M. Reşat M i m ar oğlu, et ı membres du Conseil d’administration Parti siegent au sein de deı ı dı ce eomite, La premiere reunion en aura Üen jourd’hui. Le prix du lait va hausser Les laitiers, invoquant la hausse a». i- prix du son et du fourrage, ont demandi une augmentation des prix du lait. Commission pour le Contröie des a examine cette demarehe. II a ete constate â cette occasionrçıt le kg. de lait de vache, tous frais «on* ivi 1 ire ’ barı :s a. Des ınt aintı ınne oules ires Le prit ale, de Dunkerque egalement avait ete lument justifiee du point de vue defense de l’Angleterre. Le grand Atatürk avait dit : secret de faire de grandes",https://acikerisim.tbmm.gov.tr/handle/11543/4338
Beyoğlu (Fransızca gazete),0506_1941_0007.pdf.txt,karacabey,"zones de consommation du existe des stock» considerables. mais il Par la nouvelle decision de la Commission de ainsi que les Kaza de Balye, Manyas, Bürhaye, Gönen, Sandirgi et Susirlik ; les «Kazı» de Hiodenk, Karasu et Kan- dira dans le vilayet de Kocali ; le «Kaza» Central et İes «Kaza» d’Inegöl, Karacabey, M. Kemalpaşa. La recOlte â |lğdir est bonne İzmir, 8. A. A.— On acommence ici les travaux de la moisson. Cette annee la recolte de ble et d’orge, dans nötre region, sera tres superieurs â celle de İ’annee derniere au point de vue de la (süite de la İre page) auxquels le bloeus maritime ou terrestre de grands pays exposo non seulement les armees combattantes mais aussi les po- puiations civiles;",https://acikerisim.tbmm.gov.tr/handle/11543/4338
Beyoğlu (Fransızca gazete),0506_1941_0008.pdf.txt,"taureau,taureaux","t en soulignant que la decision prise pour le rapatriement des troupes françaises loyales suivant l’ac- cord de respeetee. Saint-Jean-d’Acre şerait Le chef « gaulliste » presse maintenant ccs troupes de passer au service de la dissidence. Afficionados... Saragosse, 17 AA. — Afi. — Dans ia course de taureaux â Saragosse deux spectacteurs descendirent dans Parene et munis de capes, ils voulurect participer â la corrida. Us furent grievement bles- ses par le meme taureau et furent trans- portes â İ’höpital. Leur etat est deses- pere. L’un est âge de 17, l’autre de 54 ans. DEUTSCHE OR8ENTBANK FILIALE CER DR ES DN ER BANK Istanbul-Galata Istanbul-Bahç?îk-p i İzmir EN’ EGYPTE : filiales de la DK1 SDNER BA",https://acikerisim.tbmm.gov.tr/handle/11543/4338
Beyoğlu (Fransızca gazete),0506_1941_0009.pdf.txt,"abattoirs,betail,elevage","as le nomme Muhit- hin, qui vient de cemparaître devant le troisieme tribunal penal de paix charge d’iastruire les fla- grants delits, sous l’inculpation de vol, C’est! uı homme de taille moyenne, blond, yeux bleus, LJn fonetionnaire du Bureau de Con­ tröle se trove depuis hier en perma- n«*nce aux abattoirs oû il contröle les abattages. La question du prix de la virnde a ete egalement examinee au cours d’un® reunion qui s’est t -nue au : iege de l’ad- ministration des abattoirs, avec la par- ticipation des presidents des Chambres de Commerce de Diyarbakir et d’Erzu- rıiffi, grands centres d’elevage et d’em- barquem?nt de betail, de directeur de la zone commerciale d’Istanbul, M. Necmettin Meşe et du",https://acikerisim.tbmm.gov.tr/handle/11543/4338
Beyoğlu (Fransızca gazete),0506_1941_0010.pdf.txt,"fourrages,pâturages","rre a perdu l’aspect terrifiant qu’elle presentait au debut. Maintenant les Russes agisseot avec beaucoup de reso- lution. Certes, c’est le devoir du porte- parole sonvi£tique de s’cxprimer ainsi. Mais a’etait lâ egalement son devoir, il y a quelqueı jours, et il ne le faisait defaut tout comme les fourrages. II impossible d’utiliser les pâturages est en plein air, apres les premieres neiges. Pour toutes ces raisons les eleveurs sont du congres de la section le Direklerasl du Parti Republicain du Peuple. Plu* sieurs orateurs, relevant que le Theâtre Franşais n’est pas la proprietö du Theâ­ tre de la Ville ont preconise de lauer plutöt peur la sectioD de comedie, att local â İstanbul. Ce voeu a ele co",https://acikerisim.tbmm.gov.tr/handle/11543/4338
Beyoğlu (Fransızca gazete),0506_1941_0010.pdf.txt,"betail,fourrages","sortie des cine- mas. La viande abondante ? Tandis que ces jours derniers on est â court de viande â İstanbul, les envois de moutons, en beaucoup de centres d’Anatolie â destination de nötre ville ont ete accrus. Ainsi que nous le di- sions hier, l’arrivee des premiers froids et la rarefaclion des fourrages induisent les elevems â diriger le plus possible de betail vers les marehes de consomma- tion. Avant-hier 2000 moutons sent arıives en nötre ville. Gıâce aux mesures prises toutefois, il inserit dans ses livres uu nombre dc sacs confcrme â celui qu’il a reçu, il est fort difficile de contröler la fraude. II a ete decide d’intensifier les poursuites contre ce genre de tran­ sactions. Normalement o",https://acikerisim.tbmm.gov.tr/handle/11543/4338
Beyoğlu (Fransızca gazete),0506_1941_0010.pdf.txt,"betail,vache","aux fontaines de la Science... II a avoue avoir vole dejâ de cette façon 9 paletots et il a indiquc les fripiers du maıcl quels il les avait cedea 0n a posseasion de son iriste butin aux-puces aul* <jüi a ete restitue Tarik a ete incuîpe non stul-ment de vol mais aussi de faux et usage de faux. LA VACHE SAVANTS Le plaignant a la tete bandee. C’est â peins »i les deux yeux et la bouche «pparaissent suus un monceau de coton retenu par drsiinges blaucs — J’avais vu une vach--, expl que-t il devant le tribunal, ch* z le marchaod de betail que voici* Comıne je tende!» la m ıin de İa vachabeıe pour sa den ition, ouvrit aussilot la gueule et me presenta une double rangee de dents blanches. Ce!a me surp",https://acikerisim.tbmm.gov.tr/handle/11543/4338
Beyoğlu (Fransızca gazete),0506_1941_0011.pdf.txt,"betail,fourrages","que, surtout quartiers de la sont les familles Peripherie, qui ne sont nees â l’âlectricite et qui dans les nombreuses pas abon- s’eclairent troupeaux soit en raison de la hausje sensible du prix des peaux, soit parce que l’approche de l’hiver po»e des pro­ bleme» difficiles en ce qtıi a Irait auj fourrages necessaires â la consommatioı; du betail. D’lzmir, on annonce que, dans ce vila­ yet ega.ement, on se ressent de Pinsul- fisauce de ia viande. 11 faut tenir compte du fait que, pat süite du mauvais temps, les transporb rencontrent certaines difficultes, ce qui tnflue naturelhment sur le prix de vient du betail de boucherie. re- La direetion de l’Ecole superieure ğîs ingenieurs s’est adressee â la",https://acikerisim.tbmm.gov.tr/handle/11543/4338
Beyoğlu (Fransızca gazete),0506_1941_0011.pdf.txt,"abattoir,abattoirs,betail","cette de­ cision. idle estime que la salle se trouvant au-dessons etant vide et n’ayant aucune ateliers de Silahtaraga et de Şişli reçoit en outre de !a nourriture cbaude, â di, qui lui est servie egalement tuitement. Le bötail malade 11 arrive qu’apres avoir abattu le mi» gra- be. tail conduit â l’abattoir de Karagaç, Oik constate que certaines des bete» < yees pour etre £quarries presentent symptomes de maiadies qui n’ont envo- pu dtre discernes lors de l’examen quel on procede avant l’abattage. cours du mois ecoule, on a detruit, abattoirs meme, 442 kg. de viande pat au* Au aux de betail se trouvant dans ce cas. Le con- seil Municipa! a decide la restitution, aux proprietaires de ces betes, des f",https://acikerisim.tbmm.gov.tr/handle/11543/4338
Beyoğlu (Fransızca gazete),0506_1941_0012.pdf.txt,"betail,fourrage,vaches","portations. Lemomrnt vint toutefois oû le gouver- nemeot, tout en sorgeant â sauvegarder les justes interets des producteurs, es- tima ne pouvoir se desinteresser du şort des populations pauvres des grandes villes, pour qui le pain est l’aliment es- sentiel. Et il a enraye la hausse de son prix. Le fourrage pour les vaches L’Association des Producteurs de Lait de nötre ville a fait une demarehe au- pres du ministere du Commerce pour protester contre le fait qu’en depit de l’a- bondance â İstanbul meme et dans le reste du pays des graines servant â l’alimen- tation d«j betail, l’Office des Produits de la Terre ne livre pas en quantite suffisante le melange de farine et de son qui sert de nourriture a",https://acikerisim.tbmm.gov.tr/handle/11543/4338
Beyoğlu (Fransızca gazete),0506_1942_0001.pdf.txt,cheptel,"Tchounking Tchoungking, 8-A.A.— On anot officiellement qu’un conseil consul fut constitué à Tchoungking. Ce ( seil comprendra les représentants de sieurs nations et sera présiié par lq nistre de l’information chinois. Del1 seils analogaes seront constitués in samment à Londres et à Wsshingtos ' Le cheptel nationi Du Radio-Joureal d’Aakara : En1 ! tu d’une décision du comité de ee9 Uatioa qui ’era publiée demsin (auj: d’hui) il sera interdit de vendre, d •' ter ou d'abattre les bifflss, et b*1 servant somme animaux de trait moins de-10 ans (y compris la dit' année) et les vach-s et bufflesse* moins de 8 ans (la 8àm» année y * prise). Sette importante décision accroître la production agricole en I ,",https://acikerisim.tbmm.gov.tr/handle/11543/4338
Beyoğlu (Fransızca gazete),0506_1942_0001.pdf.txt,cheptel,"«beyanamé»Ia quantité exacte de sucre détenue par eux,—c’est à-dire que des perquisitions seront opé- rées aux endroits jugés utiles — et » outre ils seront passibles de poursuite judiciaires. LA MUNICIPALITE h’a battage des agneaux sera interdit ôn sait qu'eu vue d’empêcher un «p. pauvrissement du cheptel d’animaux de trait et de bêtes laitières, le gouverne­ ment avait interdit d’abattre ies beeuh, buffles et bufflasses de dix ans. G: annonce qu’une décision prohibant éga­ lement l’abattage des agneaux sera prist ces jours-ci. Il sera interdit ainsi d’ia- moler ies moutons de moins de 10 kg, A la faveur de cette disposition, le cheptel ovin se développera très rapi­ dement dans le pays. La viande",https://acikerisim.tbmm.gov.tr/handle/11543/4338
Beyoğlu (Fransızca gazete),0506_1942_0002.pdf.txt,"abattoirs,betail","e cas oû les e celeb » ne feraient ang aises ent ete, en Libye, de 18.000 egorger aujourd’hıi horntnes, il faut admettre que c’est bien |e Vilayet lâ un chiffre minimum. Pour ce qui est fpnrrages et, si de l’affirmation suivant laquelle, cette fois, on n’a guere atilise plus de 45.000 expediera aux abattoirs. hor mes en Afrique du Nord elle est en ■ pas anisi leur betail, ne leur fournira plus de doutiez, dit-il, aux indigenes autour de lui, q’ie man force ds percer cet arbre ; Hollande, tout aussi cette mesure demeure i inefficace, il saisira les moutons et les’ île ! >. Le fort ı Vlaardingjn Maca'Ssr. I quand elle facilement rassembles ment i’ennemi alors qu’il se diplaçai bras eût la ;vers l’est d",https://acikerisim.tbmm.gov.tr/handle/11543/4338
Beyoğlu (Fransızca gazete),0506_1942_0002.pdf.txt,"abattoirs,betail","!que temps en Allemagne, est rentre hier en nötre ville. Les artivages de eombustibles Le vapeur Adara a apporte avant- hier, en nötre port, 1.10© tonıaes de eharbon de Zonguldak. Ce combustible aujourd’hui la dsrniûre reunion de s, session de fevrier. Le prix de la viands D’abondants arrivage-* ds betail ğ boucherie ont eu lieu de la mer Noir( Toutefoiş, les gronsistes n’ont livre q8 fort peu de betail, ces jours dermen aux abattoirs. On apprend, d’autre parı qu’ils ont telegraphie a İeurs c©rrespoB dants, en province, pour leur recomnıis der de suspendre les envois ultârieurs. | est evident que l’on se trouve en sence d’une nouvelle manoeuvre de pre ce, a ete immediatemeat diriğe sur eentres de",https://acikerisim.tbmm.gov.tr/handle/11543/4338
Beyoğlu (Fransızca gazete),0506_1942_0003.pdf.txt,"pâturages,élevage","s solitudes, les chaleurs terri- est aujourd’hui dans la première ligne de ble, les vents sahariens. la bataille de L’élevage Le centre de l’Australie rappelle en effet le Sahara par l’aridité, le ciel tor­ ride, et l’immensité des déserts. Les principales sources de la richesse australienne sont l’élevage, la culture du blé, l’exploitation des mines. Mais c’est surtout l’élévage qui compte étant donné que, suivant ce que l’on a vu plus haut, des raisons d’ordre climatéri­ que limitent l’agriculture aux bandes du littoral, plus humides, alors que l’inté­ rieur, aride et tout en steppes, est ada­ pté par conséquent aux pâturages d’im­ menses troupeaux d’aaimaux ovins et, dans les zones plus favorabl",https://acikerisim.tbmm.gov.tr/handle/11543/4338
Beyoğlu (Fransızca gazete),0506_1942_0003.pdf.txt,"bovins,bétail","oncé, a coulé eu 10 minutes. Deux des membres de son équipage ont laitages, peaux, dépassent à eox seuls la valeur des produits agricoles et miniers mis ensemble. L’Australie figure en tant j que principal producteur de laine au! monde entier. On comptait en 1938, en Australie, lll.n58.00u têtes de bétail ovin, 12.862.000 de bovins, 1.742.000 chevaux, 1.154.000 de porcs, 84.600 chèvres 4 360 chameaux. En 1939-40 la de la cô'e des Etats-Unis: 26 survivants ont été débarqués dans deux ports de l’Atlantique. Washington, 16. A.A.~ La marias de guerre annonce qu’un grand pétre* lier américain a été torpillé au large des Etats-Unis, dans l’Atlantiqee. 26 survivants ont été sauvés. production des laines",https://acikerisim.tbmm.gov.tr/handle/11543/4338
Beyoğlu (Fransızca gazete),0506_1942_0003.pdf.txt,"vache,vaches","riote, qui a fait récemment un voyage aux Indes, a rapporté ce qui j suit : | Les bouddhistes considèrent la vache j comme un animal sacré et l’entourent de beaucoup d’égards. Cette superstition est fille d’une nécessité. Pour les Indes, qui sont perpétuellement exposées au danger de sécheresse, la vache est effec­ tivement un animal providentiel. 11 est dans l’intérêt des mnsulmans d’apprécier cette vérité et d’agir en conséquence. Au lien de cela, les hooa» fanatiques incitent leurs ©cailles, à tout propos et hors de propos, à immoler les vaches. Je leur ai demandé pourquoi ils agissaient ainsi. — Que voulez vons, m’ont-ils dit Faute de pouvoir réaliser chacun pour son compte l’obligation d’ina",https://acikerisim.tbmm.gov.tr/handle/11543/4338
Beyoğlu (Fransızca gazete),0506_1942_0003.pdf.txt,"abattoirs,boeuf","les actuel­ les. Le texte de la conférence de M. Re- şid Saffet Atabinen est suivi par les commentaires de la presse turque à pro­ pos du 150e anniversaire de Lamartine, ee qui complète utilement l’intérêt de cette publication. destrou­ ent re- des atta- secteurs a poursui- eours de à nn autre. Aux abattoirs, les moutons sont ven l’Inde qui n’est pas une nation, mais un dus, vivants; à 72 pts. le kg. lis de- pts. le kg.vraient être, au détail, à 140 Pratiquement, le mouton est dans toutes les boucheries de inexistant Beyoğlu. groupe de nation?, qui n’est pas un pays mais un Continent. Souhaitons que les On n’y trouve guère que de l’agneau et du boeuf. Les intéressés ont été avisés de ce résultats en",https://acikerisim.tbmm.gov.tr/handle/11543/4338
Beyoğlu (Fransızca gazete),0506_1942_0004.pdf.txt,"abattoirs,boeuf,boeufs","ivages etaient â peu pres suspendus. On a supprime le prix ıaaxiraam sur la viande de mouton ; les arrivages se sont accrus dans la meme propor- tion,mais les prix demeurent eleves ! Veux-on queîques chiffres ? Avant- hier, on a abattu 31 moutons « kara­ man », 109 “ kivircık » 2.038 agneaux et 234 boeufs aux abattoirs de Kara- gaç. Le « kivircik » est vandu, vivant, a 72 piastres le kg.; au detail, 170ptrs ; le karaman » 68 piastres, au detail 155 piastres ; l’agneau entre 70 et 125 piastres vivant et entre 120 â 180 piastres au detail. Quant au boeuf coûle 100 piastres vivant et 145 m' au detail. k'! Ces prix sont exceasifs. Uu fait qui s’esr pass6 ces jourı dernier sıjffii â le demontrer. Qurlq",https://acikerisim.tbmm.gov.tr/handle/11543/4338
Beyoğlu (Fransızca gazete),0506_1942_0004.pdf.txt,"betail,boeufs","ehevre en guise de mouton — -------- sub- Mais on n’est pas parvenu, depuiı des an- n6es, a venir â bout de ces grossistes. J_es grossistes, voilâ l’ennemi Voici rn quoi consiste leur role : Les entrepreneurs qui amenent les trou- peanx en nötre ville, ou « celep ne sont pas disposes â vendre leur' betail aux detaillants par groupes de 2 ou 3 tetes â la fois ; ils veulent se d6barras- ser en gros de leurs moutons ou de leurs boeufs et repartir. qo.i vaut 80 pst. peut etre ‘ vendue 150 pts. Evidemmen t, les bouchers recourent— . »--------- --------------- «VUVHUU ıcvvuicut ı aussi â ces subterfuges pour leur propre 1 compte, mais c’est surtout pour le compte et au profil du grossiste qu’ils operent",https://acikerisim.tbmm.gov.tr/handle/11543/4338
Beyoğlu (Fransızca gazete),0506_1942_0005.pdf.txt,cheptel,"de guerre construit dans les chan- iiers anglais, le sous-marins Oraç Reis, est arrive aujourd’hui dans le port d’Is- kenderun cû eut lieu la ceremonie du drapeau. L’Oruç Reis a un deplacem-nt de '690 tonnes et est pourvu d’installations moderne*. L’office de distrîbutien * Pour le developpement du cheptel national tout en garantissant l’abondance de la viande de boucherie Ankara, 9 (Radio-Journal). — Les de- 'Cİsions suivantes du Comite de coordi- -natien aerent psbliees d’ici quelques Jours : lo Le conseil des ministres a approuveI les cadres de l’office de distributiosı dont le capital sera do dix usillions de livrea et dont le statut a eti promulgue fin mars. L’office entrera prochainement «n a",https://acikerisim.tbmm.gov.tr/handle/11543/4338
Beyoğlu (Fransızca gazete),0506_1942_0006.pdf.txt,"fourrage,vache,vaches","içe, s’ils exercent effecti­ vement une profession donnant droit â une ration majoıee. LA MUNİCİPALİTE Le rmiracle» de la multiplication... du lait Le® producteurs de lait de nötre ville ont entrepris une dâmarehe aupres du ministere du Commerce en vue d’obte- nir un aeeroissement de la quantite de fourrage allouee quotidiennement â leurs betes. Us affirment que cette quantit6 etant insuffisante, la produetion du 1 ;î s’en ressent. Suivant les declarations des laitiers, e besoin en lait de nötre ville şerait de 50.000 kg. par jour. Or, il y a â ısta.ıbul, 3.521, vaches, 69 bufflesses et 398 brebis laitieres. Dans les couditions actuelles, on n’oblient guere plus de 7 hg- Par jour de chaque vache, 4",https://acikerisim.tbmm.gov.tr/handle/11543/4338
Beyoğlu (Fransızca gazete),0506_1942_0007.pdf.txt,"betail,elevage","ll»!’0^ de Voroneje pour la fabrication du ca*^ chouc syothetique.parmi beaucoup d a® aehevent de donner â la region du le caractere d’une zooe estentiellcfl,g industrielle. villeges de vastes terrains en jachere dont sucriere d’Ukraine. Des minerais le premier venu pouvait prendre posses- sion. Le betail fournissait â l’indolent et Her cosaque les premiers besoins de la vie. La peehe âtait, apres l’elevage, sa principale ressource ; il exportait du poisson et du caviar. Depuis quelque vingt ans, les bases de cette economie patriarcale ont ete modifiees radicalement. La culture a ete intensifiee sur ces terres, notamment ।celle de la betterave qui, dans les re- gions de Kursk et de Voroneje, four-",https://acikerisim.tbmm.gov.tr/handle/11543/4338
Beyoğlu (Fransızca gazete),0506_1942_0008.pdf.txt,"fourrage,fourrages","iron! Faisant allü’icta aux publieations des journaux americains, au sujet do se­ cond front, qui sembleraient constituer pour le lecteur non prevenu, antant de revelations de secrets militaires, M. Abidin Daver note san» se troubler et avec une pointe d’ironie : • Yem borasul C’est la sonnerie aux fourrages que l’on fait retentir aux orelHes de l’armee rouge, de l’U^SS. entiere aux oreilies de ceux qui exigent le «jecond front» tout de süite, avec anxiete et impatience. En attendaut qu'un beau jour, ia poısibilitö soit r6- ellement offerte de creer le »seconı front», c’est-â-dire de donner enfin dı fourrage, on calme les impatiences avec cette sonnerie». Mardi 4 Août 1942b «AM. 2 - 3EYOGLU U£UiSilK&",https://acikerisim.tbmm.gov.tr/handle/11543/4338
Beyoğlu (Fransızca gazete),0506_1942_0008.pdf.txt,haras,"buu^. La presse turgue de ce matin IL1LLJL2İJ1J Amelicration de la race des animaux ou cor- ruption de la race des humains ? L’editorialiste de ce journal rappelle les efforts qui etaient deployes autrefois en vue d’assu- rer des animaux de selle et de trait d l’armee ei d la nation, la creation de haras, ete... Actuellement, tout ce que nous faisons dans ce sena reşide, peut-etre, dans l’or- ganisation des courses de chevaux de Velidendi. Ce qui constitue une façon d’habituer İes humains, sous la forme du parti mutuel, aux jeux de hasard. Le lundi en voyageant sur la ligne, vous n’entendez parler que des courses de la veille, des gains et des pertes de chacun. « Ce pauvre homme, dit on, il avait",https://acikerisim.tbmm.gov.tr/handle/11543/4338
Beyoğlu (Fransızca gazete),0506_1942_0008.pdf.txt,haras,"maire. 11 s’est rendu ensuite en cer­ tains villages de Yildizli et s’est en- tretenıı avec la population. II a espri­ me sa satisfaction aux instituteurs ru- raux pour ies preparatifs accomplis. A son retour nötre Premier ministre a visite la fabrique de ciment, l’atelier de couture militaire, ie haras du vilayet et a pris des renseignetnents du directeur ■de la fabrique de ciment sur les mesu- res relatives â la mise en exploitation ■rapide de cette entreprise. A midi un banquet a ete offart en l’honneur dıı Premier ministre â la fa* brique Paşa. Y assistaient aussi la vali, les commandants et les hauts personna- lites du Parti. Vers la fin du banquet, le president- adjoint de ia municipalite",https://acikerisim.tbmm.gov.tr/handle/11543/4338
Beyoğlu (Fransızca gazete),0506_1942_0008.pdf.txt,"betail,vache","s s’appelait Rum han. M. Rosenberg, que j’ai voulu consulterj â ce propoı, m’a dit : LA BRANCHE DE PEUPLİER Uya devant l’ecole de village de Güzelköy, commune de Nazilli, uııe cour ptantee de pea- pliers. L’administration du village a interdit, a piusieurs reprises, d’y laisser paître en liberte le betail. Seulement, il est des gens qui ne te* naient aucun compte de cette interdietion. L’autre jour, la vache de Salih Sevündekli, que l’on avait neglige de surveiller, vint errer, de son pas lourd, dans la cour en question et, ce qui est plus grave, arracha toute une branehe d’un des peupliers. Un des membres de la famiHe de Şevket Of|u s’empressa d’aller signaler le fait au maire. Ce- lui-ci, indign",https://acikerisim.tbmm.gov.tr/handle/11543/4338
Beyoğlu (Fransızca gazete),0506_1943_0003.pdf.txt,cheptel,"elon des Informa­ tion» de bonne source, les agrîculteurs d’Alg£rie et du Maroc fracçai» sont vi- vement preoccupes par le* prespeetives peu brillanteı qni »’ouvrent a l’agri- culture nord-africaine. Les requisitions effeciuetfi par americaines D’autre ont part, le» antorite» milit ire» t dicime le cheptel. le recrutement for- c6 des indigâues provoque une forte penurie de maİD-d'oeovre. D’immenseı etendues de terrain? fertiles sont aban* donnes. Les iubrifianis et İti carburants pour les tracteurı font aussi defaut. La erişe dans laquelle se debattent le» agriculteurs atteiot aussi ia popula- Rome, 6.- Radio.— Un comım nique vient d’etre publie â Londres concer- naut les negociationı entre İ’Angle",https://acikerisim.tbmm.gov.tr/handle/11543/4338
Beyoğlu (Fransızca gazete),0506_1943_0011.pdf.txt,"veterinaire,veterinaires","fort-Ville, echouait... James pos­ sedait une ecurie pour son propre compte et fouınissait les chevaux aux diplomates anglars.. la pharmacie quı execu,ta t ses ordcnnances etait si tuee pres- du virage de Galata-Saray et appartenair au « potard » Thco- dorides, specialise dans 1 art phaı maceutique veterinaire... H y avait bien le iabnratoire Canzuch, Pnar. macien Brevete de S. M. le Ro- d Angleterre. cependant James, pour le tra tement de ses malades. n’avait con fiance qu’en Theodo.rides, ample ment approvisiorne en produits et specialites veterinaires. M. James avait une liberte d'act.or. qu£, son ambassadeur, ne lim tait que lorsqu’il avait besoin de son equina- ge. Assis sur son s’ege il lui arriv",https://acikerisim.tbmm.gov.tr/handle/11543/4338
Beyoğlu (Fransızca gazete),0506_1943_0011.pdf.txt,"betail,elevage","ais dans d’autres districts egalement, consideres comme les « greniers » du pays, la recolte de cette annee depassa tcutes les pre- vlsicns et est de beaucoup supe- rieure â celle de 1942 oû l’AUe - magne etait obligee de livrer de grandes quantites de cereales, sur tout de l’avoine et de l’orge. L’ELEVAGE Dans les pays eroates l’elevage du betail a, de tout temps, ete tres prospere. La situation actuelle du eheptel ne peut etre precisee, me- me approximativement. Un renoır vellement et une amelioratlon des races ne pourront etre entreprises qu’apres la guerre, quoiqu’on ait plusieurs fois importâ de l’etran- ger des reproducteurs et cree pres de Zagreb une 'erme modele pour l’elevage des volailles",https://acikerisim.tbmm.gov.tr/handle/11543/4338
Beyoğlu (Fransızca gazete),0506_1943_0011.pdf.txt,"bovins,veaux","s pratiques obs- cures transmises de la nuit des temps comme d’accrocher des Chiffons aux arbres, coutume qui d’ailleurs existe en Egypte et peut etre encore dans certaines region:: de la Turquie, comme dans beau­ coup d’autres pays musulmans; de sacrifier des agneaux aux fon "" taines, d’adorer des veaux et au - tres bovins qu’ils identifient avec des « sidi » des saints hommes. Cela pour l’hab.’tat des Druses, leur religion ou ce qui en tienl lieu, qu’il etait necessaire de con’ r.aître avant d’aller vers eux, vers leurs montagnes, leurs villages, de penetrer dans leurs foyers. PASTEURS ET GUERRİERS Au hasard de voyages en Sy­ rie, au Liban en Palestine, il m’a ete donne de prendre contact avec",https://acikerisim.tbmm.gov.tr/handle/11543/4338
Beyoğlu (Fransızca gazete),0506_1943_0012.pdf.txt,"boeuf,bétail","fournies par les écorces du chêne - liège particulièrement abondant dans les forêts avoisinantes, d’Osmani- ye et Yarpug. La fabrique emploie 600 ouvriers. de des conserves de viande La «English Corporation» a en­ gagé des pourparlers pour acheter du «kavurma» (conserves de vian­ de de mouton ou de boeuf). Mais . les exportations de bétail vivant ou. abattu ne pouvant avoir lieu sans l’autorisation expresse du gouvernement, il ne fut donné sui­ te à la demande anglaise. Cependant, une société au capi­ tal de 50.000 Ltqs. a été 'fondée, qui s’occupera de fabriquer ces conserves. Elle procède à des a- chats importants dans les provin­ ces de ’lEst. Dans le cas où le permis d’ex- porler serait accor",https://acikerisim.tbmm.gov.tr/handle/11543/4338
Beyoğlu (Fransızca gazete),0506_1943_0012.pdf.txt,"bétail,fourrage","onomie du pays en ce domaine Helsinki, (Corr. part.) — La i tonnes, déficit couvert par les im- Finlande a toujours été, dans le. per tâtions du Reich. ' domaine de l’approvisionnement a-j limentaire européen, une région, pour ainsi dire, additionnelle. Ef­ fectivement l’importante exporta­ tion de bétail ne pouvait être réa­ lisée que grâce aux grandes im­ portations de fourrage. Mais il faut tout de même reconnaître que les conditions créées par la guerre ont permis à la production agricole de ce pays de réaliser de nouveaux progrès. L’ACCROISSEMENT DES TERRES CULTIVEES Cette transformation s est faite dans le sens de l’indépendance en matière d’approvisionnement. L’é­ levage a nécessairement dû",https://acikerisim.tbmm.gov.tr/handle/11543/4338
Beyoğlu (Fransızca gazete),0506_1943_0012.pdf.txt,"bétail,fourrages","Les re­ présentations répétées de l’agricul ture anglaise, disant qu’il faut s’ 'attendre à une débâcle complète de l’économie boviné, si la politi. que agraire actuelle devait se poursuivre, a incité le ministre de l’Agriculture M. Hudson à an- noncèr immédiatement une répar­ tition renforcée des fourrages. Dans un discours devant le « Council of Agriculture » le mi. nistre 'fit savoir que les rations de fourrages pour les porcs et la volailles seraient doublées à par­ tir du premier janvier. Il a ajou­ té qu’il ne pourrait d’abord ac . corder ce règlement que jusqu'à fin mars. Il ne pouvait à son grand regret mettre à la disposi­ tion d’autres catégories de bétail mois de cette année à 7.863,6 mil",https://acikerisim.tbmm.gov.tr/handle/11543/4338
Beyoğlu (Fransızca gazete),0506_1943_0012.pdf.txt,"bovins,bétail,élevage","tion de plus de 4 milliards de pesetas dans le bilan des presta­ tions espagnoles à l’étranger. Le relèvement du niveau de la vie continue rapidement. des rations renforcées de fourra, ges bien qu'il dut également sou­ ligner la nécessité de conserver et si possible même d’agiandir les effectifs en bovins et moutons. Ceci est important, non seulement dans l'intérêt des besoins inté rieurs, mais aussi pour les expor­ tations sur la base maximum a près la guerre. Il a ajouté, tou. tefois, qu’il pensait seulement à la livraison éventuelle de bétail d'élevage.. Le secrétaire parlementaire du Ministère de l’Alimentation décla­ ra devant les Communes que, tout en faisant le nécessaire pour 'compléter le",https://acikerisim.tbmm.gov.tr/handle/11543/4338
Beyoğlu (Fransızca gazete),0506_1943_0012.pdf.txt,"bovin,élevage","tistiques de tous les établissements d’Etat ou des établissements semi-officiels; il | est absolument nécessaire aussi d’établir un répertoire complet, j des industries privées classées puivat le genre des fabriques et ' de leurs productions. minuée. Une industrie du cuir d’ un pays ayant négligé l’élevage bovin; travaillera avec un prix de revient élevé, et aura des diffi - cultés pendant la période de l’é­ conomie de guerre, dans le cqs où elle se rattache aux matières premières étrangères: QUELQUES । QUESTIONS PRIMORDIALES Certes tout pays qui s’indus - trialise commet des erreurs au début. Cela est naturel mais il faut souhaiter seulement que ces erreurs soient de courte durée, ■et. ne se répèt",https://acikerisim.tbmm.gov.tr/handle/11543/4338
Beyoğlu (Fransızca gazete),0506_1943_0012.pdf.txt,"pâturages,élevage","vil­ lageois. Ceci est une goutte d’eau dans l’océan. Je le répète: L’agri­ culteur turc a un immense be- besoin de terre. UNE EXCELLENTE INITIATIVE Chaque année, 11,5 millions d’ hectares sont ensemencés en Tur quie. Le reste de notre sol soit 44 millions d’hectares, est composé de prairies et de pâturages. Les trois quarts de cette étendue con­ viennent à l’agriculture et dépas­ sent les besoins de l’élevage. Nous avons donc, 26 millions d’hecta res de terre, que nous pouvons consacrer à l’agriculture. Ces terres doivent être repar­ ties entre les Agriculteurs d’une manière profitable. En plus ce partage doit attirer à l’agricul ■ ture, les sans.travail et les per­ sonnes à revenu insuffisant. On",https://acikerisim.tbmm.gov.tr/handle/11543/4338
Beyoğlu (Fransızca gazete),0506_1943_0012.pdf.txt,"boeufs,bétail","Roumanie et la Bulgarie, a- yant adopté plusieurs des princi _ pes économiques allemands, se trouvent dans une situation ana­ logue. QUELQUES DONNEES SUGGESTIVES Incontestablement le résultat le plus utile, obtenu par la réduction de la consommation, c’est de per­ mettre, d’augmenter la quantité du bétail. Cependant depuis quel­ ques années, l’abattage et aug - menté chez nous pour certaines raisons. Les ravages causés par l’hiver de 1941, dans un grand nombre de troupeaux, atteignent 50 % du chiffre des moutons, chèvres, boeufs, chevaux. Ils n’ ont pas pu être atténués d’ailleurs en interdisant l’exportation du bé­ tail.. qui se faisait avant guerre en U. R. S. S., Syrie et Palestine. Suivant les",https://acikerisim.tbmm.gov.tr/handle/11543/4338
Beyoğlu (Fransızca gazete),0506_1943_0012.pdf.txt,"bétail,veaux","bles de provenance américaine ou anglaise, furent introduits dans le pays, par les ports du sud. Pa.mi les importations méri­ tant d’être relevées, de par leur importance, il y a lieu de men. 'donner celles de 50 millions de mètres de cotonnades, des Indes, ainsi que celles de blé, de peaux de gros bétail et de cuir pour se­ melles d'Angleterre. Certes, le chiffre des transactions totales est déficitaire par rapport aux années d’avant.guerre. Toutefois la balance commerciale entre les exportations et lesz importations s’avère favorable. On s’est assu­ ré de l’Allemagne la fourniture de pièces de rechange pour les fabriques nationales et les nou­ veaux établissements qui viennent d’être livrés à l’",https://acikerisim.tbmm.gov.tr/handle/11543/4338
Beyoğlu (Fransızca gazete),0506_1944_0001.pdf.txt,"betail,fourrageres","5 i 12.84 31.4960 Aetions et Obligations Sivas’Erzurum 2.7 Chemins de fer Defense Nationale 7 Defense Nationale 5 % 19.21 19.76 19.47 19.34 Radio-lstanbul Programme pour dimanehe 19h.l5 19h.3O 19A.45 20H.1S 20h.30 ge pour cela de graines de lin at tre la production de cereales et I d’autres plantes fourrageres. İl""-------- j- ~ı------------------------ En outre il faut s’attendre dans I 2 â 3 mois â une grande recolte de mais en Argentine, probable . ment meme une recolte ■ record, et le mais est plus approprie com.- me combustible- et comme fourrı. ge, au: point de vue economique, | que le ble. LES BESOİNS DES ETATS UNİS la consommation, şerait de chım- ger la. situation du betail. II y a que)ques moi",https://acikerisim.tbmm.gov.tr/handle/11543/4338
Beyoğlu (Fransızca gazete),0506_1944_0002.pdf.txt,"betaıl,elevage,vaches","prevus, 113,000 Km. de chaussees de pre­ mier ordre, 24.000 Km. de chaus. eees de second ordre, et 29,000 Km. de routes, se troııverent en voie de construction â la fin de rann.ee. Madrid. — La produetion laitıere de l'Espagne s’eleve actrellement â 2 milliards de litres par an. Alfin d’ameliorer l’elevage du. betaıl, 1’ Espagne importa l’annee passee 1000 vaches hollandaises. New York — Suivant des infor- matiotas de Washington, le gouver- nemtnt des Etats-Unis a aehete jusqu’â present au Canada 2,7 mil. lions de tonnes de ble, afin d’equi- librer le deficit de l’approvisio'nne' ment. NewYork. — A propos de l’infor- mation selon laquelle la « Petro - leıım Corporation » americains eır visage de mo",https://acikerisim.tbmm.gov.tr/handle/11543/4338
Beyoğlu (Fransızca gazete),0506_1944_0002.pdf.txt,"betail,elevage","diterranee ,tels que vin, fruits, olives et legumes, alors que l’inte- rie.ır du pays produit surtout des cereales. L’agriculture peul assurer les besoins de la Syrie et du Lyban ensemble, si toutefois les recoltes ne sont pas abîmees. Seuls le sıtcre et le riz doivent etre im - portes. CEREALES ET BETAIL On cultive en outre une serie İde matiferes premieres industrieT les telles que le coton, le chan vre, la soie et le tabac, en quan- | tites limitees, il est vrai ,mais suf- fisantes tout de meme pour les besoins industriels propres. L'agti- cultute et l'elevage des bestiaux, loul en assurant les besoins du Mangııe de clous hausse sur les prix La place d’Istanbul manque de lot'-s de cönstruetions",https://acikerisim.tbmm.gov.tr/handle/11543/4338
Beyoğlu (Fransızca gazete),0506_1944_0002.pdf.txt,"abattoirs,betail","neces doivent DE Par ailleurs une autre dilegation les Ruartürs. composee des bouchers en gros, a’ viande dle mouton a e'e souleve la question des bs'aoins en bitçe entre 260 et 270 ptrs. de- viande de la ville et des ımesııres â prendre pour l’arrivage du he- tail. Ces vendeurs ont decide de: AUX ABATTOIRS En ce qui concerne les arriva • ne pas acjıeter de betail vivant si;#63 on n0,e un ^-OOO mou la municipalite et les commer - ton® de, 1 An atolle parvenu dans çants demeurent tur leurs posi ■ la journee ;d hier. 2.000 arıt res sont tions. Inttendus pour demain et apres ! demain. avec les autorites interessees une delegation de l'Union se rendra sous peu â Ankara. Notons â ce propos que le Mi­ nis",https://acikerisim.tbmm.gov.tr/handle/11543/4338
Beyoğlu (Fransızca gazete),0506_1944_0002.pdf.txt,"betail,cheptel","ram, me pour pouvoir passer sans en • ' trave de I’economie de guerre â 1’ re. Nou? construirons dans le pays nos avions chargâs de de . fendre la securite de nötr? ciel, dans ce but nous produirons aus­ si Faluminium et les autres me - taux necessaires â cette fab.ica . Pour prevenir les pertes du betail Une importante circulaire du minîstbre de l’Agriculture Les moutons et les ehevres oc- cupent une pllace importante dans le cheptel national. Le ministere de l’Agricultare, prenant ce point en consideration, a etıvoye une cir culaire â ses organisations eu vue de la protection de la saate de ces races de betail, et l'accrois. sement de leur nombre. Cette ci. culaire söuligne q"" ? la nature et les",https://acikerisim.tbmm.gov.tr/handle/11543/4338
Beyoğlu (Fransızca gazete),0506_1944_0002.pdf.txt,"betail,elevage,karacabey","ont ele coııs - m? de tabacs ont ete vendus. Les de 25 ,et de 1Q-ri. par ko. Alors truites. En outre de vastes cul agrı-cıı tcurs detiennent encore ,1ue u ehan^nıent d- tures ont ete faites pou. procu . entre leurs mains 1.500.000 ki _ rer de la nourriture aux etalons. los. , Avec la seetion pour l’elevage des moutons etablie aux harrasj de Karacabey, -cetlte ferme eons - titııera une seconde station pour l’eievage des beliera etalons de F especı merinos. que le changement de prix pour ıgrojs betail est recu.pere par la creation d’une caisse dl’equilibre et n'e peşe pas sur le cortsomma. Sahih ve Umum Neşriyat Müdürü Ömer LUtfl YALVAÇ Basıldığı yer : STAD Matbaası - İstanbul Cağaloğiu, Türbedar sok",https://acikerisim.tbmm.gov.tr/handle/11543/4338
Beyoğlu (Fransızca gazete),0506_1944_0003.pdf.txt,"taureaux,vaches","econdt pa. a sionnel se trouvant â Ceyhan : ge dans son No d ' 24 fevrier 1911. « Quelqi'es carımerçants d’Etili | Ledli! article etait intıtule .« La <tes villages du Hı;;ay proches de Z ]a frontiere syrienne, v tennent les u Kouıs de marche â Adana et â Ceyhan. Ils aehetent un grand 61) nombre de vaches lait'ieres, de „■ jzeaux en bas âge, de jeunes tal.. s reaux. de fcuiffles et de moukons. İ jAıpres quoi ils font traverser en contrdbande la frontiere â ces jeunes taureaux et d’aı.ltres maux susceptibles de deven: ,r ani' des Lutte contre le chomage. - Etablissement d’un fonds cessite peremptoire. surto-ut si l’on vevt les utiliser aux fine de l'irri- Atheııes (Corr. part.) — La pu- conformemen",https://acikerisim.tbmm.gov.tr/handle/11543/4338
Beyoğlu (Fransızca gazete),0506_1944_0003.pdf.txt,"bovide,genisse","es°r»a>s traverser lıbremsnt. le II eut une fille. lo. d’une raviss-ıı.. I Detroit ""I que la so veramete ter. te beaute .Jüpiter s’em'balla d’elle. j 1Ue exercaıt deja. Pressentant la jalousie de son e Nous nous installions dene des pouıe Junon, il la transforma en 1393 aU Bosphore et goût'.ons de. genisse po r deroutsr sa femme. jâ largemeırt â toutes les beaules Celle c; instruite de ce subterfuge aım.lbiantes. Apres la cor.qı-âte de tient â s’approprier de ce jetine,la ville, l’jmportance de ces sites bovide. Jupite. dut acceder au de. Is’accrut notamment. Le fd; de zir de sa douce moitie laq.elle Süleyman le Legislateur, saisl'Ssarıt la recente metamorpho. .COMMENT LES ETATS UNİS c-M-r r İve â",https://acikerisim.tbmm.gov.tr/handle/11543/4338
Beyoğlu (Fransızca gazete),0506_1944_0003.pdf.txt,karacabey,"lisee par la construction de di. gues sur ses deux rives. Le dan. ger d’innondation menaçant cette zone a ete ainsi ecartee. La lon. gueur de ces digues atteint 21 id. lometres. D’autre part le cours de cette riviere a ete deplace â par. I tir du lieu appele Çeltikçi. De cet. te façon la prairie de Karacabey. ! qui atteint 7.500 heeta. es est â l’a. bri des devastations, des inonda. tions, comme celle de 1939 ou des annees que l’ont suivie. Entretemps l’Etat a procede aux travaux d’irrigation de la region de Soussirlik. Un canal a ete creu. se â cet effet pres du vrllage de Durnle. Une autre installation de ces travaux comprend la construc. tion d’un regulateur lequel vient justement d’etre aeheve. P",https://acikerisim.tbmm.gov.tr/handle/11543/4338
Beyoğlu (Fransızca gazete),0506_1944_0003.pdf.txt,"lai̇teri̇es,vaches","e en So6de Seule la Municipalitefest â meme de lui donner une solution La guantite de Iait obtenue des rer comme normal le fait de me. tables disseminees dans les divers langer 30 â 40% d’eau. Mais cet. [uartliers de nefire ville di|Xİnue operation signifie gu’en lieu et l’annee en annee. MANQUE DE VACHES LAİTİERES i' place du Iait on vend partielle. merit de l’eau. Cela constitue escroguerie relevant de la une loi. DES LAİTERİES MUNICIPALES SONT INDISPENSABLES Dans le but de pourvoir aux be. soins de la ville, en fouruissant du commerce d’apres-guerre Constatations rte “La Guerre et la Classe ouvr.ere” ELLE AURA LİEU LE MOİS PROCHAIN Stockholm, ( Corr. part. ) — Malheureusement la guestion ne Cec",https://acikerisim.tbmm.gov.tr/handle/11543/4338
Beyoğlu (Fransızca gazete),0506_1944_0003.pdf.txt,karacabey,"plants de mû_ riers. La repartition s’est faite par re. gioıı oomme süit : 50.000 â İznik 60.000 â İnegöl 5.000 â Soğuk Pinar 5.000 â ia Harmancik 30.000 â Mudaniıa 20.000 â M. Kemal Paşa 20.000 â Gemlik 71.000 â Orhangazi 20.000 â Yenişehir 20.000 â Orhaneli 60.000 â Bursa 6.000 â Imrali 6.000 âl Karacabey 40.000 â Geyve 150.000 â Bilecik et Söğüt 70.000 â Gönen et Manyas. Du Touring et Automobile Club de Turquie En vertu de l'Article 7 des Sta. tuts du Touring et Automobile Club de Turquie reconnu d'utilite pblique, les memlbres qualifies sont pries d’assister â l'Assemblee An. nuelle qui se tiendra, au Halkevi, Tepebaşi, te Samedi 15 Avril 1944, â 3 heures et demie p. m. magne a partacipe l’an de",https://acikerisim.tbmm.gov.tr/handle/11543/4338
Beyoğlu (Fransızca gazete),0506_1944_0004.pdf.txt,haras,"s economiques. Ainsi il fut decide de multiplir le nombre de ce genre de forets. Une commission compo see de specialistes se reunit afin de choisir les terrains propices pour ces plantations. Cet areopage conseilla de se met. tre â l’ceuvre tout d’abord dans les fermes d’Atatürk â Dörtyol, dans les haras de Mercimekli pres d’Adana et dans les marecages de Karataş. H considera aussi comme regions favorables les marais d Akçasaz; dJOva et les terres si. vient en effet progressivement â la sunface pour envahir â nouveau les terres. L'eucalyptus est l’ennemi jure des moustiques. II importe de sa­ voir que ces indesirables bestioles passent les moments les plus chauds de la journee dans les trones et",https://acikerisim.tbmm.gov.tr/handle/11543/4338
Beyoğlu (Fransızca gazete),0506_1944_0004.pdf.txt,"abattoirs,boeufs","dc l’an dernier, il est prevu que la plupart des stockeurs ne pourront pas tenir longtepms leur position. Si les prix Ibaissent encore da. vantage il est possible qu'une mar- ge soit demandee pour les..mar­ ehandises se trouvant dans les depöts. Les animaux de boucherie UNE CERTAİNE CRISE SEV1T AUX ABATTOIRS Des animaux de boucherie ne parvenant pas en grandes quantr tes de l’Anatolie durant ces der. niers jours, l’abattage de moutons a presque entierement cesse. Cependant 2.000 agneaux sont parvenus de la region de Marmara et 300 boeufs ont ete abattus et mis sur le marche. Un arrivage de moutons <le la region d’Erzurum est attendu sous peu. Les nouveaus carnets de pain CONTROLE SEVERE DES BOULANGER",https://acikerisim.tbmm.gov.tr/handle/11543/4338
Beyoğlu (Fransızca gazete),0506_1944_0004.pdf.txt,"betail,elevage","dire 15 en tout — pour. ra etre achevee jusqu'â la fin mai. Le ministere de l’Agriculture s'efforce d’equiper cette organisa. tion, .qui est appelee â rendre de prendront chacune un directeur d' griculture scientifique ainsi que des specialistes pour les champs,|grands Services tant dans le rele. l’elevage de betail, l'horticulture. vement du village que dans le l’industrie agricole et la lutte con. progres agricole du pays en gene- L’or RALENTISSEMENT DANS LES VENTES Hier, les ventes d’or se sont af. faiblies quelque peu. Une Ltq. or a ete cotee 43.80 Ltqs. ; un gram, me d'1 lingot 595 ptrs. et un meçi, diye en argent 215 piastres. tre les pnrasites. i rai, d'un materiel technique Le materiel nece",https://acikerisim.tbmm.gov.tr/handle/11543/4338
Beyoğlu (Fransızca gazete),0506_1944_0004.pdf.txt,"cheptel,veterinaires","rganisee par le commissaire general pour I’E- conomie de guerre, Dr Aladiov, eut üeu ces jours ci Y prirent part les commissaires de l’approvisioır nement. les representauts du mi. nistere de l’Economie et des orga, nisations economiques, ainsi cue les representants de la Faculte d’agronomie et des veterinaires. La question de l’approvisiomıe. ment en viandes fut â l’ordre du jour. VERS UNE, AUGMENTATION DU CHEPTEL Le Dr Aladjov parla des tâches incombant aux autorites compe. tentes en ce qui concerne le ra- vitaillement en viandes et en graisses de l’armee et de la po- trieur et de l’Agriculture,d’amener les maires des Communes â col- laborer d’une maniere efficace, en ce qui concerne la mise â execu-",https://acikerisim.tbmm.gov.tr/handle/11543/4338
Beyoğlu (Fransızca gazete),0506_1944_0004.pdf.txt,"abattoirs,betail,cheptel","a dejâ com­ mence. En Thrace et â Bandırma, Iront pas s’occuper d’autres affai. u Ires que celles inserites sur ce do- grande activite. on enregistre une produetion de Le marche de la viande a com- fromage blanc sur une grande mence â s’ameliorer quelque peu. Cebelle. Un arrivage de 200 nidons Les abattoirs ont montre une pulation çivile. Suivant l’avis des ı expeıts, une solution satisfaisante I n’est possible qu’avec l’augmenta- ; tion du cheptel. Les participants â la conference firent une evahıation des resultats obtenus dans Tele, vage de gros betail et do pores, et y constaterent une augmenta. tion. II a ete decide de maintenir et de mettre en execution les decrets anterieurement emiş et d’enc",https://acikerisim.tbmm.gov.tr/handle/11543/4338
Beyoğlu (Fransızca gazete),0506_1944_0004.pdf.txt,"elevage,veaux","ayant mis fin â la boue qui ans. La plus grande partie de ces empeehait les arrivages de pro- objets sont constitues par diffe- duits du so1 a Adana, on enregis- ................. tre une abondance en örge, ble ct relations commerciales de la Fin. DEVELOPPEMENT DE lande avec l’etranger, les nou- L’ELEVAGE veaux groupements economiques.' En ce qui concerne l’orgapisa- reunis en organisations d’exporta_ i tion anterieure de la pelleterie fin. bie ttanı eııs Det rents articles dejâ demodes. Le ministere du Commerce vient de decider de mettre sur le ı.r.ar. châ cette m-arehandise et d’inter- dire l’importation de nouveaux ar ticles similaires. Cette interdietion a ete portee â la connaissance des nego",https://acikerisim.tbmm.gov.tr/handle/11543/4338
Beyoğlu (Fransızca gazete),0506_1944_0004.pdf.txt,karacabey,"Musee, un musees hittite. II sera installe au local du « bedesten » (Hötel des; ventes) d’Anlkara, qui est une cons i truction datant de l’epcque du Conguerant et qui faisait partie : i qu’elle a accompiie par le degage- ment du Monument d’Auguste. On a restaure â Ankara, en 11943, le « türbe » de Karacabey et, anterieurement, celui de Cenabi Ahmet paşa; ces travaux ont ete texecutes aussi par tes soins du ministere de l’Instruction pııbli- i que. i La Munieipalite d'Aükara a de- l cide de transformer en Musee au grand air et en pare le bain romain i des abords de la Porte de Çarikiri. Nous avons dejâ eu l’occasion de mentionner l’effort accompli en nötre ville par la Societe des Amis d’Istanbul par",https://acikerisim.tbmm.gov.tr/handle/11543/4338
Beyoğlu (Fransızca gazete),0506_1944_0004.pdf.txt,"betail,vaches","ma­ tieres explosives. Le coton trou­ ve encore un emploi dans la soie artifiınielle, la celluloide et la con­ fection des films. Les graines sont riches en huile ; celle • ci, une fois raffinee, peut etre comesti­ ble. On fait du savon avec les (jualites inferieures. Les tour- teaux nourissent le betail et no- tamment les vaches laitieres; ils tiennent lieu aussi d'engrais orga- nigues. Enfin les dechets des grai pes ne vont Pas Aon plus -en püre perte: ils alimentent le feu dans les fabriques d’huile et de sa­ von. RECOLTES ET EXPORTA- TIONS Le coton n’est pas seulement important pour la Turguie parce qu’ilı subvient aux besoins des marehes interieurs ; il constitue d’autre part une precieuse.",https://acikerisim.tbmm.gov.tr/handle/11543/4338
Beyoğlu (Fransızca gazete),0506_1944_0005.pdf.txt,"betail,boeufs,vaches","irgi. UN MERVEILLEUX SPECTACLE Dans la brume matinale, Sin- dingi s’eveille, je suis attire <ers la fenetre de ma chambre don ■ nant sur la campagne par des bruits de sabots, de pietinements, de meıgloments. Au dessous. le long du petit ruisseau bourbeux, riohe en moustiques, se tient le marehe a ı betail. Chevres. mou - tons, vaches, boeufs vigoureux que l’on emmeııera vers les ohamps, si l’on s’accorde sur les prix, pe. tits ânes que l’on charge de bois |ou de sacs de charbon. On discu- te, on marehande âprement. on ( conclut. Je descends en hâte. Ce n’est |pas cela que je suis venu oher eher, mais le bazar » sur la pla. [ce qui dâjâ s’anime. Installe â une table devant le l« çayhane » je degust",https://acikerisim.tbmm.gov.tr/handle/11543/4338
Beyoğlu (Fransızca gazete),0506_1944_0005.pdf.txt,"betail,boeuf","vx chairs fermes. rouges. oranges, bleu . violet, blancs, toute la gamma des lactaires delicieux, des russules charnues que l’on te colte dans les forets. parmi les ai- guilles de pin. L’on va d’un groupe â l’autre. ici, ce sont des .foumres de re- nards, de chats sauvages, de fouines, des peaux de boeuf ou de b.ffle sechâes, coupees en rec • tangles. affectees pour la confec- tion des « çarik ». Lâ. c’est un marehand venu de Demirci qui a etale des fers â cheval, des clous, des faucilles, des cloches pour le betail et voılâ des metiers â tisser, des cruches et des jarres. Mais aucun objet d'artisanat que Ton pourrait emporter, ni cuivre, ni tissus, ni « heybâ ». Je me rabats sur deux clochettcs",https://acikerisim.tbmm.gov.tr/handle/11543/4338
Beyoğlu (Fransızca gazete),0506_1944_0005.pdf.txt,"haras,karacabey","tt mence ses de ment et a n rtâseau ainsi prospe Les L’IMP D’ENI En du det du cor la speı resseeı ner les xe dev Une töt pul ci ser; partie tions. Pour apres iuxe : pent et peau d etoffes cles dr astrakl c ra vat, tal. En < luxe d< ra adr duits t re est Kak BanlDıt lLULLVd.lt LECONOMIE NOUVELLE AUX HARAS DE KARACABEY L’amelioration de la race bovine La lutte contre l’inflation se poursuit en Grece per la pro.Juction dejâ existante, l’experi^hce ayant demontre que la rerıtabilite ne peut augmenter q,’lfe lorsqu’on a atteint un certajn A part le developpement de la race ehevaline, le second but que se proposent les haras de Karaca­ bey consiste â reformer 1'espece bovine. Les efforts deployes dans",https://acikerisim.tbmm.gov.tr/handle/11543/4338
Beyoğlu (Fransızca gazete),0506_1944_0005.pdf.txt,karacabey,"demandee par l’industrie de l’aluminium sue- doise, confirme le fait que cette jeune industrie, dont le develop- pement entraînera necessare- ment une intensificalion de l'em- ploi de forces hydrauliques, est prevue pour une longue duree. surpasse meme du point de vue laitier. Les etablissemenls de Karacabey peuvent se glorifier, des â present. des produits de cet accouplement. LES PLEVNA (RACE GRİSE) Ce sont pour -la plupart des be­ leş de labour; elleş donnent tres peu de lait. Les specialistes s'ever- Athenes (Corr. part.) — II est l’or et l'argent n'existent tout 'simplement pas. Une politique de prix officielle n’est possible que lorsque ch'aque piece de monnaie J.J. cv tuent toutefois â augment",https://acikerisim.tbmm.gov.tr/handle/11543/4338
Beyoğlu (Fransızca gazete),0506_1944_0005.pdf.txt,"betail,haras,taureaux,veterinaire","cabey, est le veterinaire M.LES MONTAFON DEMİ • SANG Saip un ancjen militai- Ils sont le produit du croisementl re ayant fait ses etudes en Aile­ de nötre pays sont plus robustes des taureaux Montafon et des va-lpagııe. Disons en terminant qu’il et plus travailleurs aussi. Quant ehes indigenes. Les haras travail-lexiste aux haras un su.per.be hö- . . _ _ 260 bceufs; or son cadre comporte race produit beaucoup .de lait. Ses 1500 tetes de ce betail. II faut es- autres particularites sont les sui- perer qu’‘etape en etape ce chiffre vantes : les femelles n’engraissent sera atteint. pas outre mesure et elleş son! moins sauvages que celles de ehez nous. Les mâles compares â ceux aux tou,reaux, ils son",https://acikerisim.tbmm.gov.tr/handle/11543/4338
Beyoğlu (Fransızca gazete),0506_1944_0005.pdf.txt,"fourrage,fourrages","sont large- , ment calculees, permettant certai­ nes reduetions, lorsque la situation alimentaire est tendue. Voilâ pour quoi il a ete possible en Allema- gne de maintenir un pourcentage beaucoup plus leleve pendant la guerre, en ce qui concerne les a- meliorations obtenues que la con­ sommation de fourrage. Et il faut Avec 10 millions de tonnes im-1 presen te 380 kg. par tete, contre portees, 130 millions de tonnes e- 340 kg. dans le monde entier (y taient, en temps de paix: â la dis- compris le riz). De ces quantites position du conlinent, ce qui re-'de cereales disponibles, 54 mil- ajouter que les chiffres pour les fourrages allemands etaient dejâ relativement bas en temps de paix parceque l’Alle",https://acikerisim.tbmm.gov.tr/handle/11543/4338
Beyoğlu (Fransızca gazete),0506_1944_0005.pdf.txt,cheptel,"commer­ ce illegal qui se tmanifesta malgre l’administration officielle. tira ce­ pendant un voile lâ.dessus.Ce n’est qu’en Allemagne que l’on reussit â arreter cet etat de choses et de mertre toutes les cereales â quel- ques pourcentages pres, â la dis- position de l’administration. REGRESSİON DU CHEPTEL La diminution du cheplel pro- voqua une limitation de la con­ sommation de viande. Ce £urent les pores qui en pâtirent le plus et les betes â cornes le moins. I! y eut pour cela des raisons. Ce sont les betes â cornes qui produi- se nt le plus de graisse. En 1938-39 elleş produisirent en Allemagne deux fois et demi plus de graisse, que em tini les pores et leur capacite fait de graisse se main- e",https://acikerisim.tbmm.gov.tr/handle/11543/4338
Beyoğlu (Fransızca gazete),0506_1944_0005.pdf.txt,"betail,vache","brieants sont meme obliges dc decolorer les huiles animales avant de les melanger! Depuis le developpement. d’un margarine possedent de plus unjanimal connu sous le nom de va' atout politique de premier ordre : I ehe â double . utilite, quelques l’interet graııdissanl des fermiers! proprietaires de betail nont. pu se qui leurs vendent leurs ımatiercsj decider â quel grouj ils devraient premieres. La raison de cet intârât donner leur appui. A cause du fait naissant est evident lorsque l’on;qu’une vache â double - utilite examine la composition de la mar­ garine. En 1942, par ,xemple. 166.500.000 livres d’huile de grai. ne de coton et 133.300.000 livres d’ huile de soya furent utilisees dans la fabr",https://acikerisim.tbmm.gov.tr/handle/11543/4338
Beyoğlu (Fransızca gazete),0506_1944_0005.pdf.txt,"betail,boeufs",lee par süite d’imprud™ ces. Les Peau feetion des tollettes:..E lftrge Umni re .les na0> justrie de . en ou‘r.e’ ' jans lecon vances. Do details sur matieres u yage et celi (les cuırs. quel La Produ d’apres le < joııctures. r Ses 1933-3 lions de li dre comptı peaux brun les examm' deux aspect petit betail leurs petits tail (boeufs anne.s no.ı ductioıı de fut de 3.634 tations ş'elt annees â 2. soit 4.110 ı tions de pe: lees atteıgn 4 lonnes. Considerı mes annees te pour 50( tail vivant. cette produ fiant et pou aux besoins Etant d possede ’ de plaines en : caractere aj multiplicaıi nous pouvo peaux de ce a l’avenir c nale une ph p-ndant. ccı pretees et < LES ECOLES PRIMAIRES La direcıion de l’Instr,https://acikerisim.tbmm.gov.tr/handle/11543/4338
Beyoğlu (Fransızca gazete),0506_1944_0005.pdf.txt,"betail,boeufs","les pays â l’industrie avancee, cet­ te proportion est pour chaque in- dividu de 2 â 2,5 kg. Ces chiffres revelent l’insuffisance des quanti- tes disponibles ehez nous. PRINCIPALES GUALİTES II şerait utile aussi de passer en revue l’exportation des betes vi- vantes. Dans les annees normales 60.000 boeufs ainsi que leurs pe- tit.s ont ete exportes. En conside­ rant qu’il est abattu 350.000 tetes de gros betail, le lecteur se rendra compte que ces exporıations cons- Itituent le un sixieme de la con­ sommation. II şerait done prıı- dent de garder â l'interieuı du pays les p=aux de ces betes et d’ en expedier la viande sous forme de conserves. La gualite des peaux brutes au point de vue seetur. est p",https://acikerisim.tbmm.gov.tr/handle/11543/4338
Beyoğlu (Fransızca gazete),0506_1944_0005.pdf.txt,"betail,boeufs","es du pays, celle de Bey- jre compte de la situation des koz' a; “ 1935- importe 2.681 ne“i'ux brutes dans le pays, il fautlcon^re ^57 tonnes de peaux mdige- leS examiner separement sous’nes Çlu’elle a e-mployees. D’apres deux aspects differents ; celles duıles rapports des conMr.issions d’e- nPtit betail (moutons, chevres ct tu'*c Oe l’industrie, la produetion leurs petits) et celles du gros be- annuelle est de 350 â 380.000 tan­ tali (boeufs. buffles). Durant les ^’s 9U? 'es fabriques n’en detien- atıneıs r.o..r:tles de 1935-8 la pre- nent 9ue 100.000 pieces. ductio'iı de peaux de petit betail k‘e P°ids moyen des peaux fut de 3.634.000 pieces. Les expor-IŞ-'os betail est de 15 kgs. En tations s’",https://acikerisim.tbmm.gov.tr/handle/11543/4338
Beyoğlu (Fransızca gazete),0506_1944_0005.pdf.txt,"cheptel,elevage","n. les hois qui lui revien . tu n'y i-onges pas! » , (â stııucc* corde.it , 26 Mal 1’44 “ ' ”44 ------- B Y U li Lı ! C|ET£ i eetio-n s, - tondeJ lapital J ıa,r<* ontl 3n et o,»I ıstons ,|j LECONOMİE NOUVELLE de PRl pour Hego, s- nief, fabtiqUts 3n‘establ( ive est ,te •vel eSS1)tL L’AMELİORATİON DU CHEPTEL TURC Bötes de boucherie et de trait pourraient assurer sans conteste des revenus encore plus copieux LA “SEMAİNE DE L’INDUSTRIE” A STOCKHOLM Les themes de brûlante aetualite traites au cours des ses- sions de l'Union industrielle et de l'Association d’exportation IS 11 anıtcJ ’ d'e<lifi61 « Bari); jjveloppemenı obtenu par lif s differents, autres que les ma- vsteme d’elevage en Turquie a ladies p",https://acikerisim.tbmm.gov.tr/handle/11543/4338
Beyoğlu (Fransızca gazete),0506_1944_0005.pdf.txt,"betail,fourrage,veaux","i<Iues' Bref. les me’ 'elle ocr’res prises jusqu’ici ont permis i d’edifjlLtânuer les effets de ces 6pde- t P°urrZjes microbieıınes qui decimaient gauche £ fermes. eront ptI paı:s les contrees oû la medeci- peaux. l’hiver les surprend panfois prematurement. On n'arrive pas â les garer â temps, leur fourrage vient aussi â manquer et toutes ces causes malencontreuses con- tribuent â decimer le betail. L’hi- ver 1940-41. particulierement vi- goureux, a ete des plus meurtriers lait et des-peaux en quantite.su- perieure. Si ces memes disposiıions sont appliquees a la race bovine, les re­ sultats recueillis ssront des plus appreciables. En effet. il faut em- peeher par des lois nouvelles que les veaux de",https://acikerisim.tbmm.gov.tr/handle/11543/4338
Beyoğlu (Fransızca gazete),0506_1944_0005.pdf.txt,"betail,haras","cercles de ses relations et de se rendre comp­ te de İa situation generale en se basant sur les facteurs economi- ques et politiqucs en meme-temps. partie des pays europeens.' De ;Les journaux consacrent â ces ma- serieux devoirs s’imposent done n'festatıons et a ces conferences aux dirigeants des haras pourlde larSes colonnes, sans toutefots multiplier le eheptel. Tant la Science que la, situation econo- mique nous meıtent -d’ailleurs en mesure d’augmenter les produits delivanı du betail. Au retour de la paix, les pays balkaniques, comme par le passe. seront les meilleurs acheteurs de ces arti- cles. Toutefois, l-.ur nombre se trou­ vant reduit. nous serions conse- queTment priveS d’un importan",https://acikerisim.tbmm.gov.tr/handle/11543/4338
Beyoğlu (Fransızca gazete),0506_1944_0005.pdf.txt,"abattoirs,betail","ts de la Sümerbank. L’INAUGURATION Ankara, 26 (A. A.) — L’inaugu tation de l’exposition de la Sümer­ bank devanı avoir lieu demain a ete renvoyee â hindi proehain 29 courant. On apprend que le premier mi­ nistre ouvrira Fexposition en ques-j core ces jours-cı. que seloıı les usages etablis. tout le betail devait etre tue uniquement aux abattoirs. Notons que ces deı- niers jours, une certaine baisse est remarquee dans les prix de la vian- de et notamment de 1’agn.eau. estime que celle-ci s’accentuera On i canadiens et britanniques, de li- vrer de 15 â 30 mille tonnes afin de completer les stoeks des Ame­ ricains etant donne que la deman­ de eroissante de cuivre pour 11 fabrication de munitions ne p",https://acikerisim.tbmm.gov.tr/handle/11543/4338
Beyoğlu (Fransızca gazete),0506_1944_0005.pdf.txt,"abattoirs,betail","cipaliıe avait pris de nouvelles disposi tions au solu d’exercer sujet des prix Je la viande. En ef­ fet, ordre a ete donne aux intâres- . ses pour que l'agneau ne soit ven­ du au-dessus de 200 piastres. Le r directeur et les eontröleurs de la ı seetion. economigue se sont ren- <lug â cet dffet aux abattoirs pou. contröler les ventes. D’autre part «les mesures ener- gigues seront prises pour deeeler 'es aniı.naux gui bien gu’enregis- fres â la Bourse du betail ne sont pas executes aux abattoirs. Ainsi 'es speculateurs seront empeches de profiter de la penurie actuelle pour vendre par la süite ces betes sur le marehe â des prix exorbi- tants. Tes autorites apposeront dore- bavant tout le long du corps",https://acikerisim.tbmm.gov.tr/handle/11543/4338
Beyoğlu (Fransızca gazete),0506_1944_0006.pdf.txt,"betail,fourrage","rrieun RR librement sur le marehe, une par- . tie de la recolte anterieure. Quant ilaux etrangers, avait deja ete au restant, il faudrait -dist.ibueı rec°nna bien avant la guerre. II judicieusement une part â la po- est vraı touJOU1S’ ,,le pulation, l’autre devant servir de obllSe d avoir trop d e- fourrage au betail. En augmentanı jfards pohttgueş, de sorte qu une la ratioıı de pain, le ministere lberat.10n de 1 economıe des ınte- competent ne court aucun ıisque rets etrangers, et, par cela ■ me- ............... - • me, une natıo-nalısatıon de 1 Indus­ trie roumaine, n’ont pu etre rea- lises que dans une faible mesure avant le debut de la guerre.. LES LOIS MINIERES DE 1924 Le premier essai d’endign",https://acikerisim.tbmm.gov.tr/handle/11543/4338
Beyoğlu (Fransızca gazete),0506_1944_0006.pdf.txt,"fourrage,veaux","l’abondance et la sent meme une baisse sensible. D’autre part, la Municipalite. te- nant compte du prix de revienı, a estiıme que la viande doit etre dc- bitee â meilleur compte. En effet, depuis les recentes pluies, la ve- getation s’est developpee plus ra- pidement et les betes trouvent ainsi un fourrage plus facile et moins onereux. Aussi apres Un nouveau contrö- le, la Municipalite informa les in- teresses que k mouton et l’agneau devront etre ecoules â meilleur marche encore. Comme de nou- veaux arrivages sont aıtendus 1 rochainement. il est â esperer tûue la viande baissera vers la inin jusqu’â 150 piastres. fin Enquete sur les huiles Les contröleurs municipaus d l’oeuvre La commission de la",https://acikerisim.tbmm.gov.tr/handle/11543/4338
Beyoğlu (Fransızca gazete),0506_1944_0006.pdf.txt,"betail,boeufs","ux firmes ^tmericaines, des commandes direetes en fer pour un contingent de 5.000 tonnes. La consommation üe viande TENDANCE A L'AUGMENTATION Certaines boucheries de la .e- gion de Kadiköy et du Bosphore, eta,ient hier demuriies de viamk. | II faut avouer pourtant qu'ü y eut un abondant arrivage de betail et des abattages plus ııctmbreux que jamais. Seules les l.nteurs des transport furent cause de cette ;.e- nurie momentanee. II fut distribue pas plus tard qu hier aux bouchers 1.430 routoııs, 1.332 agneaux et 294 boeufs. De­ puis longtemps, on n’avaiı vu une si ample repa.tition. Le mouton se debiıa hier â 198 piastres. La consoAımation de la viande tend â s'accroître depuis que leş eurres et leg",https://acikerisim.tbmm.gov.tr/handle/11543/4338
Beyoğlu (Fransızca gazete),0506_1944_0006.pdf.txt,"betail,pâturages","., en Juillet â 1900, en Août â 2150, en Septembre â 2200, en Oc- tobre â 2000. La Soeiete Bell se trouva en presence d’une demande inattendue. Elle fut obligee d’aug- menter sa produetion journaliere et de reprendre les ouvriers occu- pes ailleurs on se trouvant en vacances. En Octobre, l’offre de betail subit une forte regression par süite du temps chaud qui ren- dit possible les pâturages. La ra­ tion de viande baissa subitement â 1.500 gr. Au mois de Decembre, contrairement â toute attente, el­ le resta â 1.500 gr. La ration du mois de Juin 1944 s’eleve â 750 gr. LOURDEUR DU MARCHE Les pris restent â un niveau eleve La sıagnation du marche a at­ teint dans les derniers mois sa pha- se la plus",https://acikerisim.tbmm.gov.tr/handle/11543/4338
Beyoğlu (Fransızca gazete),0506_1944_0007.pdf.txt,cheptel,"leves â 4.763 millions de couron. nes, augmerte. ;-r.t jusqu’â l’annee 1943 a 8.162 millions. Jusgu’a fin Mars 1944 il y eut une nouvelle augmentation des placements â 8.626 millions. A la fin de 1939 les banqurs commerciales adminis- traient 56 ll des placements, et â fin 1943 seulement 43 cl. LE CHEPTEL HELVETIQUE Quelques donnâes sur l elevâge de moutons Zürich (Corr. part.) — L'eleva- ge de moutons en Suisse, par tap-’ port â l'annee passee subit une aug mentation de 8.135 (4,2% ) soit a 203.7000 tetss. En meme temps le nombre de p.o'prietaıres s’est ae- cru de 1.360, â 33.000. Comparee au dcvc.opp.nıent pendant la pn- ıııiere Guerre Mondiale, cette.aug­ mentation n’est que tres limitse. Le no",https://acikerisim.tbmm.gov.tr/handle/11543/4338
Beyoğlu (Fransızca gazete),0506_1944_0007.pdf.txt,haras,"avil- '■«dA Ce m‘n-stere qui. j.usqu ici. ■ agrieole sera eııtiere- K cette annee.ci. Cest hqrJ""l'mve pensoanelle I vÜİGr, """" i'a8riculture que ce pa- '‘«t hueux ve stand, reuııi:-. riehe com. annees ecoıı- l’avions dejâ tous les produits agricoks du pays .-I fera place a la cinse Itır»silere. Iaux haras, aux aombinats ıexti_ les. aux exploitations forestiereş, aux sıations. instituts ■ t autres e- taiblisstmenıs scientifiques r?le. vanı du ministere de l’Agrıcultu- Par ailleurs la Eoi. films colories .t soaores au plus grand profil des agriculteurs. Pendant toute la duree de l’Ex- nosition. un comite composö de s pecialiste tions qui s repondra aux que ibeposition. Celles-ci eomprenant les affai",https://acikerisim.tbmm.gov.tr/handle/11543/4338
Beyoğlu (Fransızca gazete),0506_1944_0007.pdf.txt,"betail,elevage","nıbeu^- reconnut les substructures Ju lais des BOachernes. Nötr 'n’,.llt cuteur fut. d'autr- part, Pell.|.iis la guerre, un de officiers a,1°.eö. les plus distingues du front tal. fonctionllai..es gouverneme.it ehiff.es daut.es B E Y O C C U 3j- 13 1944 L ECONOMİE NOUVELLE J.de 13. ’eît da. Ut I. L’ELEVAGE du betail en turquie Les efforts entrepris pour l’amelioration des races La culture de lin en Europe Orientale ' Des efforts d intensificatioıı sont entrepris partout * ,.A]evage du betail esı’une des d Laitches princıpales de 1 agrıcul. H' e Cette Science revet notam- I? ıur t pour la Turquie une plus 'ait S-aîıde imp°rtance ^ue pour les ‘ plus avances dans le domai. V I1 aoricoJe- |9İ 'a majeur",https://acikerisim.tbmm.gov.tr/handle/11543/4338
Beyoğlu (Fransızca gazete),0506_1944_0007.pdf.txt,"haras,karacabey","augmente les prix de la paille de entreprise agricole devra soumet- â travers les villes, rimportance I Ün et de la graine de lin, mais on du cheval est iucontestable. Com-i a accorde des faveurs speciales â me pour les autres especes, le gou. cette culture dans presque tous vernement a ouvert des haras â fes 'Pays. Karacabey, Çukurova, Sultansuyu, l ooiimamic Malatya, pour l’amelioration de i K kuumanie la race ehevaline. Dans ces cen-ı Dans certains pays, comme par ıres on eroise les pur.sang ara- bes, les chevaux de cour.se anglais, et ceux hongrois dit « Nonius », avec les types indigenes contı- ııuant ainsi a elever des « de- exemple, en Hongrie, la culture de En 1940, il a ete abaıtu pour",https://acikerisim.tbmm.gov.tr/handle/11543/4338
Beyoğlu (Fransızca gazete),0506_1944_0007.pdf.txt,"betail,boeufs","ier CONTINUATION DES POURPARLERS Londres, 18 A.A. — Âux Com.. munes Sir John Anderson, chance. lier de l'Echiquier declara en re. ponse â une question que ks ı our- parlers concernant l’emission de la monnaie française pour l’usage des Allies en Franee se poursuit favo.ablement. LES E.YPEDITIONS DE BETAIL le directeur de f.ntreprise fı Erzurum — Au cours d la der-.tiere lelativeme-ııt âux abattı niere semaine 825 boeufs et 650. La ferme et les champs del moutons de boucherie o.ıt ete ex-' Çiftliği furent visites ensuite pediâs a İstanbul. Le nombre du | delegation est egalement et betaii envaye aux autr .; prefectu-|en contact avec les produet res n’est -que de 1460 moutons. de cituo-.ıs de nötre",https://acikerisim.tbmm.gov.tr/handle/11543/4338
Beyoğlu (Fransızca gazete),0506_1944_0007.pdf.txt,"taureaux,vaches","rome de la ville une grande exhibition d'animaux domestiques. La date de cette exposition est fixe au 26 octobre. Les souscriptions pour les par- ticipations seront acceptees entre le 18 et 23 octobre. Les p;ix â distribuer sont de 640 Lıqs. pour les juments et les poulains et de 360 Ltqs. pour les taureaux et les vaches. Le total des prix atteint 2.000, contre 1.000 livres pour l’e. xercice ecoule. Özalp, fille du general ] Özalp, depute de Baliıkesir t sidenı du groupe parleme du P. R. P. avec M. Ilhan mir, fils de l'ex-depu,te de Zt da-k. Parmi la nombreuse assiı se trouvaient notammeat Mevhibe İnönü, epouse du National, le ministre des Fin: M. Fuad Ağrali, k gouvert maire, M. Lûtfi Kirdar, M. M",https://acikerisim.tbmm.gov.tr/handle/11543/4338
La Turquie Kemaliste,ttk_0534_1934_0002.pdf.txt,"veterinaire,veterinaires","oü il entend etendre sa tâche. Ce souci se manifeste dans la façon dont l’Institut a ete organise. En effet, il se compose de quatre facultes correspondant â chacune de ses taches ""academiques” et qui sont: a) la Faculte des Sciences naturelles, b) la Faculte d’agronomie, c) la Faculte des Sciences veterinaires, d) la Faculte des arts agricoles. Le fait de connaître la nature du pays est d’une impor- tance prımordiale pour tout homme de metier, pour tout specialiste. Pour ces raisons, les Sciences naturelles sont aussi indispensables â l’art veterinaire et aux arts agricoles qu’â l’agronomie, la sylviculture, la viticul- ture, ete. La Faculte des Sciences naturelles de l’Ins- titut Superieur d’Agronömie",https://acikerisim.tbmm.gov.tr/handle/11543/4075
La Turquie Kemaliste,ttk_0534_1934_0002.pdf.txt,"betail,epizooties,veterinaire","Chaire et Institut d’horticulture, de culture fruitiere, de viniculture. (Prof. Dr. Gleisberg). Chaire et Institut d’hydrologie. (Prof. Dr. Stüwe). Chaire et Institut de sylviculture. (Prof. Dr. Heske). La troisieme Faculte est la Faculte des Sciences veteri­ naires, qui s’occupe de l’enseignement veterinaire et des recherches scientifiques dans ce domaine. Les princi- pales richesse de l’ağriculture consistant dans un betail TÜ R K TA R iH K U R U M U precieux, il importe d’en prendre soin et de le preserver contre les epizooties, ce qui necessite un corps de vete- rinaires suffisamment formes. II convient egalement de ne pas oublier epe le gouvernement doit disposer d’une legislation veterinaire bas",https://acikerisim.tbmm.gov.tr/handle/11543/4075
La Turquie Kemaliste,ttk_0534_1934_0002.pdf.txt,"betail,boeuf","es fabriques de tissus. La centrale electrique de Bü­ nyan a assez d’energie pour eelairer l’Anatolie cen­ trale, et meme pour lui assurer la force de propul- sion necessaire. Sivas etait, hier encore, un marehe de caravanes. Aujourd’hui nous y assistons â l’agonie des hans oü 1 on gare les chars â boeuf, des bou- tiques de marehands d’orge, de marechaux-ferrants, de selliers, de petits industriels. Mais la grande in- dustrie sucriere, qui s’alimente de betteraves, valo- risera les champs de la region de Sivas, et assurera au betail les aliments les plus excellents, l’alcool deviendra une source de richesses toute nouvelle de l’Anatolie centrale. D ’apres les calculs etablis, les besoins en sucre",https://acikerisim.tbmm.gov.tr/handle/11543/4075
La Turquie Kemaliste,ttk_0534_1935_0006.pdf.txt,"elevage,vache","air nefaste. 2 — Parer au manque d’arbres et creer â Ankara les jardins, les parcs et les bosquets qui lui etaient necessaires. 3 — S’occuper activement de la culture du ble et de l’orge pourvus d ailleurs d excellentes qualites et pourvoir l’agri- culture de la technique moderne. 4 — Intensifier l’elevage qui est d’ailleurs l’une des prin- cipales sources de richesse de nötre pays et, pour cela, multiplier les especes animales telles que mouton, vache, cheval ete... 5 Rehausser, au moyen d’une technique apropriee, la qualite des produits agricoles obtenus par semence, ne point envoyer au marehe les produits non - ceuvres et creer ainsi un nouvel art agraire. Le Lac de K araden iz â la Ferm e APRtS",https://acikerisim.tbmm.gov.tr/handle/11543/4075
La Turquie Kemaliste,ttk_0534_1935_0006.pdf.txt,"betail,boeufs,elevage,haras","ure partie est formee de steppes, l’activite a- gıicole dont on retire le plus de benefice consiste neces- sairement dans Lelevage du mouton et de la chevre mohair. Quant â nos vilayets de l’ouest, ils se trouvent pourvus de toutes les possibilites agricoles et economiques qui favorisent l’art d’un elevage intensif et avance. Le haras de K aracabey -.... D’apres les statistiques des dernieres annees, la repartition de l’effectif du betail est comme süit: 1931 1932 1933 480.833 510.965 533.922 Chevaux 39.580 40.269 44.813 Mulets 922.175 908.473 899.369 Anes 4.868.609 5.315.329 5.123.889 Boeufs 11.762.343 11.768.109 11.070.773 Moutons 8.777.071 7.510.344 66.720.050 Chevres ordinaires 3.454.639 3.315.",https://acikerisim.tbmm.gov.tr/handle/11543/4075
La Turquie Kemaliste,ttk_0534_1935_0006.pdf.txt,"betail,elevage,pâturages",tuel en ce qui concerne cette question de lelevage consiste â tirer le maximum de parti des vastes pâturages qui couvrent des milliers de kilometres en Anatolie et â pourvoir â la creation et â l’entretien d’un elevage intensif et avance par voie d’a- grandir les marches interieurs et exterieurs de betail et de produits orga- niques animaux du pays. Le Ministere de l’Agriculture s’est donne pour but de lutter contre la forme d’elevage primitif et extensif qui est une survivance de l’agricul- ture propre â l’epoque des tribus nomades. Les premieres mesures â prendre pour la realisation de ce but consisteront dans la mise en train d’une activite relative â la production du merinos dans nos vilayets,https://acikerisim.tbmm.gov.tr/handle/11543/4075
La Turquie Kemaliste,ttk_0534_1935_0006.pdf.txt,"boeuf,haras,karacabey","devant laquelle se trouvait nötre gouvernement etait de recourir aux mesures qui pouvaient lui fournir de bons etalons.TÜ R K TA R iH K U R U M U ' ; : r ;; En tete de ces mesures viennent, sans contredit, les E tab lissem en ts d ’E levage. Trois departements furent crees â cet effetTdans le grand haras de Karacabey (Bursa), fonde apres la Republique. Ces trois departements qui s’occupent respectivement du cheval, du boeuf et du mouton devinrent en onze ans, dignes d’etres compares aux meilleurs haras de l’Europe. Alors qu’â la proclamation de la Republique, l’Etat ne pos- sedait que trente-trois chevaux etalons, il en possede aujour- d hui plus de six cents. Le haras de Karacabey, tout en fonda",https://acikerisim.tbmm.gov.tr/handle/11543/4075
La Turquie Kemaliste,ttk_0534_1935_0006.pdf.txt,"boeuf,elevage,haras,karacabey","levage populaire de la region d’Uzunyayla. İci, le «demi-sang Nonius» repondra sous peu â nos besoins de chevaux grands et forts. Les departements de Karacabey qui s occupent de l’elevage du boeuf et du mouton, en travail- lant avec les memes principes parviennent â elever d’excel- lents etalons de boeuf et de mouton. Outre celui de Karacabey, il existe encore quatre haras principaux fondes â Konya, Çukurova et Sultansuyu. Un corps de specialistes, de retour de son expedition en Arabie (1934) apporta au pays une riche variete d’etalons de pre- miere classe, de sorte que, en comptant le type de Karaca­ bey, il etait desormais possible d’elever dans cinq haras des chevaux pur sang arabes, alors qu’",https://acikerisim.tbmm.gov.tr/handle/11543/4075
La Turquie Kemaliste,ttk_0534_1935_0006.pdf.txt,"boeufs,karacabey,taureaux,vaches,veaux","pour vaches ont ete aussi fondees dans le meme but d’amelioration de la race. Ces etables sont des etablissements oû l’on eleve des taureaux etalons. Nötre Ministere d’Agri- culture attribue une grande importance â ces etablissements, vu que la race de nos boeufs s’est rapetissee et degeneree. Les veaux etalons eleves dans ces etablissements, apres ctre selecdonnes sont distribues â la population qui s’en sert pour regenerer la race. Outre celles de Karacabey, İnanlı, Eskişehir, Konya, Sultansuyu, on fondera encore d’autres etables dans nos vilayets de l’Est afin d’ameliorer la pre- cieuse race rouge de ces regions. 1 2 Aux activites relatives aux tentatives d’amelioration de la race animale et",https://acikerisim.tbmm.gov.tr/handle/11543/4075
La Turquie Kemaliste,ttk_0534_1937_0020.pdf.txt,"elevage,taureaux","ureux et dé­ montrèrent que la vie rurale pouvait profiter d’une façon inespérée de l’activité intelligente de ces ins­ tituteurs. Les stagiaires qui commençèrent à travailler dans ces villages à partir de Décembre 1936 se préparèrent Tierzucht in der Eskişehir SchuleBull Breeding (Eskişehir School)Elevage de taureaux (école d’Eskehir) d’abord une salle d’études dont ils passèrent eux- mêmes les murs à la chaux et dont ils construisirent les bancs avec l’aide des paysans. Ensuite com­ mencèrent les cours; cours de jour pour les petits, du soir pour les grands. Au bout de quatre mois, les élèves avaient appris à lire, à écrire et commençaient leur livre de lecture de première année. Ces mêmes instit",https://acikerisim.tbmm.gov.tr/handle/11543/4075
La Turquie Kemaliste,ttk_0534_1938_0023_0024.pdf.txt,"bœufs,vaches","1.500 pour ceux provenant des départements de l’Ana­ tolie orientale (350 foyers). 10.500 maisons ont été déjà construites à leur intention, 3.000 autres sont en voie de construction et peuvent d’ores et déjà être considérées comme prêtes à les héberger. Il leur a été distribué jusqu’à ce jour 500 bœufs, 1.000 voitures, 3.000 socs et 25.000 livres de fonds de roulement pour les artisans se trouvant parmi eux. Les immigrants cultivateurs ont été dotés, d’a­ près la capacité de production du sol, de 30 à 90 Petites immigrées s’apprêtant à aller traire les vaches Yugend will melken gehen Young immigrants preparing to milk their cows décares de terrain à raison de chaque famille de deux individus; l",https://acikerisim.tbmm.gov.tr/handle/11543/4075
La Turquie Kemaliste,ttk_0534_1940_0032_0040.pdf.txt,karacabey,"ht der Türkei zu heben, findet der Landwirtschaftsminister Muhlis Erkmen die wohlwollende Unterstützung des Staatspräsidenten Ismet Inönü. Im Landwirtschaftsministerium besteht eine Abteilung für Renn-und Zuchtvereine. Die Aufbauarbeit wird mit Erfolg im ganzen Land durchgeführt. Im Lan­ desgestüt «Karacabey» wird die Pferdezucht mit viel Liebe und Verständnis gefördert. Eine grosse Zahl international bekannter Pferde wurde dort gezüchtet. Man begnügt sich aber nicht mit dem Geschaffenen, sondern baut weiter aus, und das Projekt einer modernen Reit-und Fahrschule mit dem besonderen Zweck, die Ausbildung der Studenten der Landwirtschaftlichen und vet. - medizinischen Hoch­ schule zu vervollkommnen, ni",https://acikerisim.tbmm.gov.tr/handle/11543/4075
La Turquie Kemaliste,ttk_0534_1941_0044.pdf.txt,"bétail,fourragère,pâturages,élevage","es, and are different from the regular honey­ bee. Whether they are, to some extent, primarily wild or are all derived from domesticated stock remains to be studied. Ruches d abeilles à Yalıcıl, Dadant. Bee-hives in Yalıcıl Dadant. Bienenhäuser in Yalıcıl, Dadant. TÜ R K TA R iH K U R U M U culture fourragère y est aussi restreinte؛ par contre des pâturages aux herbes courtes et clairsemées couv- rent toute la contrée, qui, de ce fait, .est jOlus favo- rable à 1’élevage des moutons et des chèvres qu'à celui du gros bétail. Le clim.at typique est le climat continental peu humide. De la sorte les conditions territoriales climatiques et agricoles donnent nette- ment à cette contrée un caractère favorable",https://acikerisim.tbmm.gov.tr/handle/11543/4075
La Turquie Kemaliste,ttk_0534_1941_0044.pdf.txt,"bétail,élevage","hèvres constituent de­ puis des siècles une précieuse ressource pour l’Anatolie Centrale assurant d’importants profits tant au pays qu’aux millions de paysans qui s’adonnent à cet éle­ vage. Bien que l’Anatolie Centrale soit une contrée des plus productives en céréales et particulièrement en blé, l’élevage du bétail en général et celui des chèvres d’Ankara en particulier, constituent une source de profit sérieux pour les paysans et jouent un rôle primordial dans l’économie de la région d’An­ kara. Ce rôle arrive même dans certains endroits à dépasser celui de la culture des céréales. Dans cette région en effet le sol n’est pas toujours aussi fertile qu’ailleurs; et la culture y est pratiquée avec d",https://acikerisim.tbmm.gov.tr/handle/11543/4075
