yayin,yil,dosya,pdf_sayfa,puan,strandlar,terimler,kayit_url,baglam
Çorumlu,1938,ttk_1173_1938_0001.pdf,8,3.0,S0,dana/düve/tosun,https://acikerisim.tbmm.gov.tr/handle/11543/3943,. paşa bin koca mehmed paşa. bu aileye aid elirnizdeki vesikalarda bu isms tesadüf edilemediğinden kaydi ihtiyatla telakki edilmelidir. birde şah dane hatun adında bir mezar taşı vardır. üzerinde şah dana hatun imreeyi mahmud paşa diye yazılıdır. koca mehmed. paşanın siyası hayatı hakkında. encümen mecmuasının 38 inci. sayısında mühim-malümat olduğundan burada tekrar edilmesine lüzum görülmemiştir. yalnız elimizde .bulunan not defterinde koca kay
Çorumlu,1938,ttk_1173_1938_0001.pdf,12,3.3,S2;S3,hayvan kırılması;aşiret/göçebe,https://acikerisim.tbmm.gov.tr/handle/11543/3943,ve aklı feraset üzere ise böylece amel 18 buyurun. benim muhibbi vefadarım bizim kim olduğumuz bu mühürden malüm edesiz. baki vesselam menittebaal hüda. namei abbası salis harrerehu azmi mülük sahip kıran şah abbasın mührü içinde şu kıt'a vardır: nekin saltanat ra keşi varis şüd sahip kıran abbası salis şair ( medhi ) nin bu hadise hakkında yazdığı bir manzumu aynen aşağıya koyuyoruz: sibri batıl oldu sebap abbasın mezhepsizler kılsın matemin ya … bildi ölenler şüheda gazi oldu sağlar cümleten üstüne geldiğin bildi kahramanane songur ona yar idi din uğruna kılıç çalduğun bildi çırağı mescidi mihrabü menber anlar kim olduğun olzaman bildi sahip kıran deyü bir mührü de va şeytanın n« dimi olduğun bildi evvelden dönüktür bettir sıfatı yoruldu geriki konakta kaldı melanetin etmek isterdi zahir isyan deryasına daldığın bildi silahşörler biri birin kovalar (methi) der inayet allahdan oldu zhep i
Çorumlu,1938,ttk_1173_1938_0001.pdf,13,3.3,S0;S3,inek;aşiret/göçebe,https://acikerisim.tbmm.gov.tr/handle/11543/3943,"helak oldu racim ömer paşanın bir oğlu osman paşa amasyada 1157 tarihinde mutasarrıf oldu, (çakır penceli) namile anılırdı (13). 1158 de merzifonda ikamete memur edildi, sonra da katledildi (14). bu aşiretin adını taşıyan köy yoktur. çorumda olduğu gibi amasya ve çankırı vilayetlerinde dahi tesadüf edilemedi. yalnız (5) sayılı notta yazdığımız gibi alaca ve sungurlu ilçelerinde adları orada yazılı kölerin bu aşirete mensub oldukları anlaşılmıştı … aşiretin son durumunu daha açık bir surette ortaya atmak kabilolacaktır. neşet köseoğlu (13) amasya tarihi c. 4. 8. 73. (14) süleyman bey (1141. h.) tarihinde aksaray mutasarrıfı olduğu anadolu türk aşiretleri adlı kitabin 171 ieci sahifesindeki notta yazılıdır. bundan mada 1297 de yozgada bağlı olan hüseyinad (şimdi adı alacadır ve kazadır, çoruma bağlıdır.) nahiyesi naibi tarafından verilen bir hüccette mamalılardan mehmet bey kızı (satı) nın … , 95 yaşında bir ihtiyar kalmıştır. kv de > şiz ili en işa en çorum halayı name yazdım sokuya gelen ' giden okuya kızlar, şarabe düşmüş gelinler ırakıya 2 karşıda kürt evleri yayılır develeri oturmuş inek sağar terliyor memeleri 3 hey nazından nazından sürmesi gitmez gözünden yaylada türkmen kızından dönüver meydan senindir"
Çorumlu,1938,ttk_1173_1938_0002.pdf,16,3.0,S2,hayvan kırılması,https://acikerisim.tbmm.gov.tr/handle/11543/3943,"nın boynuna ' sarılmış porsumuş suratını kimi kınalı saçlarını öpüyor, «kimi de eteğini, yenini çekiyor, . yalvarıyorlar, — aşık anam, aşık anam bizi çiğdeme götür. — aşık ana,. durun biyol (8) gavur kıranlar (9) durun. ortalık biraz toğtaştı. (10) bütün kış gedeyi bir azar bastı. celeri mangal başında kendilerine hindistan şehzadesinin, kaf dağındaki devlerin, elindeki sevgilisi peri kızını nasıl kurtardığını, 'gülünç kel'oğlan masallarını yanık"
Çorumlu,1938,ttk_1173_1938_0002.pdf,17,3.0,S0,öküz,https://acikerisim.tbmm.gov.tr/handle/11543/3943,"cak yerde bir kat daha “artırmıştı. “slanmak, hastalanmak 'kimsenin “hatırından bile geçmiyordu, fesler elde, başlar açık, hep birden bağırışıyorlar, yağmur yağ.ekin bit.tarlada çamur. teknede hamur. oküzlere ömür. ver allahım sellice, :suluca yağmur. bereket 'versin yağmur istedikleri gibi pek selli, sulu olmadı. selametle kasabaya geldiler. şimdi çiğdem ağacı en uzun boylu birisinin elinde alay arkada evleri mahalledeki dolaşıyorlar. kapular aç"
Çorumlu,1938,ttk_1173_1938_0002.pdf,19,3.0,S0,öküz,https://acikerisim.tbmm.gov.tr/handle/11543/3943,"abrıl beşi, sittei sevir fırtınalarıdır. mart dokuzu bazan üç dokuz yani 27 gün soğuk yapar. bu fırtınalardan korkmuş bulunan çorum çifçisi : sakın abrılınbeşinden — öküzü ayırır eşinden ; sittei sevir—kazanı yere devir diye soğun şiddetini anlatmak ister. 34 bu muhtelif fırtınalarla geçen ilkbahar aylarından ancak mayısta ortalık ısınmağa ve ilkbaharın leta: fet ve güzelliği hissedilmeğe başlar, ne yazık ki hazi"
Çorumlu,1938,ttk_1173_1938_0004.pdf,20,5.0,S0;S2;S3,hayvanat;korunga/fiğ/burçak;baytar,https://acikerisim.tbmm.gov.tr/handle/11543/3943,"celali (şeyholu çağna çayan çayköy 415 çıkrık 416 çitli 417 dağsaray 418 değirmenderesi 419 devletoğlanı 490 doğla 421 elvançelebi 492 emirbağı 423 eskice 424 fakıahmed 425 farzand 426 fiğani 427 geykoca 428 gökçebel 429 güney 430 hıdırdede 431 hisarkavak 432 horku 433 ibek 434 kalaycık 435 karacaveran 436 karacuma 437 karasar 438 kargı 439 kavaklıkışla 440 kayı 441 kertin (kertme) 447 kışlacık 443 kışladeresi 444 kızılca — 140 — 4 … gezisine başlamış, hafta tatilinin birinde (hamamözü) mıntakasına, diğerinde (ovacık) mıntakasına olmak üzere iki gezide bulunmuştur. bu gezilerde, şube komite üyeleri beraberlerine aldığı: doktor ve baytar ile şimal hamamözü mıntakasında ; yukarı karapınar, orta karapıner, aşağı karapınar, çamlıca, mescidli, büyük laçin, kırkdilim köylerini, cenup ovacık mıntakasında; alpağut, divankebir, ovacık, çakır, domu, 'pamucak ve babaoğul köyleri olmak ü … layet hastahanesine yatırılmalarına delalette bulunmuş ve doktorun verdiği reçetelerin bedelini de evden vermek suretile köylü kardeşlerimizin sıhhi -durumlarile olan candan alakalarını göstermiştir. baytar tarafından da bütün köy hayvanatı üzerinde tedkikatta bulunulmuş ve rastlanan hastalıkların önlenmesi için gereken e"
Çorumlu,1938,ttk_1173_1938_0005.pdf,9,3.3,S3;S4,aşiret/göçebe;ahır,https://acikerisim.tbmm.gov.tr/handle/11543/3943,"deli boran deli boran veya boran baba, çorumun sarımbey köyündendir. bu köy ve bnlunduğu vadideki köyler kuyumcu aşiretindendir. deli boranın 310 tarihlerine doğru göçtüğü anlaşılmaktadır üç peşli entari giyerek, kendisine takılan isme uygun olarak, serseriyan dolaşan deli boranın, bir çok aşıkların yaptığı gibi kerbelaya, hacca gittiği, ırakı, suriyeyi dolaştı … ler neyleyim müdara erkanı taşlar muhkem değil kuşağımız çözüldü mizanı geçmeğe yükrük at gerek gerçek aşıklara coş firkat gerek müşkil halletmeğe kamil zat gerek tarikatın kapuları bozuldu boran der ahırı mehdi gelecek rakibi hep bölük bülük bölecek aynelyakin alametler olacak çok ikrarlı ikrarından üzüldü ıı deşti kerbeladan ihsan olursa arayım derdimin çarelerini yene çevrildim sana yar deyu silmedin alnımın karelerini muhabbet deminde çağlar"
Çorumlu,1938,ttk_1173_1938_0005.pdf,13,3.0,S0,öküz,https://acikerisim.tbmm.gov.tr/handle/11543/3943,y di oi du gez kn vin ge 1 şekermisin pine a giğe : meramın sevmek değil sl kuru dil dökermisin 4 kanefilim susuzum üç gündür uykusuzüm girme yarım koynuma elim durmaz huysuzum (1) comba — kömüş yani öküz cinsinin tohumluk olan 3-5 yaşındaki erkeğine denir. (2) kanefil — karanfilin galatıdır. çorumda bu şekilde kullanılır. haydi combamji| notaya alan : sadi leblebici haydi combam (1) haydi gözlerin beni baydı elin nazlı yarine nasıl diyelim haydi
Çorumlu,1938,ttk_1173_1938_0005.pdf,17,3.0,S0,büyükbaş,https://acikerisim.tbmm.gov.tr/handle/11543/3943,mıştır. büfeli lerin müzik ve eğlenti ihtiyaçlarını ve danslı olan bu törenevimiz ar ve temsil şubelerimiz mensupları temin etmişlerdir. bösterit ; geçen ay. tırtıllar ... piyesini —174— velerinden-” büyük başarı ile temsil eden gençlerimiz geceli gündüzlü bu dafa temsil edecekleri ( bir adam yaratmak) piyesinin provası ile meşgul olmuşlardır. halkevi sinemasında bu ay içinde gösterilen filimler. bozamboğ neş'e ile je anita bağdat yolu nac avvt f
Çorumlu,1938,ttk_1173_1938_0007.pdf,7,4.0,S1,damızlık;hayvan sergisi,https://acikerisim.tbmm.gov.tr/handle/11543/3943,"arla takviye edilmiştir. ziraatın ıslahı için elden gelen her şey hemen de yapılmış gibidir. bu meyanda yeni tohum ayırma makinelerinin celbi ve tohum denemeteri, fidanlık tesisleri, ağaç yetiştirme, damızlık teksiri, hayvan sergileri gibi işleri takdirle yadetmek içabeder, 3 memleketin sıhht vaziyetinde sari ve istilayi bir şekilde hastalık mevcut olmadığı gibi çorum hastahanesine civar vilayetlerden bile hasta ve yaralı gönderilmekte olup bu ha"
Çorumlu,1938,ttk_1173_1938_0007.pdf,11,3.0,S0,dana/düve/tosun,https://acikerisim.tbmm.gov.tr/handle/11543/3943,"nasile çorumun bize o devirdeki halini bildirmeğe şübhesiz ki kafi gelmiyecektir. çünkü elde ettiğimiz vesikaların mütaleasından da anlaşıdaha fazla muhtelif sebep ve amillerle meylacağı üzere bunlar dana gelen fenalıkları, zulümleri, haksızlıkları menetmek veya cemiyet nizamını bozan hareketler önünü almak, idari ve adli otoriteyi korumak ve halkın dertlerine, dileklerine cevap vermek, asayiş ve sükünu, adalet ve kanunu tatbik eylemek, hulasa ak"
Çorumlu,1938,ttk_1173_1938_0007.pdf,15,3.0,S1,Çifteler,https://acikerisim.tbmm.gov.tr/handle/11543/3943,"l. ademi bil ademi,, şeklinde :olması ihtimali kuvvetlidir, fakat derlediğimiz zattan ve hususta bir malümat alamamış bulunmaktayız. gerekse başkalarından bu —226— nale kıl ey dil bu gün ehli safadır çifteler (7| handeler ile gülüstanı sıvadır çifteler iki mahpare zuhur etmiş hidayet mazhari e atn fadır çifteler ol melahat madeni sahip vefa gamzei caduları kanlar saçar yarab meded kudreti feyzi ilahiden devadır çifteler bir görüşte aklımı yağmaya … kimi 'geda olmuş kimisi ala (ceyhuni) de çekti bin cefa amma sonu var 7) b eği nstadi aşık tokadlı nurinin : , sağı; seyre çık ey dil temaşa et me candır gifteler dehride hem tası yok nazik meyandır. çifteler aşık nuri sahife 124, bu dert cümlesini silkdi sağladı. diye başlayan parçasına nazire olduğu anlaşılmaktadır. tokadlı çankırılı ahmet talat onay 1033. —221—"
Çorumlu,1938,ttk_1173_1938_0007.pdf,27,3.0,S0,mandıra,https://acikerisim.tbmm.gov.tr/handle/11543/3943,çay 511 — incesu 512 — iskir 513 — karaağaç dağı 514 — karaçay 515 — karaköy 516 — karaveran 517; “kargı 518 — kavakçayı 519 — kızıltepe 590 — kumbaba 5921 — kuyucak 599 — köçepe 523 — maksutlu 524 — mandıra 595 — mehmed dede obruğu 526 — mehmeddede tekkesi 597 — öbektaş 528 — sarbukavak 529 — seciğen 530 — sekü 531 — sekübağı 532 — tekmen 533 — tutuş 534 — umaç 535 — uvacıksuyu 536 — yeniköy 537 — zambal 538 — avlağı 539 — aşağı zeytün 540 — aşı
Çorumlu,1938,ttk_1173_1938_0007.pdf,28,3.0,S2,hayvan kırılması,https://acikerisim.tbmm.gov.tr/handle/11543/3943,"ınar salman karaevliya ca nip k diği sarıçiçe ya wmamadıs karakocalı 639 yamadısağir , lina şekerhacılı karaoğlan | 4 yanabat ak kavşit 4 yirce sn j zr kemallı 4 yorgalı il ji kertme 64 yörüklü ekbas kırankışla kışla kızılcakışla kızılbekir kızılsağir kula kuşcalı kürkü (körkü) not: çorum ili köyleri hakkında yapmakt ç köye inhisar etmektedir. kün olacaktır. a olduğumuz araştırmalar henüz bitmemiştir. bunun ml l i ileride araştırmalarımızı için y"
Çorumlu,1939,ttk_1173_1939_0011.pdf,9,3.0,S4,ahır,https://acikerisim.tbmm.gov.tr/handle/11543/3943,"u amma şiddeti şita o derecede ki atlar zemin üzere durınayub belki hazan gibi tirtir titrerdi. ne hal ise alay çavuşları askere muhkem tenbih ettiler. iptida paşa otak develeri, mutbah ve dış kiler. ahır ocağı ağırlığı, 21 adet yarar iyi kılavuzlarla bazı atlılar vakti seherde ubür ettiler. paşa 200 katar devesi, 100 katar katırı ubür ettiler. hakir dahi kendi. katarlarımla allah allah diyerek güzer ettim. cümle ağırlıklar kurd kasabası sarayına"
Çorumlu,1939,ttk_1173_1939_0012.pdf,9,3.0,S0,öküz,https://acikerisim.tbmm.gov.tr/handle/11543/3943,"izihükümden anladığımıza göre 987 senesinde iki koyundan bir akça ve her .üç.yüz koyundan da beş akça ağıl resmi: alınıyordu. herideveden'de senede üç. akça resim aliniyordu. ilk zamanlarda at, deve, öküz gibi hayvanlardan harp esnasında nakliye: vasıtaları diye kullandıkları için: vergi alınmazken sonları. yavaş:yavaş bunlardan da azda solsa bu suretle bir resim alındığını götüyoruz. bu hükümde bu gün kullanılmayan fakat kullanılması çok güzel o"
Çorumlu,1939,ttk_1173_1939_0012.pdf,16,3.6,S0;S2;S3,öküz;saman/kesmik;aşiret/göçebe,https://acikerisim.tbmm.gov.tr/handle/11543/3943,"9 dolu sonu doyumluktur. 30 — göğer , bağım göğer,(9) gelen giden seni öğer. 31 — göl yerinden su . eksik olmaz. 2 kavun karpuz vata yata büyür. 33 -- meyveli ağaca laş alan çok olur. 34 — sap yeyip; saman düyor. 35 — şahi bıdağın bağı var, üzümü, yok yaprağı var, 36 — tarlada darım yok, ser çe ile davum (10) 37 -- sel gıder lığı f111 kalır, tarlaya bereket gelür, (6) süörüklemek demektir. ters inadına iş görenler hakkında kullanılır. (7) dayanma … kullanılmıştır. dirgen ucu iki çatal sapluzum yaba 'gibivbir alettir. (18) .çahimakışekin danelerinin henüz yetişmeden! sitak yel dokimmasile” ıkurumasıdır. (91 gövermek : yeşilliğini gaip etme38 -— öküz olmadan köpe sıçma 39 — öküzün kalpı . gölünü köpten çıkarır (12). 40 — yeğinat yemini artırırf13) 41 — yele tuzak, yağmura sü: 42 — yedi derenin başını bir belen zapteder. 435 yiğit tarla çavdar getirmez. 44 — zemheri yaiti soludur, ya çifti yö … (10) dava demektir. (11) beğ; selinidiğer' yerlerden getirüb bıraktığı toprak, kum, ot, çöpeeyiğii ları. (12) şu 38 ve 39 no.lu ata sözlerin de bulunan köp 'ismi kağnı arabasının üztrine teker ile / öküze arasınav kazıklarla berkidilen uzun düz tahtanın adıdır. (13) yemini, yeyeceği demektir, —349— hesap veriyoruz —geçen, sayıdam artan— 3 — çorum tarihi için kıymetli olduğu heyetçe kabul edilen; vesikalar, notlar ve vakfiyelerin.parasız tedariki … z şairleri. ihsan sabunevoğlu 5.— kitabeler. 6 —- tarihi kıymeti haiz vesikalar. 7.— şive hususiyetleri ve:dil derlemeleri, 8. — yer adları. 9 — adetler ve ananeler. 10. -- ednoğrafya malzemesi. 11 — aşiretler. halkevleri. kılavuzunun gösterdiği direktifler üzerine hazırlanan;bu programla ..şimdiye.; kadar yaptığımız işleri . hükasatan; sayın arkadaşlarımıza arzetmeği bir borç biliriz. 1- —.selçukiler zamanına:.kadar.çorum : bumevzu üzerinde yapı"
Çorumlu,1939,ttk_1173_1939_0012.pdf,36,3.0,S4,ahır,https://acikerisim.tbmm.gov.tr/handle/11543/3943,ir eynel mefer nidasından ahaliyi memleket kimi dağlar başına ve kimi şehirlere göçüp reaya ve fukara zziraattan kalıp el çekip bu veçhile ahzolunup< haklarından gelinmez ise cümlesi terki diyar edip ahır memalikte tavattun etmemiz mukarrerdir deyu ala tariki işhat ve ilam ve ihbar ettiklerinde mahüvel vaki merkum mustafa bey talebile ketbolundu. tahriren fittarihil mezbur. şüftudülflat. elhac ahmed bin musa bin ulaş ahmed fakih bin mahmud ahmet
Çorumlu,1939,ttk_1173_1939_0012.pdf,58,3.0,S0,öküz,https://acikerisim.tbmm.gov.tr/handle/11543/3943,lüp nasihat etmek istiyen müslimanların haşa iman ve ağızlarına setmedüp şikayet etmek için beye ve kaziye varanların yollarına gelüp muhkem darp ve sebetmekle sahibi firaş olup ve'nicei - mesnelerin öküzlerinin ve himarlarının kuyruğun ve kurlağın kesüp ve mezküran karındaşlar ebaan ced kızılbaşlık ile meşhur ve mütearetler olup elan kızılbaş tavru üzre avrat oğlanlarını bir araya getirip muaşeret edüp bu makule ahvali kabihanelerine nihayet yok
Çorumlu,1939,ttk_1173_1939_0012.pdf,63,3.0,S4,ahır,https://acikerisim.tbmm.gov.tr/handle/11543/3943,sudurüne değin silki milki sahihinden münselik emlakimden marizzikir emirahmet mahallesin vaki bir taraftan abdal oğlu menzili ve üç taraftan tarikiam ile mahdut hariciyede bir bap tahtani oda ve bir ahır ve dahilide iki bap tahtani oda ve bir mikdar havliyi müştemil pederimden müntakil milk menzilimi ve yine mahalleyi mezburde kain bir taraftan ahar milki ve iki taraftan medresei mezburem ve bir taraftan tariklam ile mahdut hariciyede bir bap ta
Çorumlu,1939,ttk_1173_1939_0012.pdf,72,4.0,S2;S4,yem;ahır,https://acikerisim.tbmm.gov.tr/handle/11543/3943,üzre aldurub ve adeti ağnamların dahi her abril evvelinde ellerinde mevçud bulunan koyunların ad ve defter ettikten sonra iki koyun bir akça adeti ağnam ve her üçyüz koyunu beş ahça hesabı üzre resmi ahırların aldırıp andan ziyade resid (*) ve çubuk ve hizmetkar ve katip akçası deyu bir akça ve bir habbelerin almıyalar ve aldırmayub ve ziyade atlu ile üzerlerine kondurmayub manen ve meccanen yem ve yemek talep ettirmiyesin ve lazım olub aldıkları
Çorumlu,1939,ttk_1173_1939_0012.pdf,82,5.0,S2;S3,mera;otlak/yaylak/kışlak;şap,https://acikerisim.tbmm.gov.tr/handle/11543/3943,nayet ve badi havalerimiz ellerimizde olan defteri cedidi hakani mucibince yüzde ümenalerine verüb ve ziraat ve hasıl eylediğimizden kezalik uşrün sahibi arza verdiğimizden sonra resmi kanem ve şatül mera ve resmi gerdek ve resmi dühan ve selamlık ve muddi cihan ve baç ve sair rüsum ve avariz alınmıya deyi defteri cedidi hakanide mastur ve mukayyed iken ve hala gezdiğimiz yerlerde nuzzar ve sancak beyi subaşıları ve zülkadriye ümenaları ve amirle … rk ümenaları ve sair ebnai ammal ve nuzzarlar erbabı timar ve gayriler ellerimizde olan vilayet defteri suretine muhalif bizden cürüm ve cinayet ve selamlık ve 129 resmi yatak ve resmi dühan ve şatil mera ve yaylak ve avariz ve baç ve şap ve arpa tarh ve tekellüf ve resmi gerdek ve resmi ağnam ve muddi cihan ve bacı külek ve resmi tebaki ve sürsat talep edüb ve kendi emin ve amilimiz olanlar resmi benak onikişer akça alınmak kanunu kadim iken alm … -mezburunun defteri cedidi hakani mucibince vaki olan hukuk ve rüsumları kendi ümenalarına eda eyledikten sonra aherden bazı kimesneler deftere muhalif resni gerdek ve resmi dühan ve resmi arusan ve yaylak ve kışlak ve şatil mera ve arpa ve muddi cihan ve bacı külek ve sair resim ve avariz talep ve rencide ve remide eyledikleri
Çorumlu,1939,ttk_1173_1939_0012.pdf,92,3.0,S4,ahır,https://acikerisim.tbmm.gov.tr/handle/11543/3943,iye meşhur ve tahdit ve tariften müstağni olan (.... ) değirmenin nısfını ve çorumlu mülhakatından tatar nahiyesinden ömer bey kariyesinde kain tahtani iki evi ve fevkani bir beyti ve bir sofayı ve - ahırı ve iki anbarı ve ittisalinde ufak bir bağçeyi ve akar su menbaını havi olub cenuben haydar bin veli mülkü ve şarkan ve şimalen haydar bin veli mezreası ve garben tari-
Çorumlu,1939,ttk_1173_1939_0012.pdf,98,3.0,S2,hayvan kırılması,https://acikerisim.tbmm.gov.tr/handle/11543/3943,ade makamı kazaya hazıran olub isril iştihadişşerl her biri cevaplarındafiili vaki mezreayi gökyeranın bir haddi sultan köyünden kılavuz nam karyeye giden yola ve bir haddı sultan köyü tarafında olan kıranın üstüne ve çatak nam kariyeye ve bir haddı çatak nam kariyenin kurbindeki yığma toprak ve bir haddı kılavuz toprağına müntehidir. mezreai mezburun hududunda dahildir ve milkidir deyu her biri edayi şehadeti şeriye eyledüklerinde badel tadili v
Çorumlu,1939,ttk_1173_1939_0013.pdf,7,4.0,S0;S2,sığır;yem,https://acikerisim.tbmm.gov.tr/handle/11543/3943,sabı üzere ağıl resmi alınıyordu. hükümde işte bu kanuni mikdardan fazla halktan bir şey alınmaması ve fazla alınan paraların halka geri verilmemesi ve atlarile kendilerinin para ile halktan yemek ve yem almaları emredilmektedir. bu vesika 987 - 1579 tarihlidir. beşinci vesikaise çorum sancağında çıkan bir vesika olub 2rebiyülahir 990 - 1582 tarihlidir. bu vesika da bilhassa dikkate şayandır. iran muharebeleri esnasında meydanı boş bulan bazı eşk
Çorumlu,1939,ttk_1173_1939_0013.pdf,13,3.0,S0,dana/düve/tosun,https://acikerisim.tbmm.gov.tr/handle/11543/3943,etmiş olduatıyor. .ve (cenabınıza ii bir kürkpaha. ile yüz aded iye: irsal kılındı kabul buyurub yokimiş bir hüner ehli deriken bir de bana ben 'dahigerçi süküt yine im'an ile etrafe nazar ettikçe tü dana bulmamış pertevi! envari leta hayf sad hayf ki bu şehri amasiyyede hiç nızda olasınız)diye iltifatname camüzerrini. kadeh badei engürii duğunu da hikayerediyor. sundular destime. bir mecmei stafa vazıhın bütün amas- ad rae i ıwa ki pür ziynet ma
Çorumlu,1939,ttk_1173_1939_0013.pdf,14,3.0,S0,dana/düve/tosun,https://acikerisim.tbmm.gov.tr/handle/11543/3943,rif perver olamaz fenni sühande ana (nefi) hempa gülşeni nazmına bülbül gibi ziynet! vermiş mürgü hoş lehcei tab'i edüb agazi neva ey'cihan'didei sallamei yektai zeman sensin ol fazılısbimislü fehmü 'dana seni lebrizi sühan eyledi asarın kim dili mecburum olup farti safadan güya ne kadar eylese-medhinde tekapu kalemim leyk mümkün mü senin vasfını ak üzre eda muhtasar eyle kalemin hele (nuri) şimdi hem dua eyliyelim hem edelim celbi dua tülü ömril
Çorumlu,1939,ttk_1173_1939_0014.pdf,15,3.0,S0,dana/düve/tosun,https://acikerisim.tbmm.gov.tr/handle/11543/3943,ze defa gece gündüz dua eyleriz haki allah ömür versin “inönümüze. gönklerden derlemeler ' medrese tahsilinin son zamanlarda ne feci bir hale geldiğini güzelce anlatan bir destan (*| güş edin kelamım dana olanlar pendimi dinleyin ey kamil insan üç yüz on bir sene olunca tarih ne in'am eyledi gör bize sultan dedi mektep medrese küşad olsun din evi anınla hoş abat olsun okunsun yazılsun bütün şad olsun cehil marazindan kurlulsun insan köse yusuflu
Çorumlu,1939,ttk_1173_1939_0015.pdf,17,3.0,S0,inek,https://acikerisim.tbmm.gov.tr/handle/11543/3943,ara kedi ağzında keklik eti verin benim yarimi yıkarım memleketi 574 karşuda: gördüm! «seni gül ike derdim seni öpmeye kıymaz iken illere verdim. seni 575 karşuda kürt evleri yayılır develeri oturmuş inek ' sağar terliyor o memeleri 576 karşuda kuzu götdüm tüyün kırmızı gördüm şeftalü pinarında sevdiğim kızi' gördüm 577 karşu karşu “kapumuz karşudadir syapumuz sen orda:'sben » burada çatlasun «duşmanımız 578 karşu dağın odunu yakan bilir dadını e
Çorumlu,1939,ttk_1173_1939_0017.pdf,16,3.0,S0,sığır,https://acikerisim.tbmm.gov.tr/handle/11543/3943,rmanı köprülü oğlu mürüvvet kanı yetiş ya muhammet yetiş çorumlu maniler 033 keten gömlek mavuştur (1) çek yakanı kavuştur aramızda engel var gözün benden savuştur 639 keten gömlek kıvırcık suya indi sığırcık yeni yeten kızların memeleri tomurcuk 64) keten gömlek kıvırcık suya indi sığırcık maşallah den (2) ağalar benim yarim biricik 641 ketenim var bezim var eğlen sana sözüm var yüzüne diyemiyom şeftalünde gözüm var eşref ertekin 642 kahat içind
Çorumlu,1940,ttk_1173_1940_0018.pdf,7,3.3,S0;S2,dana/düve/tosun;çayır,https://acikerisim.tbmm.gov.tr/handle/11543/3943,"ine o sene içinde © azledilmiştir. bu hicri seneye tesadüf eden ilkbaharda (cidde emaretine tayini haberine intizaren maiyeti halkı ile çorum kasabası civarın da elli gün kadar: çadırlarda otutmüş at çayırlatmış ve (mirkatülcihad) ismindeki eserini bu sırada yazmıştır. 998 senesinde telif ve üçüncü murada takdim ettiği (riyazülsalikin) nam eserinde nereye defterdar tayin olunmuş ise azil haberinin kendinden evvel oraya vardığından —540— şikayet e … e emanetine tayin olunmuş, rebiyülahir' ayından sonra ;,1008 senesi tarihinde ciddede'veiat etmiştir. ali-merhumun eserlerinden en mühinimi yüz otuz parça . mehaza müracaat ederek: yedi senede. mey * dana: getirdiği. (künhülahbar) nam tarihidir . kiş whilkati «ademden 10065 hicret “yılına: kadar zuhur eden © vekayii şşamildir. eserin fatih mehmed zemanina kadar olan kısmı beş cilt olarak tabedildiği halde müverrihin kendi vaşadığı devre ait hadis"
Çorumlu,1940,ttk_1173_1940_0019.pdf,4,7.0,S0,öküz;manda (hayvan);hayvanat,https://acikerisim.tbmm.gov.tr/handle/11543/3943,"ah, “teksir, mücadele, öğretme, :sulama kısımlarını ve ziraatin o. .muhite .uygun : muhtelif şubelerini bir arada. toplamış ,büyük bir ziraat istasyonu veya devlet çifliği tesisi zaruridir. bu havali hayvanatı ıslaha muhtaçtır. köylere iyi cins buğa tevziine bilhassa itina olunur ve piç buğalar burdurulursa kısa 7amanda öküzlerini şark vilayetlerinden mandaları musuldan getirtmekten kurtulurlar. ve çifçiliğin bu en müfit uzuvlarından da faidelidi"
Çorumlu,1940,ttk_1173_1940_0019.pdf,15,3.0,S0,sığır,https://acikerisim.tbmm.gov.tr/handle/11543/3943,"mayedarları 'bazan bu mühim oyüncdülara sermaye temin ile kazanç'veyaa zatara 'iştirak © ederlerdi. tr |! aşık istılahları i — koynak: koyundan çı kan aşık. 2 — keçik : keçiden çıkan aşık 3 — kemeçe: sığır aşığı. 4 — saha: - oyuncunun alet olarak. kullandığı .. büyük davar aşığı, 5 — hilbi: dört'tarafı taşa —s598898— düzlenmiş barik yuvarlak tarafı. 9 tarafı, aşığın kıymeti piyasesi aşığın ilkbahardankışa. kadar piyasesi yükselmeğe : başlar;. kır"
Çorumlu,1940,ttk_1173_1940_0020.pdf,16,3.0,S0,öküz,https://acikerisim.tbmm.gov.tr/handle/11543/3943,"ar o perdeyi geç baykuş o perdeyi yarim bana naz eder aç yüzden o perdeyi çünki meylin yok niçin açtın ya o perdeyi 731 öte geçeli yarim siyah peçeli yarim pekmi gönlün büyüdü benden geçeli yarim 232 öküz koştum kağnıya yalvaralım tanrıya yarebbim sen kavuştur yedi benli yavruya 181 nice otisün demeti, 623"
Çorumlu,1940,ttk_1173_1940_0021.pdf,10,3.0,S2,yonca,https://acikerisim.tbmm.gov.tr/handle/11543/3943,l eder varmelinde senedin mai söylen sular akmasun sunam yade bakmasun ben ezelden yangınım birde o da yakmasun 756 siyah üzüm danesi hüsnün elmas paresi yanıyom ateşine bulamıyom çaresi 17 süpürgesi yoncadan gayet beli inceden seni ben sakınırdım yerdeki karıncadan 758 siyah üzüm salkımı yarim burda saklımı verin benim yarimi zayederim aklımı eşref ertekin 759 serseler öter baykuş serseler al sevdanı başımdan sevdan beni örseler felek sillesin y
Çorumlu,1940,ttk_1173_1940_0022.pdf,14,3.0,S0,inek,https://acikerisim.tbmm.gov.tr/handle/11543/3943,"kkın hikmetine çileyi çekmekte (yetim) hızır da bindi atına bu cihanda yok akranim isa çıktı gök katına fatiha süresi hamim hünkar konyayı zaptetmiş bütün imlayı zaptetmiş türkmen kızı figürlerinden (inek sağar) (1) bu manzume dahi ölür paşa destanına bitişik olarak aynı oönkte yazılı ve aynı şaire ait olduğundan yazılaıştır, na — çorumlu : sayı 22—"
Çorumlu,1940,ttk_1173_1940_0022.pdf,17,3.6,S0;S2;S3,inek;çayır;aşiret/göçebe,https://acikerisim.tbmm.gov.tr/handle/11543/3943,"rcettiğimiz bu oyun vilayetimiz muhitindeki eski kadın iş hayatını tasvır ve temsil etmesi itibarile önemle üzerinde durmağa ve incelenmeğe değer. dansla temsil edilen bu ev işlerinden ekserisinin ta göçebe ve çobanlık devrine ait olması, oyunun, çok eski bir tarihi olduğuna delalet eder. oyunun burada yalnız basit bir tarifi yapılacaktır. figürlerinin tesbiti vesair hususiyetlerinin tebarüz ettirilmesini ihtisas sahiplerinin n.t. himmetlerine bı … alnız bayanlar tarafından bir veya iki bayan ile oynanılır. beste saz veya tanbur ile icra edilir. oyun güftenin ilk kıtasile ayakta başlar. müteakıp kıtalarda gar) gibi iş isimleri kirman. eğirir), (inek sasöylendikçe bu işlerin oyun esndsında taklidi ve temsili bir tarzda canlandırılır. son kıt'adaki (türkmen kızı çayırda gezer) mısraına gelince oyuncu avakta (inci dizme) taklidini tarzı mahsusla gezerek ve oynayarak yapar. oyun hitam bulur."
Çorumlu,1940,ttk_1173_1940_0022.pdf,18,6.3,S0;S2,inek;süt;korunga/fiğ/burçak,https://acikerisim.tbmm.gov.tr/handle/11543/3943,"çorum türkmen kızı oyunu güftesi türkmen kızı türkmen kızı sen allar g y ben kırmızı çıkalım dağlar başına sen gülü topla ben nergizi leyli leyli yandım ayşu, türkmen kızı inek sağar uzun saçı yere değer sevsin diye boyun eğer leyli leyli yandım ayşu türkmen kızı süt pişirir sütün köpüğün taşırır görenin aklın şaşırır leyli leyli yandım ayşu türkmer kızı un eliyor ön parmağın kınalıyor öpsün diye döneliyor leyli leyli … ay damına çıktılar. gaziler kalayı çevirip yine cenge durdular. yankuniye kafirleri yine çok müslüman şehid ettiler. melik kakıdı. ol 9000 esiri getirüb kal'aya karşı kırdılar. kafirler bu hali görüb fiğan kıldılar. ol kal'ada 1700 müslüman tutsak olmuştu. nastor lain anları getirdüb burçtan aşağı asa kodular. müslümanlar ani görüb ağlaştılar: melik buyurdu. tez şeddadı getirdüler. melik ana etti. gel müslüman ol seni yerine yine bey dikeyim dedi"
Çorumlu,1940,ttk_1173_1940_0023.pdf,3,3.0,S2,kuru ot,https://acikerisim.tbmm.gov.tr/handle/11543/3943,"zaman ve muhiti; kendisini alevriz etmek için kud:- ret bekleyen kuru bir ot yığınına, dahiyi de bu ot kömesini tutuşturan ve alevlendiren seyyalei berkiyeye benzetiyor. cansız bir köme halindeki bu kuru otların, bu hareketsiz dalların o şimşeği, o dahiyi davet etmesi, yaratması iasavvur oluna» maz, bu caüsız ve hareketsiz kit: lelerin hayat bulması, nura kavuşması ancak aynı hikmet olan her sözü ile muhitine inan veren, her hareketiyle etrafına"
Çorumlu,1940,ttk_1173_1940_0023.pdf,4,3.0,S0,dana/düve/tosun,https://acikerisim.tbmm.gov.tr/handle/11543/3943,"anlış istinsah edildiği veya ebüssuud efen- (çorumlu) dinin elmadığı zannındayız. hareketlerinde serbesttir. yalnız bu hareketlerile akılsız ve cahil olduklarını gösterirler. mesele : — zeyd, akıl ve dana olub her veçhile tedbir ve tasarrufa malik olsa, zeydi mezbur kenduya enfa bazı tedbir etmek istedikçe babası amru, hilaf eyleyüb zeydin reyini bozmağa kadir olur mu? elcevap : — reyi ebaya hilaf eyleyen ebnai zaman her ne derlerse olur. ancak a"
Çorumlu,1940,ttk_1173_1940_0023.pdf,9,3.3,S2,saman/kesmik;hayvan kırılması,https://acikerisim.tbmm.gov.tr/handle/11543/3943,"e küçük. avalim hemen: hemen : bir toplu. iğnesinin. başı; kadar; bir hacme indirilirse;; onu: müşahede bizlere gayri: mümkin: bulunmuş olacak. bu faraziyede zemanda olduğu veçhile, mekan fikrinde de saman yolu kehkeşanının güneşıs: leri; neblüsler sigat anın bir; kivile cımı kadar çabuk sönecek; me» ğerki hadsiz. hesapsız yaşayan nesillerin mesaileri, günleri, zevkleri, elemleri bir. saniye içinde; ihtisar edilebilsün. zeman: mekan: yok, maddede"
Çorumlu,1940,ttk_1173_1940_0024.pdf,9,3.3,S0;S2,öküz;saman/kesmik,https://acikerisim.tbmm.gov.tr/handle/11543/3943,"ziraat esaslarına ait türk ata sözleri derleyen : hamit eker rençber aklı neylesin komşun giderse git yatarsa yat ambarın dibi takırdamadan öküzün yönü bik lkin yuvarlanan taş yosun tutmaz ya gen sök yakön dök tarlayı samanda sürersen ambarı doldurursun otla sürersen tarlayı öldürürsün iki tapan bir sapan yerine geçer güzün tapana yazın sapana dikkat et dıkızda ekersen tar pıtırak getiri … domuz ye kirezi al siyezi (kaplıca) öküz alırsan boyunduruk doldursun karı alırsan evini doldursun yazın kurusu kışa katıktır mayısta ekin toprakta isede sula acı suvanı yiyen bilmez doğarayan bilir öküzüm büyük olsunda çökmezse çökmeyiversin kalmış kağnıyı kart öküz çeker beş gün hark bir gün su terlemeden mal hırlamadan can çıkmaz koyun kellesini verirde kuzusunu vermez dirgene dayanmayan porsuk harmana gelmez. ekici ol bilici olma vermedi mab … ar kırk bıyılcık çıkmış zamheride yağmur yağmadan kan yağması iyidir siddei sevir her saati bir devir yazın enehteri gökce kargadadır yar yıkıldığı, kar yağdığı gün tozar lodos eser yağarsr ekini sat öküzal, lodos eser yağmazsa öküzü sat ekinal yağmazsada gürlese yazın abanı kışın azığını unutma yola gidersen ekmeği tekneden arkadaşı komşudan al büyük dağın büyük dumanı küçük dağın küçük dumanı olur tarlanın göceği ikindinin sıcağı olmasa tlkide … arlanın taşlısı karının uzun saçlısı makbuldür bir ambar buğdayın çeşnisi bir hapazdır dağlar karını martta alır çat çaan iken çaan şehir iken sarp tepede altun boyunduruk gümüş sapanım kaldı, sattım samanı yaptırdım bu hanın ji) yağmur yağ ekin bit tarlada çamur ji) çorumun hüyük köyünde han harabesinde görülmüş bir yazı —i31—"
Çorumlu,1940,ttk_1173_1940_0024.pdf,10,3.6,S0;S2;S4,öküz;saman/kesmik;gübre,https://acikerisim.tbmm.gov.tr/handle/11543/3943,16 teknede ohamur öküzlere ömür ver allahım ver sellice sulluca bir yağmur yazın yatanı kışın büvelek tutar zamheri hoş giderse kömüş göle yatar şubatın arpası martın görpesi yerin damarı gökdedir zamheride gece açılır gündüz bozulursa yıl azgınıdır tes yele harman sa … üğünü güzün sayarlar mal canın yongasıdır kar yerin gübresidir elin ağzına bakan aç kalır görünen köy kılavüz istemez çobansız koyunu kurt kapar bu sıcağa karmı dayanır ne korsa aşına o çıka kaşığına öküz öldü ortalık ayrıldı yağmurdan kaçayım deme doluya tutulursun modern kuru ziraat esaslarının türk ata sözlerile izah ve karşılaştırılmasında çorumda da söylenen ata sözleri aşağıda yazılı olup bilgi olarak gösterilmiştir mart ayı dert ayı kork a … oprağın bereketidir —738— allah dağına göre kışını verir kar ne kadar çok yağarsa yaza kalmaz rüzgarlı havanın kuytusu yağmurlu havanın uykusu ağustosta beyni kaynayanın zamheride kazanı kaynar sakla samanı gelir zamanı ağustosta gölge gevan zamheride karnını oğar yazın başı pişenin kışın aşı pişer yazın gölge hoş kışın çuval boş toprak nadas gübre toprağın verdiğini kimse vermez düştünse toprağa sarıl işleyen demir ışılar ağır gamgayı yel kaldır … et ekim babt olmayınca başta ne kuruda biter ne yaşta eken bilmez biçen bilir ne ekersen onu biçersin güzlüğe uyar olmaz buğday yaşına girmeli büyüme hasılat harman harman demek devran demektir düven öküzünün ağzı bağlanmaz —03ı mn
Çorumlu,1940,ttk_1173_1940_0024.pdf,11,3.0,S0,öküz,https://acikerisim.tbmm.gov.tr/handle/11543/3943,it ( hikaye mevlada etti ihsan inaye moskovda bitti gitti zenaye yandı yakıldı mosko vk.ralı şahi cihanın askerlerile gazi behadır peykerlerile ol devletlunun leşkerlerile şaşırdı moskov deşti cibali öküzlovaya çıkmıştı asker cümle mühimmat hazırda leşker sancak çekildi yüzbinde peyker oldu perişan moskov çakalı ol elmalıda olan gazada tanrı teala etti irade itlaf olundu moskov orada o mançikofta kaçtı duyalı ingirman deresi kan ile aktı yüz bin
Çorumlu,1940,ttk_1173_1940_0024.pdf,15,3.0,S2,yonca,https://acikerisim.tbmm.gov.tr/handle/11543/3943,ından gelsün demektir. 925 dağda odun yarması dilberin darılması mısır haznasın değer bir gece sarılması 926 dağı duman olanın hali yaman olanın gözüne uyku girmez yari civan olanın 927 dağlarda kara yonca karardım kararımca bir daha yar sevmeyim aslına ermeyince 9283 dağlarda ot bitmezmi süpürseler gitmezmi yarimin geldiceği bana armağan (3) yetmezmi 929 dağların sinesi kar mim harfi sine sığar değme kimse bilemez dört mim bir sine sığar (4) (3)
Çorumlu,1940,ttk_1173_1940_0024.pdf,29,3.0,S0,dana/düve/tosun,https://acikerisim.tbmm.gov.tr/handle/11543/3943,a “varır sınırsı: rastüm: yaprağa “inüb-ve büyük dere sıra 'ince'yolasveince'yol sıs buyan.sınır'sırakızıls ra kara ağaçlı suya vvarın ve andan yolsıra daşlı gedüğe ve andan'kızıl:uçüklarınıbaşından 'dana yurduna çıkar'vevandan “sinir sıra kanlı yokuşa “ves tolaşık'yoldan yolksırav kızıl» gedüklerden yol-sıra terkeş:kayamezraasının tarafından! sınır sıra “tamlalı oka» yaya ve-andan yol sıra vinüp ve yine yol.sira küçük igedikten yol sıra çaya've
Çorumlu,1940,ttk_1173_1940_0025.pdf,13,3.0,S2,korunga/fiğ/burçak,https://acikerisim.tbmm.gov.tr/handle/11543/3943,", sel basması gibi bir afat seböbile 'awasyanıl “evlerinin —— yıkılarak düptüz olduğunu anlatmaktadır lakin tarihi anlaşılmıyor: bakmak : (3) bu manide (377) sayılı —üb6z hergünahe her gün ah her gün fiğan her gün ah (2) gözlerini * yumarak süzgün yatdğ yn ate maninin bir türlüsidir : bizde var her bir günah —11—"
Çorumlu,1940,ttk_1173_1940_0025.pdf,17,3.0,S2,korunga/fiğ/burçak,https://acikerisim.tbmm.gov.tr/handle/11543/3943,"aklını başına devşürüp. iyazen billah..hanedani nübüvvete düşname hususa melik ali himmete şetim, ve lan ftazahat encame başladı ve et rafındaki hadem (ve haşemine koman bu sahharları deyu feryat ve fiğane ağaz etti güruhu pür limünşüihi 31 şügühu guzat ise olan kalaya doldular selli seyf edüp kan akıdup harp ve darbe kuyuldular eğerçiki küffari füççar zahmi tiğu nize ile helak ve haksar oldu ve illa müslimini 'mübarizin zümresinden dahi çok kim … layiki huldi me'va nm. küffar kalede bir iki (saat dahi savaştılar ve illa guzatın hücumünü görüp ve nasturun keşteliğini duyduktan sonra dibelik şaşdılar merdan ve nisvan eleman sadalarile feryad ve fiğan etmeye başladılar bilaher tiğü samsam min bait der niyam kılına ve eman hahlarına dahi seyfü intikam çalınmaya deyu emrolunmağile me'huz ve merbut ve mahbus... ve mazbut ıkılınup: ssahar zemanına alı konuldular pes meliki kamkar ka edin eki cn"
Derme,1937,0000_1937_0002.pdf,9,4.0,S0;S1,dana/düve/tosun;hara,https://acikerisim.tbmm.gov.tr/handle/11543/3966,"şılmaktadır . bunlar fenike adı iki sahilde bir kasaba kurmuşlardır . (şimdi ayni ad ile kaza merkezidir .) “antalya havalisine bunlardan başka diğer milletlerde gelerek yüksek medeniye eserleri mey: dana getirmiştir. bu havaliye yunanlıla m. e. 1400 de gele. rek iran hükümdarı keyhüsrev tarafndan zabt edilmeye kadar yüksek bir medeniyet merkezi olmuştur . bundan sonra 211 sene iran. hların idaresinde kalan ' teke havalisi bundan sonra makidonya … bir meleniyet devri yaşar. bugün bu havalide tesbit edilen 84 harabenin kısmı azami romalıların zamanına aittir , bu medeniyet abidelerinden en muhimleri şunlardır . aspen. das adı ile anılan belkis hara besi bugün bile gözleri > turan bir şaheserdir. yine antalyanın 60 kı,m. çe. nubu şarkisınde , eski antalya ismini taşıyan (side) şehri bu. gün sahilde kumlarla örtülmüş bir vaziyette olmasına rağmen mevcüt rıhtım harabeleri bu .yük sek medeniye"
Derme,1937,0000_1937_0002.pdf,13,3.0,S2,kuru ot,https://acikerisim.tbmm.gov.tr/handle/11543/3966,"lir. içlerinde - kurtlar bulunduğu halde yere düşerler . meyvalar yere düştükten sonra içlerindeki kurt çıkup toprağa ve cesametde , yahut ağacın gövdesindeki yarık ve - çatlalara, ağaçların alündaki kuru ot ve çalılar arasına (girerek orada “krizalit, olur. 20--30 gün sonra kirizalitlekderi çikan. kelebekler tekrar i b çe eliz üzerine - azayı dişi bu neslin tırlılları kışı kısmen meyva bahçelerinde ağaçların kabukları altlarında ve bilhassa muht"
Derme,1937,0000_1937_0004.pdf,11,4.3,S1,damızlık;aygır;zootekni,https://acikerisim.tbmm.gov.tr/handle/11543/3966,"© damızlıklarından ve «ği t a. leriyle yarış ve islah oencümeni ilk ve sonbaharda olmak üzere mülatyaya iki yarış tahsis etliği takdirde vilayet alçıık ve yarışçılığı hem daha canlı ve hemde iyi at beslemek arzusunu takviye etmesi bakımından çok. daha … ı şekilde temin ve islah edecek bir iş olacaklır. şimdilik malatya çadağ , adıyaman , besni , kazalarının bütün atlarının mutahassıs bir heyet tarafından birer birer muayene edilmesi ve damğadoğruya -zootekni merkez. akkahta lanması suretiyle yapılır . bu ssuvetle bütün hayvanların ayıp , kusur, fena teşekkülatı tesbit edilebilir . ve hangı evsafta damızlığa verilecekleri tayin edilir . iyi teşekkülat ve evsaf gösteren kısraklar at aygırına , dun … z var demektir. beş senelik çalışma programında her sene bir veya iki aşım duağının yapılması kahul edilmesine nazaran . yakın bir zamanda bütün kazalar birer aşım durağına malik olabilecklerdir . d— aygır tedariki ve aygır nisbeti. değerli valimiz i. etem akıncının direktifleriyle vilayetimize atçılıkla birlikte vasi mıkyasta bir katır yetiştirme işi yapılacaktır. her sene alınacak oaygırların beşte biri at beşte dördü merkep aygırı olacktır. al"
Derme,1937,0000_1937_0004.pdf,12,3.0,S2,yonca,https://acikerisim.tbmm.gov.tr/handle/11543/3966,"viyesine ulaşmış yetişdiriciler olmakla beraber ; bazan bakım hakkında en ufak bilğileri daha bulunmayan at meraklılarına rastlamak kabildir . vilayetimizin ekseri kazalarında bol bir şekilde yetişen yonca dolayısiyle malatya, türkiye atçılığı üzerinde önemli bir rol alabilecek durumdadır . malatya atçılığını islah etmek için ne yapmalıyız. yapılrcak işleri . 1—bakım ve gıda itibariyle islah 2—teşvik usullariyle islah 5—doğrudan doğruya aktif z00 … ve tohumlarının layikiyle tetkiki ve bunlar üzerinde kompetan şahısların mütalaalarınm alınmasıyle beraber , alimanter her sene laboratvarlarca tayinini temin etmek aytica ziraat memurları tarafindan yonca ziraatına el verişli sahalar tesbit enilmeli ve yoncacılığın inkişafı için bu işlerle uğraşmış mutahassısların o direktif- © erinin dalma göz önünde bulundukıymetlerinin ' rulması lazımgelir. > b—yulaf ziraatının temini ve memlekette en iyi ve"
Derme,1937,0000_1937_0005.pdf,1,3.0,S0,sığır,https://acikerisim.tbmm.gov.tr/handle/11543/3966,"r | çocuk arayıcı, araştırıcı olmalıdır © öğretmen nazım | pi göz yaşım (şir) ziya atılgan fi n bir damla gözyaşı büyük hikaye (3) melahat sezener k ii © büyük ata (şir) o (© m. ulubilgin n w malatya sığırcılığı ne alemde / ze malkoç n yokluğa gidiyoruz. l m. ulubilgin i 14 yılın destanı yin darendeli ahmet ertem hatay istiklaline © — darendeli a. ertem doktor . m. gündüz yoldaş kendimize hasbir edebiyat yaratamaz miyiz 2. uluceik rin em in ezim"
Derme,1937,0000_1937_0005.pdf,7,9.3,S0,sığır;inek;öküz;süt,https://acikerisim.tbmm.gov.tr/handle/11543/3966,"malatya sığırcılgı ne alemde ağ alatya ilinde 57295 şi erkek, vi 51080 ni dişi olmak üzere 108375 sığır mevcuttur. vilayette 412025 nüfus olduğuna nazaran aşağı yukarı 4 nüfusa bir sığır isabet ediyor demeketir. memliketimiz bir çiftçi memleketi olduğuna naz … na nazaran acaba kaç nüfusa bir öküz düşer ve acaba kaç köylünün sabanı tarlada yüzüstü kalmayup kendi öküzüyle çalışır?. vilayette bulunan 57295 öküzü nüfusa taksim edersek aşağı yukarı 8 gişiye bir öküz düşer. bir aileyi sekiz kişiden mürekkep kabul eder, şehir ve kasabalarda oturup çift ve çubukla alakası bulunmayan vatandaşları istüsna edersek her çittçiye ancak bir çift öküzün isabet ettiğini kabul edebiliriz. 412 bin nüfun yüzde yirmi beşin … e yirmi beşini muhtelif yaşlarda çocuk kabul edersek vilayette 103 bin çocuk vardır diyebiliriz . bunların günlük süt ihtiyaçlarını 200 gram olarak kabul ettiğimiz takdirde bütün vilayetin bir günlük süt ihtiyacı 20 bin 600 kilu eder. tabii bu rakamlara hastalık dolayisiyle fazla miktarda süte ihtiyacı olanların sani gidi ie memiştir . vilayette gi bi mek buna göre makta olduğnu kabul etmek sureretiyle bütün vilayet ineklerinden günde beher ineği … her ineği 2 kilo süt verir kabul etmek şartiyla 50 bin kilo raddelerinde süt istihsal etmek mümkündür . 20—21 bin kiloluk süt şeklindeki sarfiyat haricinde yoğurt ve yağ olarak işlenmeğe hazır günlük süt hasılatı 29 bin kilodur . biz 59 bin kiloluk südün hepisinin yağ şekiinde işlenebildiğini kabul edersek ve yağ nisbetini yüzde 4 olarak kabul. edersek bir günde vilayetimizde ancak 2040 kilo yağ elde edebiliriz . 412 bin nüfusun beherine günde 20"
Derme,1937,0000_1937_0005.pdf,9,11.0,S0;S3,sığır;veteriner;şap;şarbon/karakabarcık;piroplazmoz/teileri,https://acikerisim.tbmm.gov.tr/handle/11543/3966,"» ii ğe şurada kaydetmeden geçemeyeğim ki bazı görgüsüz ve bilgisiz fen adamları şap hastalığına ehemmiyet vermektedirler ve maalesef (böyle şahsiyetler en kıymetli idrrecileri bile dar görüş ve kötü düşünüşlerile zehirleyebiliyorlar. şab hastalıgı yapan , köylünün sabanını yüzüstü bırakan zaruri hallerde boyunduru-. ga, daha yük … daha yük taşıyacak çağa girmeyen eşek sıpasile köylünün 15 gün altı yaşındaki oğlan ve kız çocuğunu sokluran bir afettir . ve alınacak ciddi zabıtayı sıhhiye tedbirleriyle her zaman isi önlenebilir . yanıkaraya gelince bir çok köylerimizde henüz bu hastalığın 'aşı ve seromunun mevcut olduğunu bile bilmezler ve yüzde yüz kurtarıcı aşı ve seroma malik bulunan veteriner teşkilatına hastalığı ihbar etmek zahmetine bile katlanmazlar : şarbon aynı vazi … azlar : şarbon aynı vaziyettedir. senede bir çok sığırlarımızın ve o arada insanlarımızın bile ölümüne vesile olabiliyor. piroplazmoza gelince köylünün zarik namını verdikleri bu hastalık dahi ilimiz sığırları üzerinde öldürücü tesire maliktir. damarlarımızda onun büyük atömızın kanı dolaşıyor . gönlümüz kemalizmin verdiği ima ila meşbu eminiz ve biliyoruz ki her türlü yoksulluklara , ber türlü manilere - rağmen çalışacağız ve muhakkak başaracağı"
Derme,1937,0000_1937_0005.pdf,10,13.0,S0;S1;S2;S3,sığır;inek;damızlık;boğa;mera;şarbon/karakabarcık;salgın/epizooti,https://acikerisim.tbmm.gov.tr/handle/11543/3966,"ys? ağa meaklıdirlar . © “© arapkirden sonra li, besni, adıyaman, kahta ve darende gelir. umumiyet itibariyle sığırlarımızı renk ve cüsse itibariyle tedkik edersek muhtelif kanların karma karışık bir surette damızlıkta kullanılması neticesi. envar çeşit renklerin ve rastgele teşekkülata malik hayvanların çokluğunu görürüz . her köyün sığır sürüsünü gözden pe … . ark bütün dünya gelişi güzel hayvan yetiştürmten vaz geçmiştir. herkes bir gaye uğrunda hayvan yeliiştiriyor. ya. sülü için, ya kuvveli için,ya eti için mal besliyor ye yetiştiriyor . vilayetimizde sığırların ıslah bakımından şimdiye kadar yalnız bordizo aleti alup köylüye dağıtmşür . hiç bir zaman unutulmamalıdır ki, acemi ellerde bir bordizo aletiyle memleket sığırcılığına tevcih edilmiş bir silahın farkı yoktur. biz değerli ilbayımız i. etem … pte yetişen mahalli ırk. köylerimizde evvela önümüzdeki senslerde başlayarak damızlığa yaramayan hayvanların ortadan kaldırılmasile yani faaliyet sahasından çıkarmak suretile işe başlayacağız . güzel inekleri bulunan , ahalinin merak , meraların müs aisloği olan köylerde damızlık boğa ihtiyacının temin edilmesile , damızlık dağılılan köy ve kasabalar için bir inek organizasyonunun kurulması atılacak ilk adımdır . iyi baba ve iyi ananın yavruları … elverişli bulunanları diğer köylere damızlık olarak vermek ve tedricen bütün köylerimizin boğalarını verim kabiliyetleri ölçülmüş ana ve babaların yavrularından intihap etmek gayemizdir . (ilerde bir boğa çifiliğinin tesisi dahi düsünülebilir.) i güzel inek ve boğa yetiştirme hevesini artırmak için, köy birlikleri ve kazalar arasında sergi ve müsabakalar açmak iyi sonuç verebilecek işlerin başındadır. kısaca kalite itibarilyle yapılacak ıslah işi"
Derme,1937,0000_1937_0006.pdf,6,3.0,S1,boğa,https://acikerisim.tbmm.gov.tr/handle/11543/3966,"nehir suyunun bir damlasını teşkil eder; böylece tükenmiyen günleriniz tükenmiyen damlaları ve nihayet bu akar suyu meydana getirir: zaman adındaki akar suyu! bir akar su ki, her damlası bir” hayatı boğa boğa, çırpımdıra çırpın dıra sürükleyip götürmekte. sessiz ve esrarengiz akışlarınızda daima bir feryad havası duyulur. hayata henüz gözlerini açan ve ilk teneffüs yudumcuklarını alan bir canlı ister istemez kendisini size terk etmiştir. o soğuk"
Derme,1938,0000_1938_0007.pdf,11,3.0,S0,öküz,https://acikerisim.tbmm.gov.tr/handle/11543/3966,"ze kağan oldum, ilinmiş, bağlı yahut asılı yaylar, kalkan bize damga olsun. bu yanımız (bayrak, alem) gök .kurt olsun. (oranımız) (1) demir harbeler olsun. ormanlık yerlerde yaban atı, nehir ve ırmak öküzü avlansın, gök çadır onların yunundan olsun.. oğuz, bu yanımız gök kurt olsun diyor. kurt hem bir (ongun) hem bir (oran) dır. fakat; türklerde eskiden kabilelerin tesanütlerini temin eden bu (oran) lar milli ve ırki değildir. her kabilenin (oran"
Derme,1938,0000_1938_0008.pdf,19,3.0,S3,şap,https://acikerisim.tbmm.gov.tr/handle/11543/3966,"i doğan çocuğun bedeninin henüz mütehammil bulunmaması yüzünden ebe kadın, doğumdan üç gün sonra (bu üç güne kadar çocuğa hiç birşey yapılmaz, vücudunun terbiyesi bundan sonra başlar) tuz, çörek otu, şap, karanfil, zencefil gibi maddeleri biribirine karıştırarak çocüğün vücuduna sürer. bu, çocuğun mafsallarında görülen kızartıların zail olmasına kadar devam eder. bundan sonra kol ve ayaklarının düzlüğünün temini maksadile, her gün bir defa açılma"
Derme,1938,0000_1938_0008.pdf,21,3.3,S0;S4,öküz;gübre,https://acikerisim.tbmm.gov.tr/handle/11543/3966,"bir kaçı ayrıca yazılmış ve — eklenmiştir. “dan arkadaş aramağa eğitim : çocuk, babasının yaptığı işleri görerek ve yavaş yavaş taklit ederek öğrenir. bu işler: saban kurmak, çift aletlerini onarmak, öküzleri sulamak, hayvan yemlemek ve altlarındaki gübreleri temizlemek, çifte ve oduna gitmek gibi işlerdir. baba çocuğuna daima işlek, çalışkan, becerikli olmasını; doğru söylemesini, namuslu yaşamasını, şeref ve haysiyetini korumasını telkin eder."
Derme,1938,0000_1938_0008.pdf,24,3.0,S0,öküz,https://acikerisim.tbmm.gov.tr/handle/11543/3966,"22 derme ş sayı : çocuk koyun sürülerini güderek artık ailenin ufak bir yardımcısı olur. ufak bir yardımcısı olur. çiftçiye ekmek, yemek götürmek, kuzu gütmek, düğen sürmek, öküz sulamak, gündüzleri bağ ve bostan beklemek gibi * iş: leri görür. beden gelişimleri müsait olan öksüz çocuklardan, bu yaşta odun getirme gibi işleri görenlerde görülmektedir. d 15-16 yaşlarına gelen çocuklar bundan sonra yardım işlerini daha ziy"
Derme,1939,0000_1939_0011.pdf,8,4.0,S2;S4,yem;ahır,https://acikerisim.tbmm.gov.tr/handle/11543/3966,"rlar. bu sırada yavuz hükümdar oluyor, yavuz bu heyeti çenberli taşın karşısında o zaman. : sefarethane olan şimdi yerinde mat. baa bulunan yerebu sefaret heyeti ni haps ediyor, (1515) bu heyet hanın ahır duvarlarına sekil yazısı ile bir kitabe yazmıştır. bilahere bu han yanmış ve kitabe deo meyanda gap olmuştur . kitabeyi meydana çıkaran 1555 de türkiye ye seyahat eden macar dersehwam dır bu zat ankarada latin ve yunan kitabelerini kopye etmiş i … 13 de bızans imperatoru ermeni (leon) ı mağlup ederek çanakkaleye kadar ilerlemesinden ve edirneyi zaptından bahseder bu kitabede kişin kelimesi türkçede küçük demektir. yine demektir. eşme deme içme yeme sadi arcak"
Derme,1939,0000_1939_0011.pdf,16,3.0,S2,kuru ot,https://acikerisim.tbmm.gov.tr/handle/11543/3966,"ağın tarihi moray cağına aldı . emzirmeğe başladı. yarım saat sonra mini mini ouyumuşdu. getirdiği yaprakları belinin altına, üstüne yaydı örtdü. ftrafına bakındı. bir insan yuvası için yetişmeyen bu kuru ot ve yabraklara bir kucak daha ilave arzusile oradan ayrıldı . kırk elli adım uzaklaşmamıştı iki iri kanadın havada çarpmasından çıkan boğuk bir gürültü işitti. korkarak arkasına bakdığı zaman : yavrusunu bir kartalın pençeleri arasında bulutla"
Derme,1939,0000_1939_0011.pdf,23,3.3,S0,öküz;süt,https://acikerisim.tbmm.gov.tr/handle/11543/3966,"derme 23 ı — bir ölü öldüğü gün yıkandığı yere bir tavuk kesilir, yıkandığı yer güneş batıncaya kadar kaldırılmaz. akşam alina bir mum yakıldıktan sonra kaldırılır . k — ilk süt sağmağa gidildiği gün her kadın beraberine birer baş soğan götürür ve sağım yerine dikerler . l — davara koç bırakıldığı gün koçun üzerine bir kız çocuğu bindirilir. (bundan maksat doğacakların dişi olması içindir. m — değirmene una gidildiği ğün"
Derme,1939,0000_1939_0012.pdf,9,3.0,S0,dana/düve/tosun,https://acikerisim.tbmm.gov.tr/handle/11543/3966,"rar danişmendilere saldırdı. bu sefer danişmendilerin askeri bozuldu ve yağibasanda öldürüldü. - kılıcarslan danişmendilerin: bir çok - yerlerini istilaya muvaffak oldu. asıl bozuşma hadisesini mey- “dana getirmiş olan yağibasanın ö- -lümü dolayısile yerine zünnun geçti, aradaki burudette bu suretle kısmen bertaraf edilerek, zünnün kayseride icrayı hükümete başlamıştır. bir aralık kılıçarslanın kaim babası saltık oğ'u (nurettin) ile de araları aç"
Derme,1939,0000_1939_0012.pdf,13,3.0,S1,boğa,https://acikerisim.tbmm.gov.tr/handle/11543/3966,"adangelmiş brakisafal ırkın medeni eserleri görülmekiedir. mezo potemyadada ilk defa 1842 de musul—fransız konsolosu botta tarafından yaptırılan hafriyatta (kuyuncuk, harsabat) insan , yüzlü, kanatlı boğalar ve nefis kabartmalar çıktı ve luur müzesine önderildi. hafriyata devam edilerek asur hükümdarlarından sargonun sarayı bulundu. bu suretle asur ve babil medeniyeti, tarihi tevrat ve heredotun menkulatından kurtulmuş oldu. yine bir ingiliz alim"
Derme,1939,0000_1939_0013.pdf,14,3.0,S0,öküz,https://acikerisim.tbmm.gov.tr/handle/11543/3966,"n sonra (allahın emri peygamberin (o kavli ile kızınızı oğlumuza istiyoruz ) diye söze başlar, muvafakat cevabı alındıktan sonra kız babası kaşıdakinin mali durumunu göz önüne ala rak ondan at, deve, öküz ve bus na benzer bir armağan istenirki buna hedime denir. bu meselede uyuşulduktan sonra yine tat. lı bir şey yenir kalkar evlerine giderler, kalın : bundan sonra kız nişanlısından gelin oluncaya kadar kaçar. baba, ana ve akrabalarından kaçmaz o"
Derme,1939,0000_1939_0013.pdf,16,3.0,S0,sığır,https://acikerisim.tbmm.gov.tr/handle/11543/3966,24 derme sığır gibi hediyeler verir” bu hediyeler bir iki yıl içinde ödenir. bu arada erkek tarafı bütün ahbap ve arkadaşlarını töplayarak kızevine gider. koyunlar kesilir. burada yapılacak masarif her iki taraftan yardımlaşarak yapılır. yemek yindikten sonra
Derme,1944,0000_1944_0014.pdf,15,6.0,S0;S2,inek;hayvan kırılması,https://acikerisim.tbmm.gov.tr/handle/11543/3966,"nerde ise gecenin ilk yıldızı doğacak. torosların üstünden gelen tatlı bir rüzgar, ucsuz bucaksız kaysı bahçelerinde oyalı yemenilerini savurarak dolaşan, “kınalı parmaklariyle kabuk yaran, çekirdek kıran yurt kızlarının sümbül perçemlerini okşuyor. buram buram hayat tüten yeşii düzlüklerde başıboş bir at gibi koşuyor rüzgar.. dermenin eflatun suları köpüklendi..... akşam yelinin temasile ürpatdi, harelendi . deminki pembe çizgiler kurşuni bir d … yavaş bize doğru yaklaşan ince bir çıngrak sesi... gittikçe daha iyi duyulan hışıltı ile akşamın sükünunu o bozuyor. küçük “ ayaklardan kalkan toz bulutu pencerelere doğru yükseldi. kuzu meleyişleri, inek böğürmeleri ortalığı deldurdu. gecenin sessizliği içinde bu günahsız canlılar (kafilesi | birbirine sokularak uzaklaştı, yavaş yavaş kayboldu. ay ışığı, geniş gölgelerle örtülü dutlukları, bir masal bahçesi haline koyuyor... solgun bir ışık hali"
Derme,1944,0000_1944_0014.pdf,18,3.0,S1,boğa,https://acikerisim.tbmm.gov.tr/handle/11543/3966,"ni izmirden kemalpaşa kazasına giden yo'- da ve karabel denilen mevkideki kaya üzerinde de görüyoruz. yine şark müzesinde 8855 numaradaki heykel de (sandunun tamam kendisidir. kabartma resimde iki de boğa görülür. bunlardan birisinin .(seriş), diğerinin ismi (hüriş) olarak okuyoruz ki, bunlar da birer ilahtırlar. fakat şu iki isimle (kitiş) ismi arasındaki mutabakatla besni kazasına beş saat mesafedeki (kitiş) köyünün adı, arık, bize yabancı kala"
Derme,1945,0000_1945_0016.pdf,5,3.0,S0,hayvan yetiştir,https://acikerisim.tbmm.gov.tr/handle/11543/3966,", toprağını seven, sürmesini bilen, ticaret işlerinden anlayan, cesur, azimli, sebatlı ve müteşebbis olan ancak, enstitülerden yetişenler olacaktır. tarlasını sürmesini; arabasını ta- - mir etmesini, hayvan yetiştirmeşini, e. vini yapmasını, bezini dokumasını bilen, bir memurdan bir kaç defa fazla kazanmanın - yolunu bulan bir adamın e"
Derme,1945,0000_1945_0017.pdf,17,4.0,S0;S2,öküz;yem,https://acikerisim.tbmm.gov.tr/handle/11543/3966,"rulmak nedir bilmez ,acıktığı bile aklı- - na gelmezdi. . vakti anlamak için biv güneşe bir de yerdeki gölgesine baktı. öğle yemeğinin vakti yaklaşmıştı. neredeyse kezban, soğuk ayranı küçük destiye, yeme. ği de sepete koymuş olduğu halde karşıki sırtta görünecekti. o zamana kadar yeni attığı şu sapları da bir eritseydi... elindeki uzun öğendireyi, kaldırdı. sabahtanberi durmadan dönen alaöküzle. rin sırtında gezdirdi. — deeehh;.. haydaa;.. deeeh … talik çalarak durdurdu, kuşağının arasından beyaz'meridilini çıkardı. kezban'a doğru salladı. kezban onu görünce.boşta kalan kolunu yukarıya kaldırdı, başının. debi de bir kaç kere çevirdi. ii veli, öküzleri spa ulan çıkardı. yakınlarındaki pınardan sulamaya götürdü. pınardan dönüp irice bir meşenin gölgesine hayvanları salıverirken, sofrayı hazırlamış olan ferzba ko. casına sesleniyordu . — haydi gayri... dan yiyelim;.. — geliyorum,.. geliyorum"
Derme,1945,0000_1945_0017.pdf,18,3.0,S0,öküz,https://acikerisim.tbmm.gov.tr/handle/11543/3966,"ni yakan alevli bir nefes alıverdi, arkadaşına döndü. sordu: — ne yapmalı?.. — vallahi sen bilirsin. bana kalırsa bir kere de sen gözetle;.. veli, ertesi günü, tarmana gider gibi erkenden yola çıktı. öküzleri köy s1. gırtmacına verip kendisi köy çeşmesinin arkasındaki sık çalıların arasında gizlendi. kuşluk vakti bir aralık çeşmede kimse kalmadı. kezban elinde bir bak-. raçla çeşmeye geldi. öbür köşeden de köyün muhtarı çıktı. çeşme başında a - z"
Derme,1945,0000_1945_0017.pdf,21,3.0,S1,boğa,https://acikerisim.tbmm.gov.tr/handle/11543/3966,"nım; ne piki duruyor sun? kaçığın biri ister, diyor, kampanayı müteakip tren, derin nefeslerle hareket ederken, içeriye zorla yerleştirilen ak veli'nin sesi hala duyu, luyor: — bırakın beki, çocuğumu boğa - caklar.,, vali paşaya söylerim,,, birakın beni.. mehmet h. erkunt"
Derme,1946,0000_1946_0018.pdf,19,6.3,S1;S2;S4,Çifteler;saman/kesmik;tezek,https://acikerisim.tbmm.gov.tr/handle/11543/3966,"ometre uzakta sıvas - malatya yolu üzerinde minicik bir istasyon ve 140-150 haneden ibaret şirin bir köy. köy deyince, onu yakından ta- “ nımıyanların gözü önüne çamurlu, pis daracık yollar, duman ve tezek kokuları, mezbelelerde oynayan şiş karınlı, sıtmalı çocuklar, sıska sarı behizli gençler, bodur bir iki ağaç, imak ve birkaç tavuk gelir, bu, asırlar boyunca köyü sadece “ahsildarları, zaptiyeleri ve aşarcıları ile sömüren bir devrin hafızalara … adım başında gönüllerin bütün gamını, günün bütün yorgunluklarını silip kalbi taze arzu ve ümitlerle dolduran “gür çayların çağıltıları içinde girersiniz. bu çayların ne güzel-adları var: sevgi çay,ı saman harığı, tafta... dilek bu gür ve berrak sular üzerinde sık söğüt, kavak ve meyve ağaçlarının kış yaz ruha sükün ve şiir dolduran tade manzarası içinde temiz.yollar ve basit de'olsa temiz yüzlü evlerle:kümelenmiş “bir sayfiyeyi andırır. malatya: … ns tohum, değişik ekim, kozacılık vesaire. vesaire...'şimdi de avcılığı ve atıcılığı teşvik için-ne yapıp yapmış bir talim tüfeği ve bol mermi tedarik etmiş gençlere mavzer atışları yaptirıyor, kendi çiftelerile de avlar tertip ediyor. o gün berber hüseyini ava göndermiş. hüseyin bir tavşan ve bir çulluk ile dönmüş. berber hüseyine şakalar yaparak bu başarıyı kkutluluyorlar. i içimde bir istifham kıvrıldı. çalışkan, mesüt, bilgili've medeni türk"
Derme,1946,0000_1946_0018.pdf,26,3.3,S0;S3,inek;aşiret/göçebe,https://acikerisim.tbmm.gov.tr/handle/11543/3966,"igi bir soy sembolü idi. dört yiğit oğlu, levent bir kızı ve her alanda kendisine denk olan fedakar sadık bir eşi vardı. acılarını, saadetlerini beraberce paylaşır dert ve sevinç ortagı olurlardı . y aşiret beyi şu lahzada derinlere dalmış hayatın bu bir sürü safhalarını düşünüyor, görüyor ve içinden hayalliyördu .bir aralık yamaçlarda gözlerine bir karaltı takıldı, silkindi, gözlerini oğuşturdu. yüzünü kaplıyan nurani sakalını sivazladı, hayatın … orlar. — evlat tanrıya şükür, yerimiz de var yiyeceğimiz de, hoş gel. sinler safalar getirdiniz azizler. tan rı misafirine hiç yer olmaz.mı?. . misafire hürmet ve hizmeti şiar edinen: mir muhammet ve aşiret efradı, çarçabuk hazırlandılar. büyük “sevinçler göstererek konuklarını güler yüzle karşıladılar. hünkarın mümessili nedim ve ağırbaşlı bir arkadaşı özel yerlerine, aşiret başkanının çadırına, diğer süvariler de obanın muhtelif çadırlarına yer … başladı. halaylar hora tepmeleri, coşkunluklar yaylayı titretiyordu, nedim memnundu .burada gördüğü düzen ve dirlikten, gösterilen konuk severlik hareketlerden ziyadesiyle hoşlanıyordu. bu aileye ve aşirete karşı gittikçe sempati ve saygı göstermeğe başlamakta idi. artık güneş yavaş yavaş çekiliyor. nerde ise akşam olacak. çadırlara sürülerle hayvanlar geliyor. koyunlar ,keçiler, inekler, katırlar obada adeta yeni bir kargaşalık yaratıyordu. at"
Derme,1946,0000_1946_0018.pdf,27,3.3,S2;S3,hayvan kırılması;aşiret/göçebe,https://acikerisim.tbmm.gov.tr/handle/11543/3966,"iket korktuğu ve istemediği hazin sonucu getirmişti. 'bağdat seferinden payıtahtına dönen 'hünkar, bağdat zaferinin ver diği 'sarhoşlukla mesafeler kat ederken, medhü senasını has nediminden işittiği aşiret beyi kızının ulvi hayahile başbaşa yaşıyor ve getirilmesi :- çin “tedbirler almış bulunuyordu. dıyarıbakir yoluyla dönen hünkar, .nedimi .ve yanına o verdiği yüz “kadar atlı ile urfadan kahtayg yola çıkarmış ve başarılar dilemişti. o tarihlerd … ş gözlerin çevresi halkalanmış, sırma saçlarını bir örgü yaparak üç etekli entarisini o(zıbının)' ensesine doğru koymuş ve saklamıştı. pembe dudaklarında uçuk bir açıklık, yüksek alnında besbelli bir kırgınlık ve hilal kaşlarında ümitsizlik çatıklığı, şehla gözlerinde ise bariz bir melal oku- “nuyordu. sıcak sesi şu anda ne ka- .dar ezgin ne kadar yanıktı. o artik bir insan değil, bir melek olmuştu. yollarda konuşuyor. küçük kardeşleri mehmet çel"
Derme,1946,0000_1946_0019.pdf,21,3.0,S0,büyükbaş,https://acikerisim.tbmm.gov.tr/handle/11543/3966,iğer köy halkodalarına da teşmil edilecektir. temsil heyeti ile birlikte eskimalatyaya giden doktorlarımız hastaları muayene etmişler ve geröken ilaçlari parasız dağıtmışlardır. temsil heyeti piyeste büyük başarılar göstermiş ve civar köyler den 'davet edilen yüzlerce halkın iştirakile köylülerimiz müstesna bir gün geçirmişlerdir. konferanslar: aylarında 15 günde hir ya kız aylarında 15 günde bir pılmakta bulunan konfranslar toplantısı mart ayınd
Derme,1946,0000_1946_0019.pdf,23,3.0,S0,büyükbaş,https://acikerisim.tbmm.gov.tr/handle/11543/3966,iş ve hava gücü takımı şehrimiz şampi yonluğunu kazanmıştır. galip takıma c. h. p. il idare kurulumuz tarafından 23 nisan bayramı günü merasimle kupa verilecektir. gençlerimizi şimdiden kutlular daha büyük başarılar dileriz. yeni halkevi binası : bugünkü bina bitişiğinde bulunan geniş arsada yaptırılması kararlaştırılan yeni binamizın plan ve projelerinin hazırlanması. için c. h. p. genel sekreterliği yüce makamı tarafından gönderilen yüksek mima
Hatay Devleti Resmi Gazetesi,1938,0104_1938_39.pdf,4,3.0,S4,ahır,https://acikerisim.tbmm.gov.tr/handle/11543/4190,"höyeti umumiye suretinde gm ahval inüstacelede,, heyeti | “ymumivkalaade olmak üzere “gerek © idare $ m gerekse komiserler “tarafın -i dan içime davet edilir a la -aagari temsil eden hisse- i <darlar ahırdan. kendisine talep. vaki | olmadı ğunda ; “heyeti umumiyeyi, toplama- | . irdür . kanunda musarrah ah- . heyeti şmiyeleri içtimama mütçallik daveti . hd. resmi gazete mahalde münteşir biri arapça “diğeri fransızça iki gazetede laakal yirmi gün"
Hatay Devleti Resmi Gazetesi,1938,0104_1938_47.pdf,2,3.0,S2,korunga/fiğ/burçak,https://acikerisim.tbmm.gov.tr/handle/11543/4190,"aline, limon şekerğkamışı kuru incir ; badem ( kabıklı) wceviz?( kabıklı) şalgam enginar » - kuru «sebzeler: m ercimek nohut leblebi fasulya bakla “bezelye bamya -— hububat — buğday arpa yulaf burcak fiğ “ak darı mısır hanbelas (murt)d toprakjmahsulatı keçi boynuzu (harnup) yer fıstığı b — sebzeler: patlıban taze fasulye kabak (sakız) kabak (bal) domates bamya patates lahna karnabahar “ kırmızı 'büber bezelye soğan sarımsak ıspanak turp » .bakla"
Hatay Devleti Resmi Gazetesi,1938,0104_1938_47.pdf,3,3.0,S0,sığır,https://acikerisim.tbmm.gov.tr/handle/11543/4190,> alçı s.617 nar bekmezi | dafne yağı ceviz kerestesi | çam kerestesi meşe kerestesi f — hayvanlar sığır ve camus koyun keçi 0 menşe! hayvanı olan mahsulat sade yağ ipek kozası yün manda derisi kuzu ve oglak derileri - keçikilı “ barsak bal | bal mumu menşei madeni olan maddeler kıl mermer o | sumaki mermer krom j — deniz mahsulleri : “hatayda amı
Hatay Devleti Resmi Gazetesi,1939,0104_1939_51.pdf,2,4.0,S0;S2,sığır;otlak/yaylak/kışlak,https://acikerisim.tbmm.gov.tr/handle/11543/4190,"o < 25 vekili vekili oz il a seke i 15 | a. faik. türkmen k. alper - dut < 1 beygir < 15 onay 23-12-938 d & « 1 merkep « 10 ıt. sökmen i madde 4 — hatay haricinden gelen ticaret mevaşisinden. almcak otlakiye rüsumu şunlardır: deve, merkep, sıgır, katır, her hayvandan 6 kuruş | ş karar no 62 > lili il il il 25 < 1-1930 senesinde tavşan, keklik, ve dracların sl ğe i r “ a avı 15 kanunsani diger av kuş ve bayvanların avı da 15 şubattan itibaren men"
Hatay Devleti Resmi Gazetesi,1939,0104_1939_59.pdf,3,5.0,S0,sığır;canlı hayvan;hayvan ihracatı,https://acikerisim.tbmm.gov.tr/handle/11543/4190,"nde başvekil doktor abdürrahman meleğin riyasetinde toplanan. icra meclisi, 1 — 48 numaralı kararnameye bağlı hatay mahsulat ve mamulatını gösterir listeye, turunç, kebbat, ağaç kavunu, havuç, manda, sığır, keçi, koyun derileri (ham ve tabaklapatış); | alıç, unnap, trabzon hurması, mozaik döşeme plakları, şişe ile j mamul gazoz, pasta ve susam'ın da ilavesine, 2 — mezkür kararnameye bağlı listenin zinci maddesimia - son fıkrasının aşağıdaki şekil … or abdürrahman meleğin riyasetinde toplanan icra meclisi. hatayın kasaplık hayvan ihtiyacını te'min etmek ve fiyatların mütemadiyen yükselmesine mani olmak üzere hataydan yabancı memleketlere bilumum canlı hayvan ihracatının menine karar vermiştir başvekil dahiliye, hariciye ve müdafaa vekili dr. abdürrahman melek adliye vekili maliye, iktisat ve gümrük vekili c. o. yurtman cemal kültür ve sıhhat vekili na'ıa ve ziraat vekili k. alpar faik türkme"
Erzurum : Halkevi kültür dergisi,1944,0000_1944_0002.pdf,5,3.0,S0,büyükbaş,https://acikerisim.tbmm.gov.tr/handle/11543/4274,"re tarihi örne - gini vermiş bir milletiz. istiklal savaşında; cumhuriyet devrinde ve içinde bulunduğumuz bu ikinci cihan harbindeki yaptıklarımıza bakarak türk milletinin bütün zorluklar 'karşısında büyük başbuğları ile, partisi ile, meclisi ile, hükümeti ile ve kahra'nan ordusu ile tek bir vücut halinde bulunmasından ve icap ettiği zaman şartlar ne kadar ağır olursa olsun kendi hayat ve istiklali için en büyük tarihi feda. karlıkları yapacağınd"
Erzurum : Halkevi kültür dergisi,1944,0000_1944_0002.pdf,18,3.3,S4,tezek;gübre,https://acikerisim.tbmm.gov.tr/handle/11543/4274,"rzurumda, köylü ve şehirli bütün halkın en büyük derdi « yakacak sıkıntısı » dır. uzun süren ve pek şiddetli soğuklarile bizi mustarip eden kiş boyunca, biraz olsun ısınabilmek için umumiyetle hayvan gübrelerini harcayarak tezek yakiyor ve ' tezek dumanlarile kanlanan ve kızaran gözlerimizin aylarca katlandığı acıya karşılık gübresiz kalan, kuvvetsiz düşen talalarımızdan tohum ve emeğimizi güçlükle karşılayabilen birkaç avuç inahsul alabilerek bo"
Erzurum : Halkevi kültür dergisi,1944,0000_1944_0002.pdf,19,3.0,S2,kuru ot,https://acikerisim.tbmm.gov.tr/handle/11543/4274,"' bir cevap : olur. 4 ) kızgın yaz güneşi altında dudaklarını serinletecek testisini gizlemek için tarlası kenarında bir kuru yaprak bile bulamayan köylü, şehirde taş ve toprak, damlarda birer tutam kuru ot görmekten gözü ve gönlü. burkulan şehirli; gözünün, gönlünün ve vücudunun güzellik, ferahlık ve sağlığa duyu duğu ; hasreti gidermek için şurada “burda nasılsa dik kalmış bir kuru kavağın dibine yapışarak «sayfiye safasis komedisi oynamak zor"
Erzurum : Halkevi kültür dergisi,1944,0000_1944_0004_0005.pdf,6,3.0,S0,dana/düve/tosun,https://acikerisim.tbmm.gov.tr/handle/11543/4274,"e dana getirilmesidir. insan olasak yaşamak için su ve hava gibi tabii şarisi i lar arasında ilk öğretimi de görürsek, şehirlerin ilk okullarını yapmak için e tedbirler ve ölçüler, kolaylaşır: ve sadeleşir. bununla beraber, şehirlerde ilk okul binası e"
Erzurum : Halkevi kültür dergisi,1944,0000_1944_0004_0005.pdf,39,3.0,S0,dana/düve/tosun,https://acikerisim.tbmm.gov.tr/handle/11543/4274,"i bunlardan öcalınmak gerektiğinden, yeni erzurum beğlerbeğisi muhammet paşanin, çıldir atabeğleri ordusuyla 'savaşarak, tortum, narman ve kuzayoltu bölgelerinden ”birakan, kömeke (komik 7) ,penek, | danalar aşik sümmaninin köyü) ve akha galeleri”ni aldığı bildiriliyor. i kanuninin ikinci iran yürüyüşü sirasinda şah aras ve. firat boylarına baskınlar yaptırışından yüreklenerek çıldır . atabeğlerinin de eski yerlerini geri almak için .akina girişt"
Erzurum : Halkevi kültür dergisi,1945,0000_1945_0006.pdf,1,3.0,S0,inek,https://acikerisim.tbmm.gov.tr/handle/11543/4274,"alkevi “külküz dergisi i içindekiler | 19 şubat f.n e halkevlerimiz ve hülkodalarımız > eza i: nep'inin acemce şiirleri z. f, fındıkoğlu içimizdeki şeytan? z z halak nihat pepeji bir yayla > çiçeğine inek... e. rıza ümit erzurum camileri .. se” murat ""uraz salgınlara dair; .. e eka n r sadık gören palandöken . ... şiir ... orhan bingöl | kendimizi tanıtmıyoruz <0... muvaffak sami © onat i voltaire ve mektup nevi ............................. feth"
Erzurum : Halkevi kültür dergisi,1945,0000_1945_0006.pdf,16,3.0,S2,yonca,https://acikerisim.tbmm.gov.tr/handle/11543/4274,"fa vahitle di iarihini (haza hüna darüssafa tahsili 1174 bu aile, erzurumun imarina, cami ve çeşmelerin inşa ve tamirine çok çalışmıştır. (mehmet habip efendi); yime (şemsettin efendi) nin oomalındar yoncalıkta bir cami, kasım paşa mahallesinde de bir cami oyaptırmıştır. (şemsettin efendi) nin kızı (şerife hatun) an sülüsi malındanda tebriz kapısı dışarısında (şaphane) yanındaki köprü tamir edilmiştir. bakırcı camii: bir kubbeli ve kırmızı taş mi … 9 senesinde de tamir edilmiştir. mait efendi mesçidi: hicri 1150 tarihinde (muit efendi) adile tanılan (hacı mustafa efendi bin yakup) yaptırmıştır. yanında üç küçük odası da vardır. mahmudiye camii: yoncalıkta bulunan bu camii (hacı mahmut) yaptırmıştır, harap olmuşkem hicri 1319 senesinde yenider tamir edilmiştir. son camaat yerindeki dıvarda; (pinhan babanın ruhuna elfatihe; 1150) yazılıdır. (devamı gelecek sayıda): marat uraz"
Erzurum : Halkevi kültür dergisi,1945,0000_1945_0006.pdf,17,3.3,S0;S2,tereyağı/peynir;yonca,https://acikerisim.tbmm.gov.tr/handle/11543/4274,"faydalıdır. mesela: lezzetle içtiğimiz rakıyı, birayı, şarabı bize mikroblar temin eder. soara bütün hastalık zamanlarımızda olduğu kadar, sağlam zamanlarımızda da çoğumuzun haz ile yediği yoğortu ve peynirleri yine mikroplar sayesinde elde ederiz hepimiz ya bilir veya işitmişizdir ki bir çiftei bir seme bir yere yulaf veya buğday ekerse, ertesiyıl ayni yere artık bunları ekmez; akıllı bir çiftei © yeri ya dinlendirir yahut o yere bezelye veya yo … gibi bir şey eker. se - bebine gelince yulaf ve buğday yahut arpa, toprakta bulunan azot dediğimiz besleyici bir maddeyi tüketirler. böy - iece kuvveti azalmış toprak ya derinletilmek suretiyle veya yonca, bezelye dikilmek suretiyle tekrar azot deniler. maddedan zenginleştirilir."
Erzurum : Halkevi kültür dergisi,1945,0000_1945_0006.pdf,19,9.3,S0;S3,sığır;sığır vebası;veba (hayvan);şap,https://acikerisim.tbmm.gov.tr/handle/11543/4274,"rığı ile, bulaşmış havayı ciğerlerimi - ze çekmekte veya sularla yahut yiyeceklerimizle vücudumuza girerler. ba zıları da bir araci vasıtası ile, mesela sıtma dediğimiz : hastalık sivri sinekle geçer veba dediğimiz ve eski devir - lerde büyük insan kaybına sebeb olan hastalık pire ile geçer. harp zamanlarında başını kaldıran lekeli humma da bit vasıtası ile bulaşir. dömek oluyor ki hastalıkların mikroplarinıa geliş yolları çeşit çeşittir. bunları … kırdığı bu mukavemet bazi hastalıklara karşı olan dayanıklığımızı yok eder. türlü hastalıklar vardırki bunların insan yahut hayvanlarda ki salğınları meşhurdir. :çiçek, kızıl, kızamuk, tifo, kolera, veba, menenjit dediğimiz bulaşicı beyin zarı iltihabı, gırıp, lekeli humma insana has, buna mukabil hay: vanlarınızın da sığır vebası, şap hastalığı, çiçeği gibi salğınları vardır. sulh ve sukün içinde yaşanırken dünyanın belli başlı bir kaç yerinde"
Erzurum : Halkevi kültür dergisi,1945,0000_1945_0006.pdf,31,3.0,S3,şap,https://acikerisim.tbmm.gov.tr/handle/11543/4274,"mısra bir i kaldırmağa değil de daraltmağa muvaf- : | fak olunabilir ve şair bu kanunla çar- (©) birinçi mektüp erzurum halkevi dergisi p vi p sayı: 4—5 tedir. reti lir sa . dün- bd pışmak şu le iye şap pati yrm dün (1) konu şiir elduğu için her hangi hir yapı, va tarihi boyunca, bu mücadelede kah- cami veya duvar demedim de «minare» dedim ramanlık payesine erenler, parmakla yani bir nevi yakışık gözetildi. (2) bk. birinci mektuba. | ("
Erzurum : Halkevi kültür dergisi,1945,0000_1945_0006.pdf,60,3.0,S4,tezek,https://acikerisim.tbmm.gov.tr/handle/11543/4274,"edinse-ij yakacak hakkında: (erzenirrumda eşcaf ve esmardan nesne yoktur. ve hiyme ve heyvzüm ve sair ahşap ebniyesi iki günlük yol. da bazı cibalden naklolunur. ve kıllet-i 38 hataptan tennürlerinde tezek jaizı ile muabber olan kazuratıı yabisat-ı bakarayı yakarlar.) bir yerinde de tandir ekmeğini medhederek ; (nan.ı tennuru eniesi eşyadır.) dediği gibi, sularından (cennet pinarı)na geçerek: (uyün-u cariyesinden cennet pınarı demekle meşhur bir"
Erzurum : Halkevi kültür dergisi,1945,0000_1945_0006.pdf,77,4.0,S0;S2,dana/düve/tosun;yem,https://acikerisim.tbmm.gov.tr/handle/11543/4274,halkevi dergileri alkevinin 8dı nkara dana fyon masya antalya bafra balıkasir bursa | burdur artvin denizi i diyarbakır blazığ i eminönü eminönü kayseri © erzurum eskişehir . giresun taparta izmir kars konya. manısa ersin merzifon milas muğ'a niğde niksar tire trabzon samsun sinop sıvas … er taşpınar yeşilirmek türk akdeni altınyaprak kaynak uludağ burdur çoruh insaç karacadağ altin yeni türk halk bilgisi haberleri ecciyaş erzurum halkevi ak su ün fikirler doğuş konya gediz içel taşın yemi mılas muğla akpınar ülker küçük menderes inan 19 mayıs dranas orta yayla ğ bezok kara eima3
Erzurum : Halkevi kültür dergisi,1946,0000_1946_0008_0009.pdf,13,3.0,S0,sığır,https://acikerisim.tbmm.gov.tr/handle/11543/4274,"itti. çünkü taoklor neleri varsa beraber alarak müstahkem mevkilere iltica etmişlerdi. yollardan geçen yunan askerlerine, tepelerden taşları yuvarlıyarak çok telefat verdiriyorlardı. bunların pek çok sığır, eşek ve koyunları vardı. «onbinler» buradan aşarak, ispir yanlarındaki kalibler ve skaytenler içerisinden geçtikten sonra kolklar bölgesinde olan trabzona vardılar. iranın zerdüş dini kitabının elegeçen en eski parçası olan «zend-a ves. viştas"
Erzurum : Halkevi kültür dergisi,1946,0000_1946_0008_0009.pdf,15,3.3,S1;S2,aygır;hayvan kırılması,https://acikerisim.tbmm.gov.tr/handle/11543/4274,"ilgisine ve künyesine şöyle işaret edıliyör: «parasarun bayburt kisarin- “dan parlayup uçan, ap-alaca gerdeğine karşi gelen, yedi kızın umudu, kalın oğuz imrencisi, kazan beg'in inağı (takatırı) boz-aygırlı bayarak>»; oğuz içinde nikabli gezen dört asil beyden birisi olduğu için «yüzü nikablı bayarak». burada geçen bayburt - hisarı, «erzurum baybürdu» denilen çoruk dirseğindeki bayburt kalesidir. yine arşagunik sülalesi ve bun- “lardan sonraki e … lamlıktan önceki zamanın destanı olan topkapı sarayın- “daki oğuz namede (4) ise oğuzların bagrat hanedanıikünyesi şöyle gösteriliyor: «ban - hisarından parlayup uçan, altı batman som-demürü ayağında kıran, apıl apıl yürüyende buğa yiyen, on ali yıl bayburt - hisarında dutsaklık çeken, baldırı uzun baldır - şad'dan hakkın alan, yüce yerden alçak yere yer gözeden bay - bura (t) oğlu bek - barıyagan». buradaki ban - hisarı, gürcüce metinlerde bana"
Erzurum : Halkevi kültür dergisi,1946,0000_1946_0008_0009.pdf,18,6.0,S0;S2,büyükbaş;hayvan kırılması,https://acikerisim.tbmm.gov.tr/handle/11543/4274,"emelsrinden ve bizansin doğu başbuğu sıfatınıztaşıyan bagur oğlu grigorla görüşmek üzere ıı, görgi, çoruk bovundaki bana (penesgert) bölgesine gitti. bunları ha. ber alan sulan melikşah, 1080 yılında büyük başbuğlarından emir ahmed'i bir ordu ile aras-kür boyuna gönderd, emir ahmed, seddadlı kuvvetlerini de ordusuna katarak, yukarı kür bo: yuna geçip, burada yakaladığı ıı. görgi başbuğluğundaki < haçlı ordusunu, poskov ile şavşet arasındaki arsıy … larak türklerce adlandırıldığını sanıyoruz. gürcücede bu adın hiçbir anlami ve iştikakı yoktur. türklerce böyle adlandırılmış. birçok yerler vardır, netekim çaldırana da os: manlı reetinlerinde ""sofu-kıran” denilmiştir."
Erzurum : Halkevi kültür dergisi,1946,0000_1946_0008_0009.pdf,25,3.0,S4,tezek,https://acikerisim.tbmm.gov.tr/handle/11543/4274,"ü alemde se'adetle. 13-13 * # 2 : | mizah ve latife tarafı da kuvvetli, bütün erzurum:'un, ezberlediği (4. «karısı ağzından» yazılmış; mevsimi geldi efendi. git pelit al. dal da al çam,kavak. sorhun, tezek, saçma dahi her halde al 23"
Erzurum : Halkevi kültür dergisi,1946,0000_1946_0008_0009.pdf,31,12.6,S0;S2;S4,öküz;tereyağı/peynir;yonca;saman/kesmik;ahır;tezek,https://acikerisim.tbmm.gov.tr/handle/11543/4274,"a güz destanı mevsimi geldi efendi git pelit al dal da al çam, kavak, sorkun, tezek, saçma dahi her halda al tuz, çaşır, peynir, güzel yaprak bu günlerde gelir bir kuru tatlı erik hurma ile yağ bal daal sebze, kişmiş, badem içi, fındık içi, çok getir köme.yeşil pestil, bamya bak her ne var bakkalda al iki yüz batman kadar un p … ğ kal da al işine elbette adem ihiyat etimek gerek, hasılı tat pendimi kurbanlığı şevva'de al et gelince sebzevat günden güne elbet gelir iki yük ala pirinç alınca bir gırbal da al ademe bir şan imiş ahırda hayvan beslemek, 3 adimız var, şanımız var bari bir kaç mal da al ot, saman, yonca ile arpa alınca dikkat et üç sepet, iki gürek, ahır yüzüne sal da al at, katar, merkep, öküz lözimsa ihmal evleme bir çekiç, bir kerpeten, çokca düğülmüş nal da"
Erzurum : Halkevi kültür dergisi,1946,0000_1946_0008_0009.pdf,37,3.0,S2,yonca,https://acikerisim.tbmm.gov.tr/handle/11543/4274,"on bir defa sadrazamlığı o olan «a'yan»dan ve erzurum'un «aşağı yoncalık» mehallesinden, solak zn de'nin yetişdirdiği vezir mehmed said paşadan nakl olunduğuna göre; - doğru mudur yanlış midir bilmiyoruzba'zan de boyadığı rivayet ediliyor.. lakin hakikaten zarif fıkraları, zevallı'nın bu hale gelmezden önceki zam"
Erzurum : Halkevi kültür dergisi,1946,0000_1946_0008_0009.pdf,55,3.0,S0,sığır,https://acikerisim.tbmm.gov.tr/handle/11543/4274,"as pılan işlerdir. mesela yağmurlu mevsimlerde evlerin saçaklarında ve evler cıvrındaki su birikintilerinin izalesi, fıçilar açık sarnıçlar, kırık küp ve boş * saksılar, boş konserva kutuları, at ve “sığırların derin ayak izleri, derin araba tekerleği izleri havuzlar ve çeşmelerin cıvarındaki birikinti sularının izalesi buraya dahildir. 2:— büyük işler: geniş bölgelerde olmak üzere bataklık topraklatın ısla- “hıdır. su birikintilerine meydan : ve"
Erzurum : Halkevi kültür dergisi,1946,0000_1946_0010.pdf,18,3.0,S0,öküz,https://acikerisim.tbmm.gov.tr/handle/11543/4274,"yat ver. mek vasıtası oldukları için azizdirler. biz onlara tasarrufumuz nisbetinde hayvandan uzağız ve'ancak” bunlarla tüieyli bir mikrop'olmaktan kurtuluruz. bülbülü daima aşık, köpeği daima sadik, öküzü 'kanaatkar, deveyi kindar keçiyi inatçı, eşeği aptal, koyunu sakin papağanı taklitçi, “tavusu kibilir olarak tanırız, bu hayvanlarda daha başka özelikler * yüzde olmadığından, ' onlar tek karekterlerile şöhret bulmuş. lardir. halbuki insan, ""aş"
Erzurum : Halkevi kültür dergisi,1946,0000_1946_0010.pdf,35,3.0,S0,büyükbaş,https://acikerisim.tbmm.gov.tr/handle/11543/4274,"ir eden müessese, bu alanda büyük ümitlerin tahakkukune bizi inandırdı. işini, titiz bir vatan çocuğu ve meslek adamı haysiyetile takip eden “enstitü müdürü tahsin tağmaçı bu ilk *sergisinin builk ve büyük başarısından dolayı tebrik ederiz , * * $ geçen sene örtülüde çalışan 13 numaralı gezici köy demircilik ve ma rangozluk kursu bu sene ilk devresini pasinlerin sürbahan köyünde geçirdi. çalışmalarının sonucunda 28 4/946 gü. nü hasankalede üçüncü"
Erzurum : Halkevi kültür dergisi,1946,0000_1946_0011.pdf,11,3.0,S4,ahır,https://acikerisim.tbmm.gov.tr/handle/11543/4274,"tübhane ve hasen kala sındaki değir menlerle beraber erzurum'un meşhür yazıcı ve.dört güllü çeşmelerini yaptıran yazıcı zade hacı ibrahim paşada, (ölümü: h. 1178) usta © tezhibcilerdendir. (9 rabi'ui ahır 1162) de münşi ahmed bin ismail-ür. raci nin, tertiplediği ve himmet zade ismail efendi nin enfes bir sülüsle yazdığı vakfiyename sini, ibrahimpaşa'nın bizzat tezhiblemiş olduğunu gördüm. bu vakfiyenam'enin baş tarafına çekilen ve eseri çok ziyn"
Erzurum : Halkevi kültür dergisi,1946,0000_1946_0011.pdf,13,3.0,S0,sığır,https://acikerisim.tbmm.gov.tr/handle/11543/4274,"i efendi, (ölümü: 1326 - 1910) oyma yazı yazmakda çok usta bir san'atkar olarak tanınmış, sevimli, güzel sesiyle iyi gazel de çağıran hafız kazım efendi, (ölümü: 1338 - 1922), yine seçkin değerlerden sığırcık imamı'nın oğulları mustafa said ve hacı osman hamdi efendiler; lala paşa cami'i mihrabı önünde ki çok güzel sülüsle vücüda getirdikleri mushaf'lar, tezhib bakımından da ayrı bir değer taşımakda, ” <ta'lik»de, ahsen -i - hatta malik.. sayılan"
Erzurum : Halkevi kültür dergisi,1946,0000_1946_0011.pdf,16,6.3,S0;S4,sığır;celep;tandır,https://acikerisim.tbmm.gov.tr/handle/11543/4274,"den sonra geldikleri görülür, 2 — nisbet sıfatlarında da bazan ses uyümu kuralına uymayan kö yeli isdanbul.li şekilleri de görülür. d- lah isim ve sıfatları; daz-lah e - lıh isim ve sıfatları: satlıh celep davari demlik dünyalıh fışgılıh solohluh (böğür) ( cefetlik (avludaki rat) komiklik hesretlik bilmezlik çobannıh rızalıh hayınnih şennik sehratlıh (çanta kayış cüzdan ajlıh mifsairlik - garşılıh fs daş isim ve sıfatları; erzurum şivesinde söz y … ş dadaş vs. g -ih ve ik isim ve sıfatları mırıh (ağzı yırık) geollik (ufak tefek) hımik (burundan konüşan) r- çek ve çah isim ve sıfatları: demçek (semaverde demli- golçak. ğin konduğu yer) hetircek (tandır ıskarası) is cih isim ve sifatları: davarcıh (dağarcıh) sıvırcık, (sığırcık). jj- ar isim ve sıfatları; solah boyah (boyax k - lek isim ve sıfatları; ödlek ı- n isim ve sıfatları: yayan eşgin (ışkın) a - çul ve cıl isim ve sıfatları: gurtçul o"
Doğuş,1938,ttk_0000_1938_0001.pdf,13,3.0,S0,öküz,https://acikerisim.tbmm.gov.tr/handle/11543/4291,sayı 1 llm 19 şubat 1938 sız levazim subayı öküz eti olduğunu mufassalan yazıyor. fakat daha lazumlu ve kiymetli olabilecek aksinden bahs etmeyor.( yani sinekten öküz nin nasıl sinek husule gelecegini yor.) diger ilimlerin mufassal ögretmi tarih ve tekemmülleri oldu ğu gibi mıkrobiyolojinin de
Doğuş,1938,ttk_0000_1938_0003.pdf,5,3.0,S2,korunga/fiğ/burçak,https://acikerisim.tbmm.gov.tr/handle/11543/4291,"ıhhı © bahisler bahisler, da ibeslenen! gebelerde bir: takım ik hadi iselerine* teşadüt me a uğundan tebeleedimekt rin pe, ia beslenmeleri. dazam geldiği hakkında küğük bir fikir «vermeniz faydadaiı “fiğli değildir. gebelik, gebe üdünine v vücuduk için li sehirlen ii a «giren; zehirlerle 5 e an “veyahut .doğrudan dobrya ana rahmindeki .eninin anne: üzviyetine bırakmış olduğu: zehirlerle olur. “dahili, gerek 'gıdalarla hariçten 'gebenin vücudüna g"
Doğuş,1938,ttk_0000_1938_0004.pdf,10,3.0,S0,hayvancılık,https://acikerisim.tbmm.gov.tr/handle/11543/4291,"da ameliyat yapmak ve karın boş ğunda toplanan kanları boşaltmak ve temizlemek lazımdır. b) yumurtalık borusunda ol duğu gibi doğrudan doğruya yumurtalık ”mübeyz, içerisinde de gebelik olabilir. meni hayvancılıkları borulara gelirler. fakat kadın yumurtasına tesadüf etmediği için ileri erkeğin ye doğru yoluna devam eder. ta yumurtalığa kadar gider ve orada ilk tesadiif etükleri yumurtayı aşılarlar. demek ilkah «aşılanma» keyfiyeti bizzat yu murta"
Doğuş,1939,ttk_0000_1939_0042.pdf,10,6.0,S0;S2,öküz;korunga/fiğ/burçak,https://acikerisim.tbmm.gov.tr/handle/11543/4291,"bütün aşıklar gibi :2 yaşında aşkyeli (ilham | dokunuyo; bir gün (1886) eylül ayı içinde, suskabın güneyinde ve üstündeki komşu “köy (vakhla) nın altında (kanlıgöl) yanında harmana koşulacak camış ve öküzleri güderken « gaflet uykusu basiyor », yakındaki mezarlıkta « gözünü yaldatmak » için uykuya dalan (yusuf) un gözüne bir (peri kızı ) görünüyor. adı ( mehriban ) olan bu kız çocuğa şöyle diyor; gönüi habda gördüğünü arzular kendi öz tahtının mi … an'k ağlamaya başlayan zülalinin gözüne bu sefer de o mezarlıkta bir (pir ) görünüyor. pir, kendisine niçin ağladığını sorunca : hattı tuğrasında kara yazılar can kuşu kafesden uçtu gördünmü peşisıra fiğan eder kuzular ceylan bu ovadan geçti gördünmü cevap olarak aldı pir: o bir bülbül idi uçtu bağından selvinin dalları kurudu gördüm bağmançı befa |(vefa| yok civan çağından sürdüğün devranlar eridi: gördün. ikişer hana daha/pirle) deyiştiktikten"
Doğuş,1939,ttk_0000_1939_0042.pdf,13,3.0,S2,korunga/fiğ/burçak,https://acikerisim.tbmm.gov.tr/handle/11543/4291,"r. mağrip, meşrik bütün derya, ummanlar mubarek kaşların seyrine gider. bir görllüş ah çeker sahralar, taşlar, cemalen olmuştur yüzbin savaşlar, sularda semekler, havada kuşlar, cümle sana aşık; dad, fiğan eder."
Doğuş,1939,ttk_0000_1939_0042.pdf,15,3.0,S2,hayvan kırılması,https://acikerisim.tbmm.gov.tr/handle/11543/4291,") köyü nün ruslar tarafından 93 ten itibaren bozulması üzerine: derleyen k.kirzı (00) ah!'elemi' goihawa evel şendi 'gorhana zalim moskof alalı gerçek oldu gorhana. ermeni çetelerinin 1918 deki (kars kırgını) sırasında şörege lin (külveren- gülveran) köyü nü kırıp, .bozmaları.üzerine. 0) dertli.der ki külveren abadandı gülveren ermesi yaktı yikti indi'öldü (kü veren): eskiden kars ilinde yazın pek'çok kürük “olmuş, “ekinleri çekirge bitirmiş; şör"
Doğuş,1939,ttk_0000_1939_0043.pdf,2,4.0,S2;S3,hayvan kırılması;baytar,https://acikerisim.tbmm.gov.tr/handle/11543/4291,"a yükseltmek isteyenler, böyle bir mahrumiyet içinde sarılmışlardır ülküye. buna rağmen sekiz sayfayı taşamayan onushada muhitce tanınmış on imzaya ve mecmua etrafındakilerinin aşkını heyecanla hay - kıran şöyle bir kıt'aya raslıyorsunuz: bu yıldızdır, elbet büyür ay olur. bu“doğuş, ta mutlak zulmet boğulur; cana yakın sesin ah aksettikçe ; kalem ok kesilir, dilim yay olur. ve, nushaları gözden geçirirken, türkiye ölçüsündeki şöhretlerden tutun d … a bayramı tasvir ediyor. işte, şimdi erzurum meb'usu bulunan salim aljtuğun ekonomik telkinler yapan bir çok imzaları. iste şeyrani, enis, dr. necmettin, kazım kazanasmaz, fuad gürlesel , fahri inal, baytar kemal, nesip yağmurdereli, refik fikret, ibrahim taşdemir, foto - fuad ve saire.."
Doğuş,1939,ttk_0000_1939_0043.pdf,27,3.0,S0,hayvancılık,https://acikerisim.tbmm.gov.tr/handle/11543/4291,yfa ve ayrıca 24 yaprak resim; fiatı 100» | kuruş. 1988 temmuzda başlam ş 1939 kanunsani 25 de bitmiş eserin sıralanması da unvanı gibi yaraşık:: 1- coğrafi du- | rum. 2- iklim. 3- nüfus. 4-ziraat ve hayvancılık. 5- ormanlar. 6- madenler. 7- yollar. 8- kült ür durumu. 9- sanayi. 10- sağlık ve belediye işleri. 11- ilçeler hakkında bilgiler. ve tarihe ait kısımlardan da 1- doğunun tarihteki yeri. 2- kısa karstarihçesi ve kars adının menşe ve manası
Doğuş,1939,ttk_0000_1939_0044.pdf,40,6.0,S0,sığır;hayvancılık,https://acikerisim.tbmm.gov.tr/handle/11543/4291,"rta asya ilk beşiğim baltık akdeniz eşiğim erkinliğe ben kişiğim (2) özge ulusa benzemez i önce çin'i ben oyardım (3) © nil'de ilk kartayı (4) yardım. —geçen sayıdan devam— 7— (sayfa 31,32) ziraat ve hayvancılık bahsinde, karsta: i “.. beyaz renkli ve büyük cüsseli iran koyunları, tuş, herik denilen ince yapağıya malik gürcü koyunları, ve ,sığırlam büyük cüsse ve kafkas cinsi evsafını taşımakla beraber... deniliyor. , karsta olsun çevresinde veya … yanlış kavramış; “herik,, denilen | koyun nevi tamamen yerli olup, ancakazlık olan v8 “tuş, denilen nevi gürcü boylarından koyunculukla (geçinen “tuş boyu, ndan alınmadır; ve “kafkas cinsi, diye bir sığır nevi ise ilk olarak duyulmaktadır! ğ il | 8—(sayfa 35,36) karsta ziraat bölgelerini anlatırken, aras ii | boyundaki kağızman, tuzluca, ve ığdırın “kars ilinin biri- | alplar'a sanımdan verdim özge ulusa benzemez ekmek basma “bay,ıntanı (batı ka"
Doğuş,1939,ttk_0000_1939_0044.pdf,41,3.0,S0,öküz,https://acikerisim.tbmm.gov.tr/handle/11543/4291,"nan t. toker milli varlıklarımızı da tanımadığını bu (kotau) meselesinde açığa vuruyor ve (kotanımızı) rus lara mal ediyor! bütün doğu illerimizde (kotan) ve azarbacanda da (kota) denilen ve 7-8 çift öküzle sürülen bu gü zel ve mili ekin aletimizin adı ve biçiminin türküğünden başka; ona dair—işlemesine ait — adet ve ananelerimiz, hele“ko tan ayı —temmuz, , «kotan haşılı nefis bulgur lapası» ve “kotan hodaklarının horavelleri,, çok meşhur ve yüzl"
Doğuş,1939,ttk_0000_1939_0045.pdf,12,3.0,S4,ahır,https://acikerisim.tbmm.gov.tr/handle/11543/4291,"sayfa 10 doğuş 1939 eylal urusun saldadı çokdur. aldığı intizar, ahdır evel ahır soni yokdur, kalmaz urusa urusa, dünyada ne var bilmesin (bilmezsin), urusi mırad almasın, alosman zaval bulmasın, vermez urusa urusa,, -sonu vark, kırzı el benesfer—benilasfer; eskiden romanlılara denir di, islamlığın tesirile, bizde de gavuvun"
Doğuş,1939,ttk_0000_1939_0046.pdf,4,3.0,S2,hayvan kırılması,https://acikerisim.tbmm.gov.tr/handle/11543/4291,"anakkalede gömdüğü çarlığın kirli eline geçen yurt parçalarını geri almaya başlamış, ve 1918 nisan 11 inde sarıkamışı, 25 inde karsı rus subayları ve kurmayları komutasın daki taşnakçıların vahşet ve kırgınından kurtarmıştı. |bu sıra ilk “eameni mezalimini tesbite gelen bitaraf hey'etin üyeleri, sarıkamışa—yangın kokuları ortada iken—“ şarkın isviçresi"
Doğuş,1939,ttk_0000_1939_0046.pdf,16,3.0,S2,yonca,https://acikerisim.tbmm.gov.tr/handle/11543/4291,sayfa 14 doğuş 1939 ilkteşrin (4) bu karsın yoncaları nezikdirinceleri sanasın doli düşdi kırıldı goncalari (5) bu karsın toyuna gel şivannan vayına gel sebi sübyan töküldi çayının boyuna gel (6) karsın ocuğı söndi külli vevana döndi khorel (kolera) elinden şenlik on iken bire endi karsa şen g
Doğuş,1940,ttk_0000_1940_0052.pdf,33,3.0,S2,korunga/fiğ/burçak,https://acikerisim.tbmm.gov.tr/handle/11543/4291,“sayfa 31 doğuş 1940 nisan keşke görmeseydim seni yad elde soldurdun gül hayva narımı üzük yardan cüda kaldım bir cuma güni seni ağ ellere takınan hani ağliyim kan yaşa boyiyim seni seyreyle fiğan-i zarımı üzük; yarı kütah edip bene mi geldin o kamış barmakda nece yıl kaldın ok vurup bağrıma cigerim deldin yıkdın kem ömrümi varımı üzük deli gönül coşub umman götürdi seni kimler alıp kimler getirdi sefil mahsun görüp aklın itirdi neyledin
Doğuş,1950,ttk_0000_1950_0062.pdf,16,3.0,S0,inek,https://acikerisim.tbmm.gov.tr/handle/11543/4291,"doğuş —— zir - ocak 1950 sahife ad giden bir manzara arzediyor, ay ni zamanda muntazam bir tertip dahilinde dikilmiş görünüyorlardı, artık yemiş kalmamışir; bahçelerde sayısız mandelar, inekler koyun ve geçiler otluyo:du. ne yazık ki hasılat miktarı ohakkında birşey öğrenemedim; . çünkü « her bahçe sahibi ancak srnede #asati “olarak diktiği mıktari biliyordu. kağızman kasabası, “ortasında ve türkiyenin alışık olmadığı bir temizlik i"
Halkevi : Eskişehir Halkevi mecmuası,1935,TTK_0202_1935_0027_0028.pdf,15,3.0,S4,köy evi,https://acikerisim.tbmm.gov.tr/handle/11543/4312,"l ele vererek, aydınlık, geniş, sıhhi şartları cami bir oda yapmalı ve bunun içinede, pis hasırlı sedirler yerine masa , sandalya , koymalıdırlar. güzel yapilmış bir köy odası, bundan sonra yapılacak köy evlerinede model olabilir. fakat bu oda öyle bir yapıdırki, içerisinde , ihtiyar heyetinin toplanma ve çalışmaları için hususi bir — 103 —"
Halkevi : Eskişehir Halkevi mecmuası,1935,TTK_0202_1935_0029.pdf,21,3.3,S0;S2,öküz;kuraklık/kıtlık,https://acikerisim.tbmm.gov.tr/handle/11543/4312,ta bildikleri gibi hareket etmiyorlar veya edemiyorlar. bu yüzden ilk nadas sürmeleri daima mayısdan sonraya kalıyor. bu gecikmeden memleketin ne kadar zarar gördüğünü çıkarmak bir hesap meselesidir. kuraklık vaziyeti karşısında geç madasın hiç bir şey vermemeside çok variddir. nitekim kurak yıllarda tohumluğunu bile koruyamiyan çiftçiler ilk nadas sürmelerine layık olan ehemmiyeti vermemiş kimselerdir. orta anadolu yaylası buğday ürünü normal va … iktiza eder. bu ideal nadas sürme devresinde çiftçilerin çeki hayvanları kışdan yeni çıktığından çok zayıftır. orta anadolu yaylası çiftçisi henüz çok iptidai ve pek az iş gören kara sapanla ve zayıf öküzlerle bu işlerini başarmaktadır. beygirle çalışan çiftçiler için bile az gelen bu pek dar nadas mevsimi içinde böyle geri bir vasıta ve arık öküzlerle bu iş nasıl başarılabilir. -i97 —
Halkevi : Eskişehir Halkevi mecmuası,1935,TTK_0202_1935_0033.pdf,6,3.0,S4,ahır,https://acikerisim.tbmm.gov.tr/handle/11543/4312,"çünkü bu ikinci koridorun, yan sütunları ile sütun başlık ve dipleri oraya sonradan konulmuştur. eklemedir... koridorun sağ tarafında basık, dar bir kapu vardır. buradan içeri girince, kendinizi bir ahırda sanırsınız. fakat odanın solunda gördüğünüz bir mezar sizi uyandırır. meğer burası, battal ahmedin seyisinin odası imiş. seyit ahmet battal öldüğü zaman seyise bu acı haberi bildirmişler. oda teessüründen, oracıkta gözlerini hayata kapamış..."
Halkevi : Eskişehir Halkevi mecmuası,1935,TTK_0202_1935_0033.pdf,14,3.0,S3,şap,https://acikerisim.tbmm.gov.tr/handle/11543/4312,"yahut ince pamuk sokar. — 324 — ği sırada tenasül aletine sabun, drl al arman 18 — katır tırnağı tozu ile at sineği yemek içine karıştırılarak kadına yedirilir. 19 — kadının tenasül aletine limon ve şap sürülür. 20 — günlük yakılarak buğusu kadına koklatılır. 21 — kadın ay başından on gün evvel olmayınca veya on gün geçmeyince cinsi münasebette bulunmaz. | 22 — gerdek gecesi gelinin yüzünü yıkadığı leğenin suyunu bir gül dibine dökerler, kaç yıl"
Halkevi : Eskişehir Halkevi mecmuası,1935,TTK_0202_1935_0033.pdf,22,3.0,S0,büyükbaş,https://acikerisim.tbmm.gov.tr/handle/11543/4312,"azı ismile tanınmaktadır. ikinci ve üçüncü * 24 saati geçirdiğimiz taktirde hastalık tehlikeli bir seyir alabilir ve muhitini çok üzer, hastalık mikrobik bir hastalıktır. celerine göre küçük, orta ve büyük basil bunlardan en fazla virusiyeti olan küçü üç beş tanesi bir arada toplu bir halde bu mikroplar sem dereler diye üçe ayrılabilirler. k basillerdir. bu basiller bulunurlar. hastalığın bulaşması; boğazımızda, bulunan difteri mikropları öksürük"
Halkevi : Eskişehir Halkevi mecmuası,1936,TTK_0202_1936_0034.pdf,18,3.0,S4,ahır,https://acikerisim.tbmm.gov.tr/handle/11543/4312,"damları toprak, tavanları tabtasız ve açık kerestelidir. ahır ve agıl, evlere bitişik yahud alt kattadır. ayak yolları birer kuyu olarak avluda bulunur. odaların içi mobilyesizdir. en mühim mübilye, bir kaç minderdir, bir kaç ot yastıkdan ibarettir. halkı yaız yüzlü, esmer kara ve melül gözlü, dinç ve gürb"
Halkevi : Eskişehir Halkevi mecmuası,1936,TTK_0202_1936_0034.pdf,21,3.3,S2;S4,saman/kesmik;tezek,https://acikerisim.tbmm.gov.tr/handle/11543/4312,"lanır. g) birbirlerinin ellerini öperler. h) çocuklar arka arkaya yatırılır, — 308 i ) bir parayı ortasından kırarak çocuklara takarlar. j) baş örtülerini değiştirirler. k) ilk gelen lohosanın çocuğu tezekle terazide tartılır. l) çocukların gömlekleri çarıktan geçen su ile yıkanarak değişik geydirilir. m) lohosalar para veya yüzük değiştirirler. n) arka arkaya gelib birbirine simit verirler. o) basılan lohosanın çocuğu ayağa kaldırılır. p) çocuğu … deniz aşırı bir yere götürürler. r) çocuk müezzinin önünde büyük bir çocuğun kucağında minareye çıkarılıb indirilir. s) sütleri satılarak memeleri yıkanır ve çocuklar sapan demiriyle tartılır. t) 40 saman sapı, 40 süve bongaz çöpü, 40 üzerlik tepesi, 40 taş, yumurta kabuğu ile ölçülen ve 46 ölçek su içine konulur. memeler bu su ile yıkandıktan sonra çocuklar emzirilir. u) elbise değiştirilerek çocuklara meme verilir. v) lohosalar dudaklarınai bi"
Halkevi : Eskişehir Halkevi mecmuası,1936,TTK_0202_1936_0034.pdf,22,3.0,S3,şap,https://acikerisim.tbmm.gov.tr/handle/11543/4312,"ğsünü dillerile yalarlar. 3 mavi boncuk, katır tırnağı, kaplumbağa yumurtasının kabuğu, kurt veya köpek dişi, altın, hurma çekirdeğinden yapılmış nalın, mercan, yılan gömleği parçası, iğde çekirdeği, şap gibi şeyler bir başta sarımsak, üzerlik ve çörek otundan yapılmış bir küçük çıkıya dikilerek çocuğun sağ omuzuna elielir 4 — nazarlığa takılan altın “maşallah, yazılı olmalıdır. 5 — çocuk sokağa çıkarılırken kundağına veya cebine sarımsak konur."
Halkevi : Eskişehir Halkevi mecmuası,1936,TTK_0202_1936_0034.pdf,26,3.0,S0,dana/düve/tosun,https://acikerisim.tbmm.gov.tr/handle/11543/4312,"ve gayri şuurlarının mücadelesile sürüklenen e az olmaktan ileri gidemezler. yalancı ve yapmacık göster lıktan başka bir işe yaramaz. a .. a we gi a pisikanalizin inceledigi ve bütün çıplaklığile un dana attığı meselelerden biride cinsiyet emeli v wi i tiplerine benketlerinde kadın tip tuvaletlerinde, tarzı hare | > i . şrya ve böyle düşüp kalkan erkekler, ie . . . ibb ) gibi erkeği her cihetce kindar bir arzu ile de i 3 i . . ıt in bazı kadın n"
Halkevi : Eskişehir Halkevi mecmuası,1936,TTK_0202_1936_0034.pdf,27,3.0,S0,dana/düve/tosun,https://acikerisim.tbmm.gov.tr/handle/11543/4312,pisikanalizin güzelce anlaşılması için gayri şuurun bilinmesi | lazımdır. bunun için gelecek yazımın mevzuu bize pisikanalizden daha güzel anlatacak olan gayri şuur ve frodizim olacaktır... za az 2) dana çıkan muhtelif gayri şuur tezahürleridir. bunlar bir çok gizli | l — 395 — en — 394 — | | i 101 | “e ei
Halkevi : Eskişehir Halkevi mecmuası,1936,TTK_0202_1936_0035.pdf,15,3.3,S0,inek;süt,https://acikerisim.tbmm.gov.tr/handle/11543/4312,"na, kadrin bilmeyenler alır eline, onun için egri biter menevşe. ikinci gün talimden sonra köy içinde dolaşıyorum. bol şalvarlı, çepgenli, tombul türkmen kızları evden eve geçiyor, e alara getiriyor, inekleri sagıyorlar. aralık kapıdan uzanan başlar beni birbirlerine gösteri yor. — adanalı, adanalı. ne çabuk öğrendiler, ne tez tanıdılar. köy pek geniş dimne la beraber bu işte menevşe bacının büyük himmeti olacak. bir evin önünden geçerken, avluda … mış. güzel kırmızı bir yüz, kızıl yane ve irademi çeken çilek dudaklar.. avluya yürüyorum. cipsler birbirine bakıyor ve gülen minicik dudaklar arasından bir dizi inci diş parıldayor. : i bir az ötede süt sağan annesi girdigimi görünce başını çevi- — 431 —"
Halkevi : Eskişehir Halkevi mecmuası,1936,TTK_0202_1936_0036.pdf,5,3.0,S2,silo/silaj,https://acikerisim.tbmm.gov.tr/handle/11543/4312,"bağrına saplıyarak bir devlet kurmuştur, altaylarda fırtına ve alpların birisinde bahar olan evrensel akınların, kaç adsız ve kütüksüz kahramanı vardırki, biz onları, şu önümüzdeki engin boşlukta bir siloet gibi seyreder, fakat şahıslarını tayine kalkınca, yalnız : — bu, bir türkdür diyebiliriz... keskin ve zağlı kılıncını, çadırına asıp, “ok, demeden topra: ğın altına göç eden cengiz, eğer muvaffakiyetini, kendi babasının mirasında arasaydı, ell"
Halkevi : Eskişehir Halkevi mecmuası,1936,TTK_0202_1936_0036.pdf,12,3.0,S1,Çifteler,https://acikerisim.tbmm.gov.tr/handle/11543/4312,"nunağtoplayarak onlarla dert- — 458 — leşli. ve dört müsamere verdirdi. bu müsamere ve toplantılara 3000 köylümüz geldi. : şube, köylerdeki sağlık işlerinin önemini göz önünde tutarak, beylikköprü ve çiftelerde iki dispanser açdırdı. dispanserler fevkalade rağbet gördü. köylülerimiz halkevinin bu hayırlı teşebbüsünü şükranla karşiladılar. tezahürat yaptılar. dispanserin açılmasında ve çalışmısında, başkan kadar hizmetleri görünen dr. talatı bu sü"
Halkevi : Eskişehir Halkevi mecmuası,1936,TTK_0202_1936_0036.pdf,14,3.0,S2,silo/silaj,https://acikerisim.tbmm.gov.tr/handle/11543/4312,"kurak geçmişti.. çalışkan köylülerimiz bu yüzd geni hir sıkintıya uğramışlardı. fakat köylünün ulusal) öy i li önemini yadırgamıyan cümhuriyet hükümeti, çabucak a sia dına yetişti. konya ve eskişehir silolarındaki ziraat bankası buğ daylarından 2000 ton tohumluk dağıttı. onları ekiş mei lam bırakmadı ve yeni yıla tufeyli bir müstehlik değil, çalişkan bir müstahsil olarak çıkmalarını temin etti gi ziraat bankası vi a ve ei da üçüncü yılın başladığ"
Halkevi : Eskişehir Halkevi mecmuası,1936,TTK_0202_1936_0036.pdf,17,3.0,S1,Çifteler,https://acikerisim.tbmm.gov.tr/handle/11543/4312,"geç vakta kadar sürdü. şiirler okundu.. söylevler verildi.. aynı gün, ankaradaki türkkuşu talebeleri şehrimize gelerek hava alanında pilanörlerle uçuşlar yaptılar... 13 — 3 — 36 tarım bakanı muhlis, çifteler ve mahmudiyedeki tetkiklerini bitirdikten sonra şehrimize geldi. o akşam kurslar şubesi, parti salonunda bir çay hazırlamıştı. bakan vaki dayet üzerine bu toplantıya buyurdu. oradaki bay ve bayanlarla görüştü. ve eskişe: hir içtimai muhitind"
Halkevi : Eskişehir Halkevi mecmuası,1936,TTK_0202_1936_0036.pdf,45,3.0,S1,hayvan sergisi,https://acikerisim.tbmm.gov.tr/handle/11543/4312,936 da hayvan sergisi
Halkevi : Eskişehir Halkevi mecmuası,1936,TTK_0202_1936_0036.pdf,46,3.0,S1,hayvan sergisi,https://acikerisim.tbmm.gov.tr/handle/11543/4312,936 da hayvan sergisi
Halkevi : Eskişehir Halkevi mecmuası,1941,TTK_0202_1941_0050.pdf,15,3.0,S1,Çifteler,https://acikerisim.tbmm.gov.tr/handle/11543/4312,"askerlerimize, kışlık hediyelerin toplanması; pamuklu ve yelekmutehassıslarının ye- lerin hazırlanması işlerinde kızılayla çalışmıştır. tiştirici çalışmaları ile, doktor talat simerin temelini attığı çiftelerdeki dispanser açtığı yolunda değerli bir mevki vermiştir. garp musikisini talim; türküler topladevam etmektedir. cumartesi günleri, yakın, uzak köylerden gelenler mua-. mak; salonorkestr ası; caz; bando teşkil etköycülerimiz sergiyi köylüler"
Halkevi : Eskişehir Halkevi mecmuası,1941,TTK_0202_1941_0050.pdf,26,3.0,S2,hayvan kırılması,https://acikerisim.tbmm.gov.tr/handle/11543/4312,"ekmeyi bırak! bütün kapıları kapalı camiin 1ssız ve karanlık bir köşesinde kime dua ediyorsun ? gözlerini aç ve tanrının önünde olmadığını gör. o, katı toprağı süren çiftçinin olduğu yerde, o taşları kıran yol amelesinin bulunduğu yerdedir. o güneşte, sağnakta onlarladır ve onun elbisesi toza bürünmüştür. mubarek cübbeni at ve hatta onun gibi tozlu toprağa beren. halas? bu halas nerede bulunur ? sahibimiz yaratma bağlarını sevinçle üzerine aldı ;"
Halkevi : Eskişehir Halkevi mecmuası,1941,TTK_0202_1941_0051.pdf,1,3.0,S2,yonca,https://acikerisim.tbmm.gov.tr/handle/11543/4312,"ma a eeciyeni alkev çaraaaın mayıs 1yal sayı: 51 seo içindekiler 85, inkılap ve halkevleri . ruhi alper gülmek ve meşelenmek psikolojisi pr. kara mustafa güneşin çocukları . « h. tolun en | yoncanın memleket ei >. ziraatindeki büyük feridun üstün si © değeri mikroplar ne kadar pr, f. kut zaman yaşarlar n tağarkf e en a. k. kaya haberleri © 0 e ne güzeliş matbastı :. eskişehir"
Halkevi : Eskişehir Halkevi mecmuası,1941,TTK_0202_1941_0051.pdf,7,7.9,S0;S2;S4,sığır;süt;yem;yonca;çayır;gübre,https://acikerisim.tbmm.gov.tr/handle/11543/4312,"yoncanın memleket ziraatindeki büyük değeri yazan: yüksek ziraat mühendisi bir konferansın hulasası si en bio değerli çiftçi kardeşlerim ; bugün sizlerle, yonca ziraati ve bunun memleket ziraatinin kalkınmasındaki yüksek değeri hakkında görüşeceğim. … alışmak bir memleket borcudur. memleketimiz ziraatinin kalkınması, köylünün maddi durumunun düzelmesi, hayvancılığın inkişafı ve tarla ziraatindeki çalışma usullerimizin iyileşmesile mümkün olabilir. yonca ziraati, bu üç ana davaya bizi en kestirme yoldan ulaştıracak kudret ve kabiliyettedir. yoncanın bu işi nasıl yapabileceğini hep beraber gözden geçirelim : yonca, memleket hayvancılığını iyileştirmek bakımından, rakipsiz kıymette bir yem bitkis … ımından, rakipsiz kıymette bir yem bitkisidir. bize et, süt, yağ, yapağı, deri, gibi yiyecek ve yapacak maddeleri veren hayvanların tarlamızda gördüğü işleri ve tarlamızı besleme bakımından çiftçinin gübre fabrikası olduklarını göz önüne getirirsek, hayvancılığın ziraatteki önemi daha açık olarak belli olur. hayvanlarımızdan beklediğimiz bu faideleri artırmak ve iyileştirmek için, onları iyi bakmak ve iyi beslemek şarttır. — 799 — zaten hepimiz b … lir > derler. hayvan, saldım çayıra, mevlam kayıra demekle bakılmış olmaz. iyi beslenmiş, kuvvetli hayvanların tarla işleri zamanında ve en uygun şekilde yapılacağı gibi, iyi besili hayvanların fazla süt, et ve yapağı vereceği aşikardır. yalnız dikkatli bakım ve güzel besleme ile hayvanlarımızın verimlerinin her yönden bir veya bir kaç misli artacağı muhakkaktır. çiftçi arkadaşlar : memleket hayvancılığını yükseltmek, hayvanlarımızın islahı işini"
Halkevi : Eskişehir Halkevi mecmuası,1941,TTK_0202_1941_0051.pdf,8,20.3,S0;S2;S4,sığır;inek;öküz;mezbaha/salhane;yem;yonca;silo/silaj;kuru ot;gübre,https://acikerisim.tbmm.gov.tr/handle/11543/4312,"isminin de-bu :kökten geldiğini kabul etmek yanlış :olmaz. doğu komşumuz olan iranlılar 'da :yoncaya “esbist yani at yemi “derler. yoncanın “hakikaten çok kıymetli:bir at yemi olduğuna kimse şüphe etmemelidir. yonca 'yiyen taylar kanlı, canlı ve gürbüz olurlar. yonca ile beslenmiş yarış “atlarının mukavemetleri artar ve uzun koşulara dayanma … nanırlardı. yoncayi atlar kadar davar ve sığır.da sever, yonca yidirilen koyunların hastalıklara karşı dayanıklılığı yükseleceği gibi böyle koyunların etlerinin lezzeti iyileşir ve kesim “esnasındaki mezbaha ziyanları azalır, yonca ile beslenen öküzler kuvvetli, ineklerde sütlü olurlar. böyle ineklerin sütlerindeki yağ miktarının yükseldiği de artık tesbit edilmiş bulunmaktadır. buraya kadar söylediklerimizle yoncanın iyi bir yem bitkisi olduğunu … ncayi nasıl verebiliriz?. kısaca görelim. yonca hayvanlara yeşil veya kuru ot şeklinde yidirilir. amerikada yoncayi, hayvanlara un halinde ve diğer yemlerle karıştırıp verdiklerini de okuyoruz. yeşil yonca hayvanlara ya biçilip ve yahut otlatılarak “yidirilir. bunun doğrusu yoncayı biçip “yedirmektir. her ne kadar biçilmiş yonca tarlasına hayvan salmak. kısa yoncalardan da istifade ve bunun yanında hayvanların bırakacaakları gübre ile tarlayi kuv … gübre ile tarlayi kuvvetlendirmek de 'mümkün isede, her hayvan bu iş için uygun değildir. bilhasa davarlar otu ısırarak yediklerinden, bunlar yoncanın köklerine ve genç filizlere zarar verebilirler. sığırlar otu dille kopardıklarından köklere ziyan vermezler. binaenaleyh bunların otlatılmalarında büyük mahzur yoktur. yoncanın en kuvvetli ve besleyici yeri, yapraklarıdır. bunun için yoncayı yaprakların en bol ve taze olduğu zamanda biçerek yedirm"
Halkevi : Eskişehir Halkevi mecmuası,1943,TTK_0202_1943_0007_0008.pdf,12,3.0,S0,dana/düve/tosun,https://acikerisim.tbmm.gov.tr/handle/11543/4312,"n olmuş isen sen dilgir mevleviyetle fazilet kazan ey haclei pir olunur rütbeye nisbet ile unvan tahrir sende bu payede bu resm ile oldun tezkir mekremetden diğeri varmı sana bir tabir ister ol alimü dana ya gerekse bir ol yaşı yetmiş hoca, hem fadılahem nihrir ol bilüb envai hüner muttali tefsir ol yine bu, sureti elkabın eya şeyhi kebir mekremetden diğeri varmı sana bir tabir esad serezli yanlış doğru cetleli sayfa satır yanlış doğru 16 13 mehm"
Halkevi : Eskişehir Halkevi mecmuası,1943,TTK_0202_1943_0007_0008.pdf,13,3.3,S0,dana/düve/tosun;süt,https://acikerisim.tbmm.gov.tr/handle/11543/4312,"yaşayıştı bu.. ve belki de ömrünün sonuna kadar > böyle ürüp gidecekti. ie fakat bir gün köye gelen jandarmalar onu da önlerine kattılar şehirde, çam yarması gibi, gövdesini inceliyen doktorlar : ım tosun gibi yeğit.. dedikleri zaman göğsü gururla dolup taştı ve azığı elinde çanakkaleye doğru yol alanlar arasına o da katıldı. tek üzüntüsü vardı. kahyanın kızı aysel'in üzüntüsü, aysel, hem kendisile yaşıt gibiydi. aslan süt sağarken onun yanına s"
Halkevi : Eskişehir Halkevi mecmuası,1943,TTK_0202_1943_0061.pdf,2,3.0,S0,öküz,https://acikerisim.tbmm.gov.tr/handle/11543/4312,"okulunu hatırlarsak, “zengin programı içinde, zafer türküsü, zafer kızları, rond ve zeybek oyunu ile göze çarpmaktaydı. gazi ilk okulununda çocukların yapılan hareketleri benimsedikleri, o hassatan, öküz çoban piyesinde çok muvaffak olduklarını ve okul binasında, talebe velilerini memnun ettiklerini hatırlamamız lazım gelir. —— turan ilk okuluna gelince, monoloğ, fantazi zeybek ve bilhassa rondo larla nazarı dikkati celdediyordu. :$ : bunlardan"
Halkevi : Eskişehir Halkevi mecmuası,1943,TTK_0202_1943_0061.pdf,11,3.3,S0,inek;süt,https://acikerisim.tbmm.gov.tr/handle/11543/4312,"mesinde devam eden, iştihası uykusu ve abdesi muntazam olan bir yavrunun neşvünemasındaki intizamı, gelişi güzel bir faraziye veya tavsiye ile bozmak büyük bir hatadır. anneler ekseriya memelerindeki sütü gayri kafi addederek çoçuğun aç kaldığı zehabına kapılıyorlar ve bunun karşısında çok mamalara baş vuruyorlar. bu mes'eleyi tetkik edersek şu vaziyet meydana çıkar. hiç şüphesiz bir anne memesindeki sütün azlığı veya çokluğu hakkında bir kanaat … ya çokluğu hakkında bir kanaat sahibidir. çocuğun emme vaziyetine göre kendi kendine bir takım hükümler verir. bu bazen çok doğrudur. çocuğun ağzına verilen memede ilk bir kaç dakika zarfında bol bir süt akar. fakat sonra süt birdenbire kesilir. anneler bunu meme başını yoklamakla ve sütü sağmakla anlarlar. böyle bir zamanda çocuğu hekime götürmek ve bu,az sütlülüğün miktarını tayin etmek icabeder. eğer bu yapılmazsa hatali hareket edilmek ihtima … zamanlarında tecrübe edilmelidir. aksi halde bir meme ile yapılan tecrübe kat'i bir netice vermez. az sütlülük mes'elesini tayin ettikten sonra bu noksanı telafi ii için yapılacak iş doğrudan doğruya inek sütüne müracaattır. spoiler v3 ie aylıkları zamaında sütten başka bir şey vermek doğru olmadığına göre bir takım mamalar tertip etmek ve onu vaktinden evvel emzikten veya memeden ayırmak ve kaşığa veya bardağa alıştırmak doğru olmaz. esi i memel … una göre sulandırılarak çocuğa verilir, 3 bu söylediklerimiz normal bir veziyettir. yani memede az ie vardır. vw çaresine bakılmıştır. fakat asıl maksadımız bir çok annelerin yaptığı vi memelerindeki sütü kafi görmiyerek başka mamalara baş vurulması keyfiyetidir. işte bu büyük bir hatadır. : e annelerin mazeretleri çok büyüktür. analık kaygusu ve evlat sevgisi onların kalplerini daimi bir heyecan ve yüksek bir alaka ir çarptırır durur. bir ananın"
Halkevi : Eskişehir Halkevi mecmuası,1943,TTK_0202_1943_0061.pdf,13,3.0,S0,dana/düve/tosun,https://acikerisim.tbmm.gov.tr/handle/11543/4312,"er yeyda reis : bunun da ya altı, ve ya üstü olacak. ismail hakkı : ümidim bu vefadan ola gönlünde eser peyda, #-# ishamüddın : na beca hahişe yok, şer'i mehabbette masağ (serezli) na © sükütun merdi dana hasmını ilzam için saklar “ * * * varakı mahrü vefayı kim okur kim dinler? reis : öteki mısraı da meşhurdur, isamüddin :. güle güş ettiremez bülbül anınçün inler lr e esad (ben) : küşadı goncei dil bir behare kaldı dahi * # # her inleyen ölseydi"
Halkevi : Eskişehir Halkevi mecmuası,1943,TTK_0202_1943_0063_0064.pdf,5,3.0,S0,dana/düve/tosun,https://acikerisim.tbmm.gov.tr/handle/11543/4312,"de yumuşak veya sert buğday çeşitlerini ayrı ayrı incelemek lazımdır. birbirine karışik çeşitler değer bakımından düşer. buğdayın aynı çeşidinde hektolitre ağırlığı da değerini ölçmeğe yardım? eder. dana büyüklüğü buğdayın verimlilik ve kıymetine az çok tesir yapar. umumiyetle ufak taneli buğdaylar iri tenelilere nazaran kardeşlenme, verim ve ekmekcilik bakımından daha iyidir. çünkü ekmekçilikte en mühim materyel olan glüten ufak tanelilerde dah"
Halkevi : Eskişehir Halkevi mecmuası,1943,TTK_0202_1943_0063_0064.pdf,6,3.3,S0,inek;süt,https://acikerisim.tbmm.gov.tr/handle/11543/4312,"su serpmeli, rutubetli sıcak odaiarda bulundurmamalı. eğer odası sıcak ise ve karanlıkça ise gündüz sık sık açık havaya bahçeye çıkarılarak orada bırakmalı. yazın hafif hava ceryanı günü yeni ve taze süt gelinceye kadar bayat süt vermektense süt saatlerinde pirinç suyu veya çay vermek daha iyidir. yaz aylarının en sıcak günlerinde çocuğa miktarca az süt vermeli. mesela alacağı sütün üçte biri kadar noksan olmalıdır. yani 24 saatte altı defa 150 g … fa 150 gram süt veriliyorsa sıcak günlerde altı defa 100 gram süt vermeli. ve şekeri fazla olmamalı, sıcak ayalarda ana veya inek südü alan çocuklar çok susarlar, su ihtiyacını temin için bunlara iki süt saati arasında az şekerli açık çay verilmeli. yazın çok sıcak aylarda bu söylediğim şartlara dikkat edilmeyecek olursa çocuğu ölüme sürükleyen tehlikeli isallere yol açılmış olur. çocuga zarar vermez. yaz aylarında çocuğun beslenmeside çok mühimd … ocuğun beslenmeside çok mühimdir. anne südü ile beslenen çocuklarda sıcakların tesirinden ileri gelen hastatıklar pek az görülür. bu sebepten çocukları yaz aylarında kat'iyen anne südünden kesmemeli. inek südü yaz aylarında çabuk bozulduğundan yaz aylarında inek südü içen çocuklar çabuk hastalanırlar. bunun için çocuklara yaz aylarında verilen inek südünün bozulmaması taze ve temiz olması şart olduğu gibi soğuk yerde hatta mümkünse buz dolepldnmi"
Halkevi : Eskişehir Halkevi mecmuası,1943,TTK_0202_1943_0063_0064.pdf,9,6.3,S0;S2;S3,sığır;mezbaha/salhane;tereyağı/peynir;mera;veteriner,https://acikerisim.tbmm.gov.tr/handle/11543/4312,"veterinerimiz söylüyor: vi alez yayan ği ahsen adaoğlu | ki yiyen hayvanlardan ınsanlara geçebilen paraziter bir hastalık gızdan alınan yumurtaların içindeki firüşeym “onkosfer,, midede serbest hale gelir. bağırsağa geçerek kan yolu ile karaciğere ge … olurlar. ancak ufak ve ince bir sapla ana keseye bağlı bulunurlar. içlerindeki boşluklarda (ekinokok başı) denilen çengelli başlar hasıl olur. bu keselerden bir kısmı istihaleye uğrayarak kireçleşir, peynirleşir veyahut massedilir. istihaleye uğramayan keseler büyümelerine devam ederek bir çocuk başı büyüklüğünü de alabilirler, tabii içindeki su da çoğalır ve kilolarca ağırlaşır. böyle keseleri taşıyan uzuvlarda hem büyüklük ve hem de ağırlık iti … oban köpekleridir. çünki bu hayvanlara ancak insanın yiyemiyeceğine kanaat getirilen bozuk ve hastalıklı ciğerler verilir. bündan başka şehirlerde gizli olarak kesilen ve muayeneden geçmeyen koyun ve sığırların ve bilhassa kurban bayramlarında kesilen koyunların ciğerlerinin kedi ve köpeklere yedirilmesi ile şehir kedi ve köpeklerine de geçerek insanları tehdit eder. çoban köpekleri pislikleri ile mer'aları daima bulaştırarak tekrar koyun ve sığı … mer'aları daima bulaştırarak tekrar koyun ve sığırlara intikalini temin ederler. ekinokok hastalığı bizim hayvanlarımızda maalesef çoktur. memleketimizde bir sene içinde kesilen koyunlarda yüzde 4 ve sığırlarda yüzde 9 nisbetinde bulunur. 941 yılında eskişehir mezbahasında kesilen koyun ve sığırlarda tesbit edilen ekinokok miktarı aşağıya çıkarılmıştır: ohalde kaçak olarak kesilen etlerin ve iç uzuvların yenilmesi veyahut hayvanlara yedirilmesi m"
Halkevi : Eskişehir Halkevi mecmuası,1943,TTK_0202_1943_0063_0064.pdf,10,4.0,S0;S3,mezbaha/salhane;baytar;veteriner;serum/aşı (hayvan),https://acikerisim.tbmm.gov.tr/handle/11543/4312,"hakiki olarak köpeğini ve bilhassa ailesini seven köpek sahibi arada sırada köpeğini veterinere götürerek muayene literatür mezbahalara mahsus parazitoloji insanın hayvani parazitleri parasitologie ettirmeli gaite muayenesi yöptırmalı ve solucan ilaçları alarak kendini; çocuklarını, etrafını korumalıdır. veteriner parazitolog dr. nev … için canlarını fedadan çekinmezler. mesaileri, . eserleri kendilerinden sonra gelen ve gelecek olan yeni kahramanlar için yükselme basamağı teşkil ederler. ağustosun 30 u, fedakar bir fen şehidi olan veteriner yüzbaşı kemal'in 9 uncu şehadet yıl dönümüdür. türk kültür hayatına yabancı memleketlerde şerefler katarken uğraştığı mevzuun kurbanı olan kemal'in hayatı biz fanilere örnek olacak kadar feragatli, cesarctli ve faydalıdır. o, hayvanlar için … olduğu kadar insanlar için de fevkalade tehlikeli olan ruam - mankafa - morve hastalığının dermanını bularak bu menhus hastalığın dünya üzerinde oynadığı faciaları nihayetlendirmek istiyordu. yüksek baytar mektebinde tahsilde iken istiklal savaşına; iştirak etti,” harp sonu tekrar mektebe dönerek tahsilini ikmal etti, stajını etlik askeri serum ve aşı evinde yaptı. muvaffakiyetle imtihanını vererek kabiliyeti, çalışkanlığı ve azmi ile nazarı dik"
Halkevi : Eskişehir Halkevi mecmuası,1943,TTK_0202_1943_0063_0064.pdf,11,4.0,S3;S4,veteriner;ahır,https://acikerisim.tbmm.gov.tr/handle/11543/4312,"morve) dediği ruam aşısı ile kendini aşıladı ve kendi serumunda ruama karşı antikor elde ederek hocasına kanını vermek suretile onu kurtardı. doktorasını yukarıdaki mevzular üzerinde hazırladı. alfor veteriner okulunca kabul ve paris tıb fakültesi jüri heyetinc> (tres honorable) derece ile tasdik ettirdi. bu zamana kadar kendi masrafı ile çalışmalarını yapan kemal'i hükümet himayesine alarak izinin bir sene daha temdit etti. oda mesaisine daha ku … daha temdit etti. oda mesaisine daha kuvvetle sarılarak ruam'a karşı çok hassas olan merkepler üzerinde tecrübelerini tatbike başladı. bundan sonraki çalışma ve yaşama tarzını, onun en yakın arkadaşı veteriner bakteriyoloğ dr. sabri ersoy'a yazdığı mektuplardan takip edelim: (14/4(933) bizim mesaimizin şekli hakkında gösterdiğin alaka ve endişeye teşekkürler ederim. fakat ne edeyim. sabri, bir iravay veyahut mesainin ucu bucağı yok ki... altı ayd … ok ki... altı aydır polonya'dan getirilen bir beygirden tefrik edilen suşla oğraşiyoruz ki bütün işlerimizi karşılaştırarak bizi yeniden başlamağa icbar etti. eşeklere geline: burada da rutübetli bir ahırda bekleye bekleye hastalandılar, kimi gourme, kimi actionomycose oldu. şimdi hava alsinlar diye bir ay için (garche) a gönderdiler. hoca aman şunu da yapalım, bunuda yapalım diye her gün bir iş çıkarıyor. benim için yapılacak teslimiyetten başka"
Halkevi : Eskişehir Halkevi mecmuası,1943,TTK_0202_1943_0063_0064.pdf,16,3.0,S4,tezek,https://acikerisim.tbmm.gov.tr/handle/11543/4312,"ağlayan yavrusunu kucağına kıstıran genç kadın korkudan büyümüş gözlerle kalabalığa bakıyordu. o sırada birisi aralığa sokularak kadının saçlarından yakaladı. sürüyerek dışarıya çıkardı taş, toprak, tezek yagmuru arasında sürüklenen kadın yalnız yavrusunu kucaklıyor gelen taş; toprak, tezek yağmurundan yalnız onu korüyordu. her tarafı yara, bere içinde kalmıştı. o sırada bir kadın sesi işitildi. durun bire insafsızlar elin 'dişiyletisinden ne is"
Halkevi : Eskişehir Halkevi mecmuası,1944,TTK_0202_1944_0072_0073.pdf,16,3.0,S0,buzağı,https://acikerisim.tbmm.gov.tr/handle/11543/4312,"gördüğümüz üstleri başları kir içinde, burunları sümüklü, elleri ayakları çamurlu, ağızları, yüzleri toz ve toprakla boyalı, yürümeğe başladıktan işe koşuluncaya kadar sokağa bırakılmış, tıpkı köyün buzağıları, veya hudainabit kır çiçekleri gibi yetşmekte olan köy çocukları içinden çıkacaktır. 23 nisan bayramında bu milli davadan, köy çocuklarının durumundan bahsetmekle onlarıda düşünmemiz icabettğini tebellür ettirebildiysek kendimizi bahtiyar"
Halkevi : Eskişehir Halkevi mecmuası,1944,TTK_0202_1944_0074_0075.pdf,9,7.3,S1;S2;S4,hara;yonca;saman/kesmik;tezek,https://acikerisim.tbmm.gov.tr/handle/11543/4312,"ni müjdeliyordu. istiklal harbimizin acı ve tatlı hatıralarına sahne olan, geçtiğimiz her karış toprak adeta hepimizin yüzüne gülüyor, burunlarımız yayılan latif ve güzel kokularla doluyordu. nihayet haraya 7 km. mesafede olan mesudiye köyü gözüktü. köye girdik. köyün ileri gelenlerinden bay seyit erten ile karşılaştık ve görüştük. bize, köyü 'tanıttıktan senra evine misafir etti. gayet muhteşem mobpilyeli bir odaya girdik. doğrusu köylerimize şe … ve 70—80 kg. kadar ürün alırız. ayrıca arpa ve mısır da ekeriz. mısırdan bir dönümden (burada dönüm 40x40 arşınlık yerdir) bir kile yani 30 - 32 kilo alınır. —hayvan yemlerinden ne ekersiniz —yalnız yonca. oda geçen yıl ekildi. ve ancak üç defa biçebıldık. — tarlalarınızda ne hastalıklar görülüyor ve bunlara karşı ne tedbirler alıyorsunuz? —bazı seneler bilhassa karamuk (sürme) hastalığı görülüyor. bunun da önüne göztaşı (cu sos ) mahlülu kullan … sap 3 saatte döğülebiliyor. ev sahibi bunlardan sonra bize evinin muhtelif yerlerini bilhassa nazarımızı çeken, peç denilen sobasını da gösterdi. peç iki oda arasına yapılmış birer fırın olup burada tezek veya saman yakmakla, kışı geçirmiş olurlar. iş sahibi seyit erten'le evin ambarlarını gezdikten ve ziraat aletlerini gördükten sonra memnuniyetimizi . ve teşekkürlerimizi biliirerek, selamlaşarak ayrıldık. akşamın alaca karanlığı çökerken mahmu"
Halkevi : Eskişehir Halkevi mecmuası,1944,TTK_0202_1944_0074_0075.pdf,12,3.0,S0,inek,https://acikerisim.tbmm.gov.tr/handle/11543/4312,"eter gayri, fatma abla, aakşam oldu, daha ben eve varıp çocuklara aş pişireceğim, kalanını yarın yaparız diyor. bir taraftdn da arkın çamarlu suyunda ayaklarını oyıkı yor... evlerindeki kuzulararı, o inekleri için, gündüzden topladıkları otları çuvallayıp sırtlarına alıyor üzerine de çapalarını yerleştiriyorlar; işçi başının avuçlarına koyduğu gündelikleri onlarin kapalı yüzlerini aydınlatamıyor. batan güneşin solgun ışıkları altında renkten reug"
Halkevi : Eskişehir Halkevi mecmuası,1944,TTK_0202_1944_0076_0077.pdf,10,3.0,S0,öküz,https://acikerisim.tbmm.gov.tr/handle/11543/4312,arın mahiyetinin bildirilmesi. c — yunus aslen sivrihisarlı olup sarıköy'e yaylaya giderlemriş. kendisi daha küçük yaşta güzel türküler söyler kirlarda gezmeği severmiş. hatta dağ taş bir tutarak tek öküzle koşup sarıköyde pirinç ekermiş. bu sırada nallıhan: kazasına bağlı emrem sultan köyünde müderislik yapan ayni zamanda şiirede ehemmiyet veren emrem sultan namındaki şıh'a ders almak üzere pek geç zaman iltihak etmiş ve bu şihtan ders aldıktan
Halkevi : Eskişehir Halkevi mecmuası,1944,TTK_0202_1944_0078_0080.pdf,7,4.3,S0;S1;S4,hayvancılık;damızlık;gübre,https://acikerisim.tbmm.gov.tr/handle/11543/4312,"umu yardımile başarılacaktır. çeşitli ve standardize iştihsal gayemizdir. teşkilat; ve kadro ; teknik ziraat teşkilatı bir müdür emrinde tarla ziraati, bağ, bahçe, ziraat sanatları, zirai mücadele ve hayvancılık mütehassıslarile bir teknik n üfettiş ve her kazada birer teknişiyen ve lüzumu kadar idare elemanile 15-20 köylük gruplarda birer köy teknik ziraat öğretmeninden teşekkül etmiştir. vilayetğhusust bütçesinden vücuda getirilmiş teşkilat ve … ilir. verim kaynağımız köydür, kuvveti ondan ve bize her zaman uyan çalışkan ve tekniğe kıymet verir çiftçilerimizden alırız. çevre teknik ziraat öğretm eni mıntıkasının alet, makine, tohumluk fidan, damızlık hayvan, kimyevi gülre gibi bütün istihsal vasıtalarının tedariki için her teşel'büse baş vurur. o köyün içinde çiftçisinin arasında onların bütün dertlerini anlayarak ve bilerek çalışır. tarla kültürlerinin teknik usullerle yeliştirilmesini"
Halkevi : Eskişehir Halkevi mecmuası,1944,TTK_0202_1944_0078_0080.pdf,8,11.3,S0;S1;S2,hayvancılık;aygır;hayvan sergisi;yem;silo/silaj;küspe/posa/kepek,https://acikerisim.tbmm.gov.tr/handle/11543/4312,"— az tarlası, sulanan toprağı olanlara münavebenin değeri anlatılarak isiifade kaynağı gösterilecektir. 8 — su basımna uğrayan topraklardan faydalanmak “için mısır ekimi temin edilecektir. 9 — hayvan yemi ot nebatlarının tohumluklarınının getirtilip dağıtılarak ekim sahasının azami hattine çıkarıl masına çalışılacaktır. 10 — tohum vererek daneli bakliyeletin ziraati genişletilecektir. 11 — toprak ve toporağfi değişik lik gösteren çevrelerde mevcu … ş” “sağlanacaktır. e 9 —isebzeğziraatını önderler şu-- mullendirerek çeşitlendirmek ve şe: ğaltmak çareleri aranacaktı. 10 — bu mevzuda teknik etütler genişletilecek ve: ileri sne onarılacaktır. ın — hayvancılık mevzuund'ı : 1 — ziraat vekaletince kurulmakta olan hayvan sergilerine çok hayvan hazırlanacaktır. 2 — köy boğalarının bakımını temin «derek *o döl miktarını tesbit ve çoğaltma çareleri aranılacaktır. 3 — sürüğsahibifönderlerin kışlık yem … r. 3 — sürüğsahibifönderlerin kışlık yem hazırlığı takip veeksikse temin çareleri aranılacaktır. 4 — pancar küspesinden azami faydalanmak için silolama ve kurutma usulleri halledilecektir. 5 — devlet aygırlarından azami randıman alınması için iş takip edilecek ve döl alma'nisbeti, yavrularının yetiştirilmesi sıkı bir kontrola tabi tutulacaktır. pi . . km bir köy toplantısında"
Halkevi : Eskişehir Halkevi mecmuası,1944,TTK_0202_1944_0078_0080.pdf,9,14.3,S0;S1;S2,hayvan yetiştir;süt;Çifteler;yem;yonca;mera;korunga/fiğ/burçak,https://acikerisim.tbmm.gov.tr/handle/11543/4312,"p 7 / : : 6 mer'a durumu fatifade şekil. leri tesbit olunacak ve mer'a otları etüd edilecektir. 7 — agıllar islah ve sivat yerleri tanzim edilecektir, 8 — çobaulığın meslek © haline getirilmesi çareleri tulunacaktır. 9 — iyi vasıflı hayvan yetiştiren. lere her t … uma kanunu tatbikatı ehemmiyetle takip edilecektir. 2— köy kanınu hükümlerine göre köy ziraat bişleri proğramlı bir şekilde yaptırılacaktır. 3 — çiftçi ailelerinin varlıkları tes bit edilecektir, 4 — çifteler havalisinde evkaf arazisinde teessüs etmiş olan (33) köydeki topraksızlara ihtiyaçtan fazla? elan meralar işlenmek üzere verilmesi hususu takip edilecektir. 5 — köyde cemiyet halinde eylenme günleri çoğaltılma çareleri aranacaktır. 6 — köyde … efalacak memurların çevrelerine yerleştirilip bu yepyeni mevzuda işe başlamaları için alıştırma kademesi geçirildi. ilk iş olarak elimizde (drayfarming istasyonunda) mevcut arpa ve buğday;tohumluğile çiftelerharasının fahriye?çiftliğinde üretilmiş olan 300 ton sertak buğday çıfiçiye ödünç olarak dağıtılmıştır. bu sene de 944 - 945 ekim yılı için 800 ton .arpa ve buğday ödünç olarak ve 500 ton da devlet fiatı üzerinden satılmak suretile dağıtılaca … , bu miktarlardan başka şeker fabrikası çiftliği üretmesinden ankara islah istasyonu menşeli 100 ton kadar tohumluğun çiftçiye ofis fiatiyle verilmesi sağlanacaktır. - ziraat vekaleti erzincan hayvan yemi üretmesinden iki ton korunga ve 536 kilo yonca tohumu çiftçiye ailelerin bir yıllık geçim şartları ve dağıtılmıştır. yedikleri incelenecektir. ve hayvan yemi üretme işinde bilgisi e gi bir bağ yerinde az olan muhit'miz çiftçilerinin teknik elema"
Halkevi : Eskişehir Halkevi mecmuası,1944,TTK_0202_1944_0078_0080.pdf,10,8.0,S1;S2,damızlık;boğa;Çifteler;mera,https://acikerisim.tbmm.gov.tr/handle/11543/4312,"sile bu yıl mahmudiye, kaymaz, beylikahır ve seyitgazi yeniköyünde kürulan sergilere fazla miktarda hayvan iiştirakı temin ettirilmiş veğgok iyi netice vermiştir. bu'seneğde köy,manevi şahsiyetlerine boğa.ve teke verilmesi takip edilmektedir. ortağmalı olan damızlıkların” kışin iyi bakımlarının temini için tetbirler alınmaktadır. hububattakij sürme tahribatının önlenmesi için bu yıl on sekiz selektör makinesi çevrelerde gezdirilerek . (4000) ton … tine gidilecektir. bilhassa toprak, ziraat aletleri, tohumluk, kredi, çeşitli ve değerli istihsal işleri ayrı ayrı birer etüd mev. zu olarak elde tutulacak ve bu mevzulardaki faaliyet planlanacaktır. çifteler, ismetpaşa nahiyelerindeki arazinin vakıflara zit olan kısımların. mer'alardan fazlasının işlenmesi ve bu cıvardaki az topraklı çiftçilerin bu topraklardan edinmesi hususu temin edilmektedir. bağlardan azami randıman alınması ve yeniden bağl … merke: ve sivrihisarda iki adet ziraat sanatları kursu açılacaktır. kurs mevzularının çeşitlendirilerek sayılarının çoğaltılması gayemizdir. halen (keskin - karapazar - alpu. beylikahır - hamidiye -” çiftelerğkaymaz) köylerinde merkez binaları bitmiştir. yakakayı - kanlıpınar < kızilinler - yeniköy - babadat çevre merkez binalarının inşaatı devam etmektedir. köy teknik ziraat öğretmenlerinin çevreleri köylerinde tanılır ve sevilir birer şahsiyet"
Halkevi : Eskişehir Halkevi mecmuası,1944,TTK_0202_1944_0078_0080.pdf,11,26.6,S0;S1;S2;S3,sığır;inek;dana/düve/tosun;hayvancılık;damızlık;boğa;aygır;hara;Çifteler;boz ırk/kara sığır;mera;çayır;veteriner;salgın/epizooti,https://acikerisim.tbmm.gov.tr/handle/11543/4312,"bu yazı veteriner müdürlüğünden verilmiştir : eskişehir vilayeti veteriner işleri eskişehir vilayeti hayvancılık bakımından”önemli bir mevki? işgal'eder. ileri”derecede”ziraatı, mera-ve' çayırlarının bolluğu,icoğrafi durumu'vilayet hayvancılığına geniş bir i … e yerek verim itibarile yükselmekte ve artmağa devam etmektedir. hayvan mevcudu: vilayetin sayım resmine tabi olan hayvanları muhtelif seneler üzerinden aşağıda gösterilmiştir. senesi at katır merkep sığır 926 8316 76 9224 o 59708 930 9088 308 8699 57155 935 17367 311 11790 76313 941 23225 408 148921 81882 m2 271384 430 15454 85379 943 28321 432 14171 84070 244 30677 464 13800 52176 i manda koyun o keçi tiftik okıl keçi o yekün 7990 272086 187299 … 661 5793 842786 5225 446296 238366 5684 822737. bufistatistike /göre|hayvanlarımız seneden seneye artmaktadır. yalnız sonğseneler zarfında fevkalade vaziyetler dolayisiyle koyunlarda ve pek az olarak sığırların? miktarında bir iniş var ise de”atlarda' bariz#bir yükseliş göze çarpar. bu durum$vilayetimizde hayvancılığın”'önemini /açık$bir surette izah eder. vilayet veteriner” teşkilatı birisi hayvanların ıslahı diğeri de salgın hayvan“ hnstalıklar … köy bütçelerine konulan tahsisat ile meydana getirilmiş yirmi aşım e 165 dürağı mevcut bulunmaktadır. bu duraklar köylü kısraklarının kötü döllere karıştırılmaması ve kısırlıktan kurtulması maksadil: hayvancılık bakımından ileri ve hayvan kesafeti olan yerlerde açılmıştır. bu snretle uzak yerlerden kaza merkezlerine kadar kısrak getirilmesi ve bazan 'da sıraya girmek için günlerce nöbet beklenilmesi ve lüzumsuz yere vakit kaybedilmesi gibi müşkül"
Halkevi : Eskişehir Halkevi mecmuası,1944,TTK_0202_1944_0078_0080.pdf,12,15.3,S0;S1;S3,sığır;süt;damızlık;Çifteler;hayvan sergisi;şap;şarbon/karakabarcık;sağlık zabıtası,https://acikerisim.tbmm.gov.tr/handle/11543/4312,"cevap verecek nefaseti' elde etmek için her sene ziraat vekaletine bağlı çifteler harasının nümune tiftik keçi ağılının yetiştirilmiş olduğu tiftik tekelerinden ucuz bir fiyatla sürü sahiplerine damızlık olarak verilmektedir. ayrıca her sene mahmudiye merkezinde açılan ehli hayvan sergilerinde tiftik keçiler.ne de yer bır … ağılı bulunmadığından #sürü sahipleri7ihtiyacı olan koyunları""birbirlerinden sa tın alınaktadırlar. ayrıca tarafımızdan da yetiştiricile» koç fihtiyaçlarını karşılamak üzere doğum”! zamanında ileride damızlık-olabilecek (evsaf ve teşekkülatı “haiz erkek “kuzuların seçilerek?#bunların? ana sütünden azami surette :istifade etmeleri ve sütten kesildikten sonra da iyi besi ve bakıma tabi tutularak koç çağına geldikten *sonra damızlıkta kullanılması b … ye merkezinde ve seyitgazinin yeni köyünde yalnız atlarağ mahsus biner lira ikramiyeli üç sergi de tertip edilmektedir. bu suretle gereken teşvikler yapıldığı gibi bir yandan dabu gibi?sergilerde et, süt kuvvetf vesaire ba'ımındın yetiştirilecek hayvanların “ne gibi evsaf ve! teşekkülleri haiz olması icabettiğiğ : hakkında hayvan sahipleri malamat sahibi olacaklarından sergiler ayrıca' mektep vazifesini görmektedir. bulaşık$hayvan hastalıkları : … ple gerek salgın *hastalıklar | bakımından *, hayvan telefatına mari olmak ve ""gerekse ve ölen hayvan miktarlarını ve başlca hastalık isimlerini gösteren. istatistikler aşağıda ayrı ayrı yazılmıştır. şap: salgın hastalıklar meyanında son derece bulaşık olan bu hastalıkla vilayetimizde yapılan idari ve fenni savaşlarla zuhuru önlenmiştir. sirayete senesi omaruz tutulan aşılanan 939 4630 2343 2287 940 (0) 0 o 941 37165 40468 16697 942 23823 1836 21"
Halkevi : Eskişehir Halkevi mecmuası,1944,TTK_0202_1944_0078_0080.pdf,13,9.0,S0;S1;S3,sığır;mezbaha/salhane;Çifteler;veteriner;salgın/epizooti,https://acikerisim.tbmm.gov.tr/handle/11543/4312,"edip telefata sebebiyet veren paraziter hastalıktır. buna karşı evvelce hastalık çıkan yerlerdeki sürü. lere vaki olarak distofojin verilmekle hastalığın zuhuru ve telefatı bu suretle önlenmektedir. mezbaha işleri : insanların mühim gıdasını teşkil eden etlerden insanlara geçen hastalıklardan halkın genel sağlığını korumak ve hayvan hastalıklarının menşe ve nevilerini tesbit etmek için şehir ve kasabalarımızdan veterineri olan mezbahalarda kesil … ahalarda kesilen hayvanlar kesilmezden evvel ve kesildikten sonra sıkı bir şekilde kontrol ve muayeneye tabi tutulmakta ve ekle salih ol. mayan etler müsadere ve imha olunmaktadır. muhtelif senelerde mezbahalarda kestirilen hayvanların neyi üzerinden miktarlarını gösterir cetvel aşağıda yaazılmıştır. senesi 939 4235 940 5343 941 7016 850 942 7296 265 943 5214 246 hayvan hareketleri ve hayvan pazarları: muhtelif senelerde vilayetimizden hariç vila … iği yegane merci sıtma mücadele evleri olup cumhuriyet hükümetimizin basiretli tedabiri sayesinde bu sene dahi hiç birkimsenin sıtmadan işinden ve gücünden kalmadan tedavi edilerek geçirilmiştir. 1 — çifteler kanalı : küçük say, sıtma mücadele kanununun 6 &ı maddesi hükümlerine göre çifteler ve ismetpaşa .nahiyeleri mıntıkasında 14 köy mükellef tutularak halkın coşkun ve içten gelen arzularile bu güzel köyümüzün sıhhati“ iade edilmiştir. bu gün c … p iktisaden pek büyük bir rol oynamıştır. burada bu sene hemen hiç bir sivrisinek olmamış ve kimse sıtmaya tutulmamıştır. — bu köyü ziyaret edenler bunu tastik ederler. köylerin isimleri şunlardır :; çifteler, mandra; mamüre, sayıthalim; emimekin, “körhasan, ihsaniye, osmaniye, hayriye, orhaniye, türkmen mecidiye, kadıkuyusu, bonkioşik ve belpınarı köyleridir. mükellef adedi 1700 kişiye baliğ olmuştur. bir kısım ameliye para ile sonradan ikmal et"
Halkevi : Eskişehir Halkevi mecmuası,1944,TTK_0202_1944_0078_0080.pdf,14,6.0,S0;S1,büyükbaş;Çifteler,https://acikerisim.tbmm.gov.tr/handle/11543/4312,ataklık yapmaktan kurtulduğu gibi kendileri de tekrar akarbaşına gidip sularını kesmekten kurtarmış ve hem iktisadi ve hemde sıhhi ve sıtmı bakımından önemli işler başarılmıştır. 6 — hamidiye köyünde çifteler köy enstitüsü cıvarında bulunan bazı durgun suları ve bataklıkları izale için bir aydaaberi hamidiye köyü mükellef tutularak mevcut sular ve kanalların tathiratına devam edilmektedir. bu iş de yakında hitam bulacak ve başarılacaktır. 7 — yin … ı bataklığı tathir edilmek üzere amelei mükellefe kararı verilmiş ve işe başlanmıştır. bu kazaya bağlı mimahoşu çeşme ayakları için yusuf oğlu köyüne dağru bir kanal açılinıştır. 8 — mücadelemizin en büyük başarılarından biri de yine emir. dağının alikan köyünde nafia vekaleti su işleri dairesinin geçen sene ihale ed:zrek hitam bulan ve gayet muazzam bir kanal haline gelen bataklıktan 20 bin dekar bir arazi kurtulmuş ve sıtma amili kalmamıştır. e
Halkevi : Eskişehir Halkevi mecmuası,1944,TTK_0202_1944_0078_0080.pdf,17,3.0,S1,Çifteler,https://acikerisim.tbmm.gov.tr/handle/11543/4312,lan bu havza ve vadiler içinde birinci derecede önemli mevzulardan etüd ve projeleri hazırlanmış kısımlarla inşaata başlanmış ve neticelenmiş işleri hülasa edelim. a) sakarya havzası; 1 — sakarya'nın çifteler civarındaki menbalarından aktaş köyüne kadar olan kısımda 8400 hektarlık bir sahanın <ulannası ile azmak ve: -eminekin köyleri civarındaki bataklik sahaların kurutulması işine ait etüd ve projeler hazırlanmıştır. sulamanın - yapılabilmesi .
Halkevi : Eskişehir Halkevi mecmuası,1944,TTK_0202_1944_0078_0080.pdf,26,3.0,S0,büyükbaş,https://acikerisim.tbmm.gov.tr/handle/11543/4312,"nda çarpışacağı büyük adamı hem tanımış, hem yaratmıştı...» yapılan hamleler, yaratılan zaferler ve devrimlerden sonra bu günlere geçen hatip: «dün için bir peri masalı rüyası kadar uzak hayaller, bu büyük başın başkanlığında bir hakikat oldu; bu gün, bu hakikatler dünyasının saadetiyle mes'uduz; refahiyle müreffeh'iz, hürriyetiyle hürüz. » satırlariyle yaşaa ihtiram köşesinden bir parça dığımız eşsiz dünyamızı da çizdikten sonra : «inandıgı için"
Halkevi : Eskişehir Halkevi mecmuası,1944,TTK_0202_1944_0078_0080.pdf,27,3.0,S1,Çifteler,https://acikerisim.tbmm.gov.tr/handle/11543/4312,nde ankaraya gelen sıvas halaycıları eskişehire de getirilmiş ve bir hafta süren bir kurs açılmıştır. öğretmen ve talebenin de: vam ettiği bu kursta 80 kişi 6 o muhtelif halay öğrenmiştir. halaycılar çifteler köy enstitüsü —8— ne gönderlerek enstitüsü ; talebesinde bü halayları öğretmişlerdir: . kütüpane ve yayın şubesi 1: —dütüphanemiz giriş; defterinde kitap sayısı; (2400) iken “altı ay içinde c. h. p. genel sekreterliğinden gelen (89) kitap il
Halkevi : Eskişehir Halkevi mecmuası,1944,TTK_0202_1944_0078_0080.pdf,28,3.0,S1,Çifteler,https://acikerisim.tbmm.gov.tr/handle/11543/4312,"alariyle temsiller verdirilerek kolumuza 2019 lira 89 kuruş hasılat yapılmıştır. köycülük şubesi : ) — bölgemiz dahilinde dispanserler çoğaltılmış, alpı ve beylikahir da da birer dispanser açilmiş ve çifteler dispanseti köye devredilmiştir. bu suretle gayesi muhitine fayda temin etmiş olan şubemiz çifteler köyüne daimi bir doktor ve sağlık yuvası kazandırmıştır. 2.— haftanın muayyen günlerinde köylülerimizin dertlerini dinlemiş ve kendilerine önd"
Halkevi : Eskişehir Halkevi mecmuası,1945,TTK_0202_1945_0081_0082.pdf,16,3.0,S0,öküz,https://acikerisim.tbmm.gov.tr/handle/11543/4312,"doktor allıwissend “ ı.- fakir bir köylünün doktor oluşu vaktile krebs isminde bir ihtiyar köylü vardı. o günün birinde şehire öküzlerile, bir araba yüklü odun getirmiş ve bunu iki lira mukabi'inde bir doktora satmıştı. doktor o esnada öğle yemeğini yiyordu. köylü, doktorun güzel yemek yediğini görünce kendinde doktor olmak arzusunu duymuştu. dayanamıyarak doktora : doktor o"
Halkevi : Eskişehir Halkevi mecmuası,1945,TTK_0202_1945_0083_0084.pdf,7,3.3,S2;S4,hayvan kırılması;köy kanunu,https://acikerisim.tbmm.gov.tr/handle/11543/4312,"le tarafından kutlanan 20 inci yıl çok canlı ve beyecanlı olmuştur, asırlar koyunca yaşamış, bütün dünyaya ün salmış kahraman ulusı muzun -tarihinde 20 yıl cadat bir devre zamana siğ şitli ve faydalı köy kanununun nı iyice anlayabilmek için hö şöyle kısaca gözden geçirmek yerinde bir hareket olacaktır. köy kanunu köye ulaştığı gün köyü harap ve köylüyü bitkin. bi: durumda bulmuştur. son yıllara kadar: temamile. ihmal edilmiş olan köy acınacak dur … rme çareleri bulundu, yetiştirdiği toprak ve hayvan ürünleri çoğaltılıp değerlendirildi. köy uzun yıllar bir yiyinti kayna” ğı oldu; köylü de yalnız veren ve karşılığında hiç bir şey alamayan ümitsiz kırgın bir yığıntı gibi yaşadı. benliğini kaybetmiş bir çok insanların maddi, ve manevi zorlukların “ içinde bulundukları köyle bu yüzden artık faydasız duruma düşen köylümüz ne fena devirler yaşadı: köy kanununu bir köy ve köylü yarattı. inkan ve şa"
Halkevi : Eskişehir Halkevi mecmuası,1945,TTK_0202_1945_0083_0084.pdf,16,5.0,S0;S2,öküz;mera;otlak/yaylak/kışlak,https://acikerisim.tbmm.gov.tr/handle/11543/4312,"anın içeceği ya bir kuyu veya çeşmedir. ağaçsız olan bu köylerde yazin öğle sıcağı ikinci bir gece sükütu meydana getirir. bu vakit çapacılar eve dönmüştür. kırda kalanlar bir ağaç gölgesine sığınır, otlaktan dönen öküzler kapısı yazın örtülmeyen basık tavanlı damın serin ve karanlık kucağına koşar. iğde ağacının altında eşinen tavuklar gölgede sık sık soluyan karabaş görünür. bu sükütu bazan horozun sesi ve beşikteki mehmetçiğin ağlamasıdır. ova … ylarında rastlanır. hepsinde okul bulunan bu köylerde ziraat oldukça fennidir, burda, sapaoğru re ei erer ismet angı nın yerini, pulluk, ağaç arabanın yerini demir araba tutmuştur. bu arada, dağların mera köşelerine kadar uzaklaşan dağ köylüklerine de bakalım; bir derenin iki yanında veya bir tepenin üzerinde toplamış tavanlarının hemen hepsi tahtadan dar pencereli sıvasız duvarlı evleri birbirine yakın bulunur. öğle vakti: karşıki tepenin seyrel"
Halkevi : Eskişehir Halkevi mecmuası,1945,TTK_0202_1945_0085.pdf,3,3.0,S0,öküz,https://acikerisim.tbmm.gov.tr/handle/11543/4312,"seniz bizim kurtuluş davamızın ruhunu anlayamazsınız. onu ancak; yalnayak aç ve çıplak s0pasile sakaryayı beee kolisi ehe merke ekekerke sesk ese erke lise: lek sesle) türk eri; çocuğu kucağında zaif öküzünün sürüklediği kağnısıle mermi taşrıyan türk kadını, oğlunun mezarını bilmiyen yıkık yurdunun üzerinde ağlayan türk anası bilir. — devamı sayfa 6 de — iv y dört ölüm bugünkü dünyanın en büyük devlet adamlarından dördü deöldü. bıuılar hakkında n"
Halkevi : Eskişehir Halkevi mecmuası,1945,TTK_0202_1945_0085.pdf,7,3.0,S0,dana/düve/tosun,https://acikerisim.tbmm.gov.tr/handle/11543/4312,"ğa kan. içireyim senin içini! a beybabam 1! kemendini bana veryel boyunlara geçireyim senin için | a beybabam ! topuzunu bana vergel, berk cebeler göçüreyim senin için |! yi babası: ha göreyim, dedi, tosun emrenim, geçmiş ak günlerimi andırtmıyasın benim! basri gocul gayri mntbu manzum destanın ikinci cildinden. ı lez lele iz lk 6 eze oz 5 5715 lie 118 “oğuzlama, i adındaki konuşma : şekil yüz yıllardır süre gelen bir dava var : şiirde şekil. son"
Halkevi : Eskişehir Halkevi mecmuası,1945,TTK_0202_1945_0085.pdf,8,3.0,S0,hayvan yetiştir,https://acikerisim.tbmm.gov.tr/handle/11543/4312,"gi çiftçi rağbet gösterir. kim yetiştirir? çiftçi ına'ları çok emekle ve en azı bir sene vade ile netice veren şeylerdir. üç beş sene ve hatta daha fazla vadeli olanlarda vardır. ağaç yetiştiriliciği hayvan yetiştiriliciği bun lardandır. para gimiyecek bir mahsüle bu kadar uzun müddet kim emek döker? hangi laf hangi teşvik buna kar edebilir, ve nihayet yapılmış olsa bile lüks mahiyetinde ve mahdut ka; ır, pazar için kazanç için olamaz. görülüyor"
Halkevi : Eskişehir Halkevi mecmuası,1945,TTK_0202_1945_0085.pdf,9,14.0,S0;S2;S4,inek;yem;yonca;mera;korunga/fiğ/burçak;tezek,https://acikerisim.tbmm.gov.tr/handle/11543/4312,"bahçeye hayvana ineğe heves arttı. geçen sene devlet elile 17000 bu sene 21000 meyveli fidan diktirdi, geçen sene 660 bu sene 3600 dekar yeniden bağ tesis settirdi ve yine de isteği karşılıyamıyoruz. inekçilik şehirde köyde yerini bulmağa başladı. bir kaç seneler evvel ankara köylerinde bir tetkikimde inek yakacak tezek yapan bir alet derekesinde adi bir metden başka bir şey değilken ve meraya tok gidip aç dönen inek bu gür mevkiini bulmağa başla … söylenilir. bunun ayr.ca (1-2-4) ncü mısraları ile (5 6) ncı mısraları kafiyeli üçüncü mısra serbest olanlarda vardırbu dağda maral gezer zülfünü tarar gezer dağ bizim maral bizim avcı burda ne gezer yoncalar hanım yoncalar sallansın beli inceler dama çıkına” görürler boyun güldür dererler saçın şirvan ipeği hançer bağı örerler yoncalar hanım yoncalar sallansın beli inceler üç ayak mani: biri kısa, üçü uzun dört mısradan ibarettir. kafiyeler biri"
Halkevi : Eskişehir Halkevi mecmuası,1945,TTK_0202_1945_0085.pdf,17,3.0,S0,öküz,https://acikerisim.tbmm.gov.tr/handle/11543/4312,"nca sürüsünü kaldıran çoban kavalile köyüne selam yollar. sürü görünmez çan sesleri duyulmaz olunca güneş göremez olur. .işte dağ köylüsü hayatının bütün zorluklarına bugünün zevki katlanır. arabası, öküzü çocuğu çoluğile gece gündüz haftalarca çalışıp yaktığı kömürü kestiği odunu durgun öküzünün kambur hale getiren ve elıcının gözünde bir kucak görünen odunu şe hire getirince utana utana satar. — sayfa 29 dan devam — ve memleketlerine götürürler"
Halkevi : Eskişehir Halkevi mecmuası,1945,TTK_0202_1945_0086.pdf,16,7.0,S0;S1,hayvancılık;hayvan yetiştir;damızlık,https://acikerisim.tbmm.gov.tr/handle/11543/4312,"şartlarına göre çeşitli istihsal bölümlerini içine alan mürekkep işletmeler kurulabilecek surette yapılabileceği gibi istihsallerini bağcılık, meyvacılık, bahçeci- * lik, fıdancılık, tarla ziraati ve hayvancılık gibi bir istihsal bölümünde topliyan basit işletmeler kurulabilecek şekilde de yapılabilir. madde: 41 — arazi istiyen kimseye, oturduğu yerde verilecek arazi bulunmadığı veya ka:madığı takdirde önce o bölge içinde başka bir yerde ve burad … cansız demirbaş ve istihsal malzemesi türkiye zirai donatım kurumu tarafından tedatik edilerek taksitle ödenmek üzere verilir. madde 50 — tarım bakanlığının ıslah istasyonlarında, fidanlıklarında ve hayvan yetiştirme müesseselerinde yetiştiril&dn iyi cins tohumluk, fidan ve damızlık hayvanlardan dağıtılacaklar yeğlikle bu kanun gereğince topraklandırılmış olanlara verilir. madde 51 — bu kanun ile türkiye cumhuriyeti ziraat bankasına verilen işle"
Halkevi : Eskişehir Halkevi mecmuası,1945,TTK_0202_1945_0086.pdf,19,6.0,S0;S2,öküz;korunga/fiğ/burçak,https://acikerisim.tbmm.gov.tr/handle/11543/4312,"ak, anam, babanı, ka:deşim kara topraktır, toprakl. maradasermek için yeşil yaprak isterim, koynuna girmek için kara toprak isterim!. — uslu ozan — düzülsün çiftin yola ağarmadan tan yeri, , süzülsün burçak burçak alnından azmin teril.. bırak, kudursun gökler,'ç:k sırtına gocuğu; tut ülkünün yolunu, ey toprağın çocuğu!.. “bu miskin koca öküz, karga gibi danayla yüzüm güler mi?..” deme, savaş toprak anayla!. ey kudretin örneği, ver hakkını sabanın … dünya her çağ s:nin önündel,. cemal oğuz öcal *-<d>40 kınalı toprağım (oprak benim sevgilimdir, eşimdir gündüzün yatağım, gece düşümdür ona bel bağlamış, can vermişimdir kınalıda şu toprağım kınalı | öküzlerim «sele serpe gezinir sapanlarım: tarlalara dizilir sevincimden yüreciğim ezilir kınalı da şu toprağım kınalı! tohum oldum kucağına atıldım yağmur oldum mayasına katıldım başak oldum eloğluna satıldım kınalı da şu toprağım kınalı! dedelerim ö"
Halkevi : Eskişehir Halkevi mecmuası,1945,TTK_0202_1945_0086.pdf,21,3.0,S1,Çifteler,https://acikerisim.tbmm.gov.tr/handle/11543/4312,"topladı; hele alay bayrağının iki tarafındaki ve arkasındaki “şalvarlı peştemallı, köylü kadınlarımızın çizdiği tablo, toplananların; heyecanlarını coşturdu... bu törene pek yerinde olarak “hamidiye, çifteler köy enstitüsü, talebeleri de katılmışlardı... törene; 15,45 de istiklal marşı: ile başlandı. bunu, köy enstitüsünün söylediği ziraat marşı takibetti; bun onların söylediklerine sadece 'bir sirn ve düzen vermekten: ibaretti;ruh' hat. ta söz,"
Halkevi : Eskişehir Halkevi mecmuası,1945,TTK_0202_1945_0086.pdf,22,3.0,S1,Çifteler,https://acikerisim.tbmm.gov.tr/handle/11543/4312,"deta silip bozuyorlardı. karapazarlıların - kuyveti pazuda karşılarına çıkan köylüleri yenmeleri, öğünülen «türk kadar kuvvetli» sözünün bala yaşamakta olduğunu göşteren bir hadise oldu.. | hamidi ye çifteler köy enstitüsü, 30 kişilik büyük bir grupla, yurdu. muzun en rağbetteki bir iki oyununu maendolin takımlarının ahengi içitde sayılaşan hareketlerle oynadılar. göler, bu, otuz. çift kollu ve çift ayaklı tek adamın makine hareketlerine ta. kıld"
Halkevi : Eskişehir Halkevi mecmuası,1945,TTK_0202_1945_0086.pdf,23,3.0,S0,öküz,https://acikerisim.tbmm.gov.tr/handle/11543/4312,150 dönü. me çıkarırsam hem kendime yeteceğim hemde yetiştirdiğimden bir mikta satarak memlsketimet faydalı olacağım. şu halde toprak kanunundan 150 dönüm arazi istiyorum. 2 — arazim artınca bir çift öküzümle bu işi başaramam. mevcut vasıtalarım ancak bir çilt öküzle çalışmama göredir. toprak kanunundan bir çift atla bir dönerce pullak isterim. başka düzenlerim tamdır. evimin genişliği bana yetecek kadardır. 3 — yetiştirdiğirnin bana yetmediğini
Halkevi : Eskişehir Halkevi mecmuası,1945,TTK_0202_1945_0087.pdf,4,3.0,S0,öküz,https://acikerisim.tbmm.gov.tr/handle/11543/4312,"emi de karakteri gibi kaypak olduabdülkadir gürol ğundan edebi nevilerin her yönünde söz edebilir. o diğerleri gibi ilhamdan üsluba inmez. gramerden esere çıkar, vi bu adam kimseye yük olınadığı için öküzün boynuzundeki sinek mis sali kendini her zaman 6l üstüwde taşıtabilir. ve herkes tarafından anlaşılır, sevilir, bu adam yaşadığı günün sevimli bir kralı olduğundan kimsenin mer> hametine ve yardımına da ihtiyacı ö yoktur. gelelim büyük muharrir"
Halkevi : Eskişehir Halkevi mecmuası,1945,TTK_0202_1945_0087.pdf,13,3.0,S0,öküz,https://acikerisim.tbmm.gov.tr/handle/11543/4312,"rman işinin en zorundan ve gücünden de zevk seziyorlar, haz tadıyor: jar, başka bir ksfile ile görüşüyoruz, bunlar ermenekli, diğ»rlerinin tersine dunlarda ağaçlarını boşaltmakla meşguller. arabalıra öküz ve manda koşula. osman idaresi kendi hudutları içinde kalin köklerin halkına yol yapitımak,. ağaç kestirmek, nakliyat yaptırmak, bakayayı temizletmek sizl bir çok işleri haşartmaktadır. bu işletmeler henüz işn başlangıcında» dırlar. ilerde iş in … osundan kuzeye doğ ru gidiyoruz. tuttuğumuz yola (üzümcü yolu) diyorlar. hep iniyoruz. uzaklarda bolu duğlarını görüyoruz. bu meyiller sakarya vadisinde nihayet buluyor. yollarda tomruk çeken bir çok öküz arabalarına rastl yoruz. yamaçların sarp kısımlarında bu güne kadar kesilmemiş çok yaşli çamlar görüyoruz. bazı yerlerde çım azalıyor. meşrlir onların yerini alıyor nihayet ermeleğin (kan - damlamış) — —— çük ve koca sasa ve mavzat mahalleleri d"
Halkevi : Eskişehir Halkevi mecmuası,1945,TTK_0202_1945_0088.pdf,11,3.0,S1,Çifteler,https://acikerisim.tbmm.gov.tr/handle/11543/4312,niş bir ufuk görüş ve görünüşü vardır. mesela bu iki sivriyi istanbul - ankara tren yolcüları biçer ve sazılar istasyoları arasındaki 40 kilometre uzaktan görürler. bütün (yukarı sakarya havzasinda) (çifteler) ve (emirdağ) düzlüklerinden bu iki sivri ufku çerçiveliyen dağlar ve yamaçlar sırası arasında göze batıcı bir tabiat abidesi vasfını muhafaza eder. hele güneyden gelinirse ;bu. iki sivri bazan başka tepeler arasında bodurlaşır. fakat her za
Halkevi : Eskişehir Halkevi mecmuası,1945,TTK_0202_1945_0088.pdf,12,3.0,S1,Çifteler,https://acikerisim.tbmm.gov.tr/handle/11543/4312,"etinde gidiyoruz. sağtarafımız — mn » gö) profesör j, garstong - arzava ve lugga memisketleri belleten no. 17-18 ©”) h, kiepert anadolu haritası uzak ufukları dağlarla çevrelenmiş meşhur sivrihisar - çifteler - emirdağ ovası.” ağaçsız, çıplak, bu ovaya eskiler (aksilon) derlerdi. solumuzda (çal dağı). daha ilerde (arayit) dağının , 1820 rakımlı tepeleri 'görülüyor. pessinus'le bufdağların münasibeti büyük anneştanriçenin dağlarda ve magaralarda t"
Halkevi : Eskişehir Halkevi mecmuası,1945,TTK_0202_1945_0088.pdf,13,3.0,S1,Çifteler,https://acikerisim.tbmm.gov.tr/handle/11543/4312,"okuyucu gelmiş en fazla edebiyat kitapları okunmuştur. köycülük : halkevi başkanının ; başkanlığında yüksek tahsil gençlerimizden 15 kişilik bir grup köy gezisine çıkmış karapazar, alpanoz, veni köy, çifteler, ve hamidiye'yi gezmişler . ayni zamanda köy enstitüsü ile temaslarda bulunmuşlardır , e halk türküleri hakkında bazı düşünceler halk türküleri hakkındaki izahatımıza başlamadan evvel kendi kendimize bu mevzuya dayanan bir sual soralım. halk"
Halkevi : Eskişehir Halkevi mecmuası,1945,TTK_0202_1945_0089_0090.pdf,5,3.0,S0,öküz,https://acikerisim.tbmm.gov.tr/handle/11543/4312,"icaret merkezini de eskişehir teşkil etmektedir, (ki), “silicate de magnesie, madeni tabakasının üstünde bir metre kadar kalınlıkta bir tabaka halinde bulunur, buralardan kazılan maden iki tekerlekli öküz arabalariyle mihaliç kasabasına nakledilir ve oradan da karvanlarlia iç şehirlere sevkolunur. yüklerini satan kervancılar . gittikleri yerlerde arabalarının öküzlerini de salarlar, araba ile tekerleklekleri merkeplerine yükleyerek kendi yurtları"
Halkevi : Eskişehir Halkevi mecmuası,1945,TTK_0202_1945_0091_0092.pdf,11,3.0,S0,hayvancılık,https://acikerisim.tbmm.gov.tr/handle/11543/4312,it şark eserlerini araştırmak lazımdır. belki bir arkadaşımız çıkar bu meçhulleride bize aydınlatır. ballasar köyü bu gün 74 hanslik ve.389 nufuslu orta büyüklükte bir köydür. halkının esas meşgalesi hayvancılık. ve “ziraattir. köyün davar varlığı 6000 koyun 'vetiftiktir. ziraata açılmış arazisi 8 — 10 bin dönüm kadardır. hsr sene 300gdönüm buğday * 2000 dönüm kadar da arpa ekerler. bir taraften görüşüyor bir “taraftanda pessinusun kalıntılarile
Halkevi : Eskişehir Halkevi mecmuası,1945,TTK_0202_1945_0091_0092.pdf,12,3.0,S1,boğa,https://acikerisim.tbmm.gov.tr/handle/11543/4312,"ine göre daha -evvele alındı. romada anne taniiçe ibadetinin bahar festivali şu suretle yapılırdı. 15 martda'çocuk (attisyin dünyaya gegelişi hatırasına başrahip ve rahibe tarafından altı yaşında bir boğa :kurban edilirdi. ) 22 martta mukaddes çam, (attis)'in kendi kendini yok etmesi, ölüm, ebedi yaşayış ve tanriçenin (attis) için tessürü hatırasına hürmet olarak ağama lanır, oruç tutulur, cinsi temasiardan içtinap edilir ve rahipler mabette buhr"
Halkevi : Eskişehir Halkevi mecmuası,1945,TTK_0202_1945_0091_0092.pdf,15,3.0,S2,hayvan kırılması,https://acikerisim.tbmm.gov.tr/handle/11543/4312,"met necati yiğ itepenin idaresinde daha faydalı bulunmaktadır. bir taraftan kitaplar alınmakta bir, taraftan da alınan kitaplar ciltletdi ilmektedir. hastalığı dolayısili çekilen kütüpbana memuru isa kıran'a sağlık dilemeği bir ödev sayarız. “kurslar kolu yakında, geçen yıllardan süregelen | - yabancı dil kutslarını açmak”için ha-- zırlanmaktağve şehrimizin başkaca ojan ihtiyacınısaraştırmaktadır. i spor. kolu bu. kolun;., değerli başkanı: lise b"
Halkevi : Eskişehir Halkevi mecmuası,1946,TTK_0202_1946_0093_0094.pdf,9,3.0,S0,öküz,https://acikerisim.tbmm.gov.tr/handle/11543/4312,"e sıcak aşım.. ey “yurdun efendisi,, benim asil kandaşım, her yönden kalkınmana, bu millet düacıdır.. senin için toprağın var mı (kısır; çorağı)r... azminin çanağında; her zor terinle erir. “hol> de, öküzlerine; yeşert yamacı, dağı... bil ki, tanrın, toprağa bir bakana, bin verir!. * yaktığın ezgilerin hür gönlünü doldursun ; sür zamanın atını şu nurlu ufuklara. tembel, bizden değildir, ko o, yerinde dursun; sen, daima ileri giden yolları ara..."
Halkevi : Eskişehir Halkevi mecmuası,1946,TTK_0202_1946_0093_0094.pdf,14,9.3,S0;S1,öküz;aygır;Çifteler;iğdiş/kastrasyon,https://acikerisim.tbmm.gov.tr/handle/11543/4312,"ice eriğin insa” : sdü midöfsi leri sdalışanid çiftçi! ör 2“ögibibilgüi! çalışsalabl iyeb miüethhez ms ölsalar but rgühküysşiranilerinin . şekiz sb misil; genişlikte biks şişi; başarabilecek: lerdir, çifteler çiftliğinde ii » de nem edeki r:kemlara göre beş misli ini fazla i$ yapabileceklerfir didyfarmihg istasvonunun ide ettiği neticeler adeta köylü şartları gibi ufak arazi üzetinde fakat .bilgili ve teknik vasıtalarla çalışılmak şartiledir. bun … si çiftçileri” orta. anadolunun «n aklı | aşi idi ve çalış maktan zevk alan kim sw çevrenin koşum . hayvan. barı kudretine ge .lince; tarla işinde çalıştırılan be şlıca at 6itisidir. bir çok köylerde öküz artık köşum hayvanı zild - koşum hayvanları listesi ördek yl gi aygır 474 1494 iğdiş 946 “kısrak af atır 5 öküz , 34 174 <yekan 78 yukarda da bahsedil diği üzere çevereninironbeş köyünde 1614 çiftçi aile igmeveuitu. (çift hayvanı ortalama her ai … lıiğiyle göstermez. bu çevrenin bir kaç köyünde yepilan incelemeler sl çiftçi ailelerin çift' sahibi 'olma bak mından durumları hakkımda çök güze fikir verir' durumdadır. köyün çift hayvan mevcudu at öküz çiftçi ai! adet adet ' sayı 203 6 arapkuy usu 216 3. şerefiye 233 balçıkhisar 109 fahriye 249 ismetpaşa 1003 9g ı yukarda isimleri yazılı beş köy | çevrenin karakteristik köyleridir. köylerden alınacak misalier çevre ifade edecek durumdadırlar, … ı da 13.68 saattir, hamidiye çivresinin beş köyünde -mevcut olan 1070 adet iş hayvaniyle senede 100 iş günü ve amerikan hayvanlarının iş ölçüsüne göre çalışilsa bu günkünün üç misli iş görüle: bilir. çiftelerde yapılan . denemede elde edilen. rakamlara göre de. yarı noksan iş yapılmaktadır. bu noksanliğın sebepleri: 1 — hayvanların amerikan hayvanlari kader güçlü kuvvetli ve ba kımlı olmamaları. 2 — kullanılan . vasıtaların çok s —23—"
Halkevi : Eskişehir Halkevi mecmuası,1946,TTK_0202_1946_0093_0094.pdf,15,3.0,S0,öküz,https://acikerisim.tbmm.gov.tr/handle/11543/4312,"klı ""mibzer ile dört , a e 420 bey - ni 5 demir tırmık 183 ağaç — 19 ağaç merdane 12 taraklı orak makinesi yi dolaplı , * > 206 düven j 976 harman taşı 563 harman makinesi 2 traktör 3 at “arabası 897 öküz , 95 yaylı araba 17 görülüyorki çevrede karasapan yoktur. en ufağından en gehiş ziraat yapana kadar herkes pulluğu hafriyat aleti olarak kulşanmaktadır. çevrenin hayvanları koşum sistemi, önde üçlü arkada ikili falaka ile beş atı bir pulluk için"
Halkevi : Eskişehir Halkevi mecmuası,1946,TTK_0202_1946_0095_0096.pdf,4,3.6,S0;S1;S4,süt;Çifteler;gübre,https://acikerisim.tbmm.gov.tr/handle/11543/4312,"nda görebiliriz. miktarı çok, kalitesi iyi istihsalin başlıca sebeplerden biri de,“toprağın iklim ve toprak şartlarına uygun elit tohum bulunması da çiftçi sınıfı nın oldukca refahını temin etmiştir. çifteler - hamidiye - alpu çevreleri geniş hububat ziraatinin tutunup geliştiği gün geçtikce fenni usullerin yerleştiği bölgelerdir. bu gün devlet elile ve onun teknik kurularının yardımı ile çiftçinin ulaşmış olduğu mevki, bilgi ve istihsal derecesi … lenmeliyiz. çiftçinin elindeki alet ve vasıtalarla harp sonrası iştihsalinde rol alabilmesi kabilmidir? işletmenin büyüklüğü nasıl olmalıdır. istihsali iyileştirmek ve çoğaltmak, ucuza mal etmek için gübre ziraat alat ve vasıtalarının ucuz ve kolay temini nasıl kabil olabilecektir. hayvanlamı? makina ile mi ziraat yapmalıyız? bu süallerin doğru cevapları bize davamıza ulaşacak yolu, en kestirme » çareleri gösterecektir. muhakkakki; ilk bakışta iş … kooperatif ve şirketlerile işletmetden bilhassa bahalıya mal olan de toprağın iyi ve zamanında işletmesi işi motarlü kismen makinelere bırakılabilir elde mevcut hayvanlardır. yakın yerlerde nakliyat, süt, et cihetinden ofaydalanarak gelir çoğaltılır. aynı çapta mevsiminde iyi işlenmiş, muntazam değiştirmeli bir tarla ziratinden elde edilen varidat şüphesiz işlenmemiş ve fenni usullere göre hazırlanmasına ekilmemiş topraklardan alınacak hasılattan"
Halkevi : Eskişehir Halkevi mecmuası,1946,TTK_0202_1946_0095_0096.pdf,7,3.0,S0,büyükbaş,https://acikerisim.tbmm.gov.tr/handle/11543/4312,"yavaş radyodan kaldırılmakta oluşuna sızlanıyorlar. harpten önce de bu muziğin sonunu iyi görmiyen bir kaç sanatçı ve yazar, seslerini yükseltmiş ve bu mesele üzerine dikkatı çekmişlerdi. gazetelerde büyük başlıklarla (konservatuar mutlaka ve süratle türk musiki üniversitesi haline getirilmelidir) diye yazılıyor ve arkasından alaturka musikiyi modern bir sanat haline getirebilmek için çocukça yollar gösteriliyordu: (alaturka musikiyi resmen konse"
Halkevi : Eskişehir Halkevi mecmuası,1946,TTK_0202_1946_0095_0096.pdf,10,3.0,S0,dana/düve/tosun,https://acikerisim.tbmm.gov.tr/handle/11543/4312,"şey nedir ? yeni şiir deyince ne anlıyoruz ? yeni başlıyan bu faaliyet acaba hangi esaslara dayanıyor. bunları araştırmak lazımdır. yeni şiirin en hoşa giden tarafı realizmi de aşarak sürrealizmi mey dana getirmesidir. sürrealizm gerek söz, gerek yazı gerek başka şekille, düsüncenin hakiki faaliyetini ifade eden saf ruhsal otomazimdir. akıl ve mantığın bütün kontrolünden, bütün estetik ve törel endişeden kurtulmuş olan düşüncenin tesbitidir. sürr"
Halkevi : Eskişehir Halkevi mecmuası,1946,TTK_0202_1946_0095_0096.pdf,13,11.0,S0;S1;S2,inek;boğa;hara;Çifteler;mera,https://acikerisim.tbmm.gov.tr/handle/11543/4312,"diye çevresi köylü işletmeleri — geçen sayıdan devam — irad hayvanları varlığına gelince: çevrenin çiftçi aileleri tarafından ziraata açılmış arazisi takribi olarak 260 biu dönümden ibarettir. ayrıca çifteler harasına ait 50 bin, köy enstitüsüne ait,8 bin dösüm arazi de bu çevre içindedir. çevrenin yekün arazisi 600 bin dönüm olduğuna göre bu hesaptan geri kalan 280 bin dönüm sahanın böş arazi şeklinde mera olarak hayvasların yay'lmasına tahsis e … gösterilmiştir. resmi müesseselere yani hara ve köy enstitüsüdavarı olmiyanlar 10 adet davarı olanlar 20 : 30 40 50 60 70 80 90 190 200 yazan: a. n. kıraç süneait hayvanlar buna dahil değildir. adet boğa 58 inek 1480 manda ineği li koyun 23782 tiftik 2064 ni çevre içinde bünyesine hakim koyunculuk karakteri olan” balçıkhisar köyünün, durumunu incelemek bu bakımdan faydalıdır. vilayet dahilinde bir çok koyuncü köylerde koyun köyün bütün ai'elerin"
Halkevi : Eskişehir Halkevi mecmuası,1946,TTK_0202_1946_0095_0096.pdf,14,6.0,S0;S2,öküz;korunga/fiğ/burçak,https://acikerisim.tbmm.gov.tr/handle/11543/4312,"3.634 istihsal etmişlerdir. bu etüde dahil ailelerin ekim sa-. . halarının muhtelif mahsullere isabet eden dönümleri de aşağıda gösteril. miştir. dekar -106.706. buğday 15.176 aarpa 30.234 yulaf 736 (burçak 387 mısır 361 (nohut 160 mercimek 103 keten 71 . pancar 58 aspir 46 fasulye 154.038 « 106.265 . nadaslar 260.303 yekün ziraata açılıulş arazi. istihsal edilen buğdaydan : çevre nufusunun iaşesi ve tohumluk ihtiyacı çıktıktan sonra 6.500 ton ka … imini gösterir eedvel arapkuyusu şerefiye balçıkhisar ismetpaşa fahriye hane adedi 126 48 - 94 161 39 ekiliş sahası dönüm 7.705 12.458 8.708 18.685 3.375 iş hayvanları at adet , 203 216 233 246 , 109 öküz adet 6 3 50 7 2 çifti olmayan “aile ad. 57 13 19 64 13 bir çiftli aileler 5 46 5 36 li, 13 iki ve daha fazla çiftçi aileler adet 23 30 39 37 13 ekilişi olmayanlar 20 8 3 43 4 <ü 30 40 50 60 70 80 90 100 150 200 250 300 350 400 450 500 ” » 500 de … çevresiyle işletmecilik ve istihsal bakıınından bir kaç mukayese yapılması faydalı olur. ziraati ileri olmayan henüz bazı fakir çiftçileri karasapan koşan “ ve bilhassa çift hayvanlarının ekseriyeti öküz olan karapazar çevresiyle bu mukayeseyi yapalım. çalışan erkek nüfus başına ekiliş: ğ 11 16 4 > 6 8 1 : 9 4 3 3 8 8 - i 4 6 4 2 8 11 1 ğ 8 4 1 e 1 ii s 1 5 8 3 2 5 22 3 2 8 15 4 4 9 11 2 4 7 1 pj 3 1 23 1 3 1 - i 1 - - 1 1 iş eni e 2 - 1 > 7 o k"
Halkevi : Eskişehir Halkevi mecmuası,1946,TTK_0202_1946_0097_0098.pdf,7,7.3,S0;S2,inek;yem;çayır;hayvan kırılması,https://acikerisim.tbmm.gov.tr/handle/11543/4312,"ı için «al fabetik» bir sıra içinde inceleyeceğiz ve her kelimenin eskişehirdeki anlamını karşısına yazacağız; böylece yaratı- “ cılığı önemile göstermiş olacağız... a aş aşlık yapmak — kış için bir. yeme hazıklığı. i alatlamak — acele etmek; acele acele gidenleri içinde «alat alat» denilmektedir. : anna — hayret yerinde kullanı|- maktadır; kızgınlık ve kırgınlık 'anla- © mına da gelmektedir: - <anna, bu çektiğimiz nedir ayol /» gibi. cemal duru … aldığı: söyleniş şeklidir. «- “ralamak — açık. birakinak anla- © minda; <kapıyı biraz aralarmısınız gibi,» ağız çevirmek — daha önce söylediğini daha sonra değiştirmek anlamında olduğu gibi daha çok, inek vekoyunun ilk koyu: südünü sütle karıştıra karıştıra, pişire pişire «ağız» haline getirmek ağız — bir firin ekmek anlamına: <bir ağiz ekmek çekmek...» gibi. birde koyu'sütten yapılan şey. ağız değiştirmek — söylediklerini, herhangi bir sebeple, … lı sazım ölmasa, x musfafa hoşsu tercüme : -seylek ve yavruları > a. butow'dan bir köyde yangın çıkmıştı. bir çok * evler hemen yandı. alevler bir aralık üstünde leylek yuvası bulunan bir damı sardı. çayırda bulunan ihtiyar leylek tehlikeyi anladı henuz uçamıyan “yavrularını kurtarmağa geldi. onlari gagası ile taşımağı denedi, fakat onlar “ona ağır geldi alevler daima yaklaşıyordu -ve nihayet yuvayı tutuşturdu. bunun üzerine leylek yavrülarının ü"
Halkevi : Eskişehir Halkevi mecmuası,1946,TTK_0202_1946_0097_0098.pdf,14,3.0,S0,büyükbaş,https://acikerisim.tbmm.gov.tr/handle/11543/4312,"derek türkiye okul: lar şampiyonluğu için galatasaray takımı ile son maçını yapmış ve üstün bir oyun çıkarmasına rağmen mağlap olarak türkiye liseler 2 ncisi olmuş tur.efısa bir zamanda gösterilen bu büyük başarılar ilerisi için ümit ve sevinç verici bir müjdedir. eskrim : bölgemizde fekrim 1938 senesi aziz zeytinoğlunun spora ve sporcuya karşı olan alakası sayesinde kurulmuştur. bir çok fedakarlıklarla halen eskrim federasyonu başkanı olan kazım … enesi halkevinde 7—elemanla bu işbu gün demir sporda 40 —hava okulunda 20—gençlik kulibünde 15 - erkek san'at okulunda 15 lisede 10- eleman verimli antramanlarla barındırmaktadır, bu mücade'e sporuna büyük başarılar dileriz. — 260 — dergimize neşredilmek özere yazı göndereceklerden bir rica halkevi dergisi, her şeyden önce muhiti aksettirmek emelindedir. muhitin oluş ve yaratışlarını belirten yazılari bütün yazılardan üstün tutmaktadır. çünkü bu"
Karacadağ : Diyarbakır Halkevi Dergisi,1938,0000_1938_0001.pdf,12,4.0,S2,yem;yonca,https://acikerisim.tbmm.gov.tr/handle/11543/4315,"ilinde, karlıdır. tepesi, duman belinde, sılanın kokusun gurbet ilinde getirir yelleri karacadağ'ın. ki fıratla dicleye elin uzatmış mardini, urhayı, muşu gözelmiş. çiçekle süslenmiş, kendin bezetmiş yem yeşil belleri karacadağ'ın.. ğ kurulmuş çadırlar bir bir ardınca, dizilmiş gelinler kaynak boyunca. bitermiş dağında nergis ve yonca, hoş kokar gülleri karacadağ'ın... 4 derd yüzü görmezmiş bir konup, göçen. bahtulu olurmuş suyundan içen. bir dah"
Karacadağ : Diyarbakır Halkevi Dergisi,1938,0000_1938_0002.pdf,17,3.0,S0,öküz,https://acikerisim.tbmm.gov.tr/handle/11543/4315,"o ümuru sahibi devletin feimanı ile gördüm 15 sende olan altıyüz yük mali miriye niceyledin. diye cevap vermiti. işte bir zamanlar anadolu böyle cahil zurnacı daltaban, kalaylıkoz, kavanoz, baltacı, öküz, soy adlarını taşıyan günlük devlet şereflerinin verdiği o emirlerle celali eşkiyesi denilen zorbaların işkence ve zülmü ile inliyor. memleketi malikanesi osayan o kadınlaşmış sultanların o fermani o ile yemen dağlarında , arabistan çöllerinde ,"
Karacadağ : Diyarbakır Halkevi Dergisi,1938,0000_1938_0003.pdf,2,3.0,S2,hayvan kırılması,https://acikerisim.tbmm.gov.tr/handle/11543/4315,"akup kavurucu bir tarih kışı yaşamıştı. baharinç zaif ve ciız kavuştu ; fakat o mer zaman kuvvetini zuuften almakta istisnai bir sırra mazhar bir ulus diğik midir ?... saltanatlar tarihimizin bacalar kıran , çatılar yıkan fırtınalı bir kışından başka bir şeymidir? uzun , amansız kış gecelerinin karanlıkları hepimizin ( kafasında izler, esrler bırakır , bunu tarihin tabii yürüyüşü bile silemez. bu ümitsiz kış günlerimizi tatlı bir bahar iptisamile"
Karacadağ : Diyarbakır Halkevi Dergisi,1938,0000_1938_0004.pdf,10,3.0,S1,boğa,https://acikerisim.tbmm.gov.tr/handle/11543/4315,"ağ kapısı diğerleri kadar halbuki, k. baykal uzun etüde değer bir eser mahşeridir. önü ve ardı türlü zamanlarda yapılan onarımları -tamirgösteren yazılar , kabartma oyma arslan, , kedi' kuş , geyik , boğa resimleri hatta eti hiyerolofine benzeyen şekiller, sütun başlıkları sütunlar, mihrablar muntazam ve gayri muntazam dizilmiş birbirile ilgisi çok olan şekillerin yanında sanki bir birine zıd çok eski ve nisbeten yeni olanları ( yanyana duruyor."
Karacadağ : Diyarbakır Halkevi Dergisi,1938,0000_1938_0004.pdf,14,6.0,S0;S1,öküz;boğa,https://acikerisim.tbmm.gov.tr/handle/11543/4315,"ı temamen mervan oğullarınındır. dış tarafınır. üstü abbas oğullariyle roma ve bizanslıların stillerini gös teriyor. fakat bedenin dibi çok orijinal. en altta geyik ve geyik avıresimleri , koşan at , boğa onların üstünde gameli haç , boğa ve arslanlar gameli haçın altında koşan geyik resmi hiç bir surette romalıların eserlerile imtizaç etmiyor. gameli haç ve buna doğru tekaülü gösteren şekil eski bir tekamülü ifade ediyor. totemizm devrini o anan … : © nevinden eski bir tarihi olan bir izerdir. (1) amida müellifi o mihrabın içindeki omanda kabartmalarına manda veya bir hörgüçlü deve (chameau a une bosse ) diyor. halbuki resim boynuzlu bir tibet öküzüne benziyor. bu şekiller ve yapının ilk roma kiliselerine benzediğini , fakat ( muktedir ) zamanda yapıldığını bildiriyor. içinde kelimeyi tevhit yazılı olan şekil mervan ve grek stillerine benziyen bir süs resimleri sur yapısıile muasir olduğun"
Karacadağ : Diyarbakır Halkevi Dergisi,1939,0000_1939_0013.pdf,12,3.3,S0;S2,öküz;çayır,https://acikerisim.tbmm.gov.tr/handle/11543/4315,"şubesi başkan : z yardımcı, üy t direktörü halil belediye çocuk fidan dağıtılmıştır. hastalar muayene edilerek © icabedenlere ilaç okuma. yazma ve yurtbilgisi müsabakası tertip etmiş. kazananlara at, öküz, koyun, keçi gibi hayvanlar mükafat ola rak verilecektir. müsabaka mayısta halkevinde yapılacaktır. müze ve sergi şubesi başkan : kız direktörü übhet taşkent, üyeler : diş doktoru o mahmut, avukat hasip ülgen, nafia başkatibi mustafa naili, (fot … otoğrafcı mehmet tuncer verilmiştir. sanğat okulu çalışmaları şehrimizin tarihi abidelerinden köycülük komitesi doktoru saffet, ilk okul öğretmeni fehmi, vilayet kalemi şefi kemal, acanta sahibi sami çayırgan. çalışmaları 12 köy gezilmiş. o köylüye tohumluk hububat ve binlerce olmak üzere bir fotoğraf müsabakası yapılmış. lise talebsinden cebbar o kazanmış (ove mükafat almıştır. ayrıca bayanlar resim çiçek sergisi yapılmış. arasında elişi, umuma"
Karacadağ : Diyarbakır Halkevi Dergisi,1939,0000_1939_0016.pdf,15,3.0,S0,büyükbaş,https://acikerisim.tbmm.gov.tr/handle/11543/4315,"abalar bu büyük © farkları © kolayca kavramış © olacaklardır. e okula giren her ( kültürel değişik ve yeniliklerin o behemehal ""eve”de girmesi lazımdır. o çocuk terbiyesinde © elbirliğinden © doğacak büyük başarıları lüzum yoktur. tekrar etmeğe bu konu, izaha çalışılmıştı. okul inzibatı keyfiyeti eğitim işlerinin başlı başına bir mevzugeçen (yazılarda ö. öner unu teşkil eder. okulun bu küçük sandığımız sosyete hayatının intizamı, inzibat sistemin"
Karacadağ : Diyarbakır Halkevi Dergisi,1939,0000_1939_0017.pdf,4,3.0,S0,sığır,https://acikerisim.tbmm.gov.tr/handle/11543/4315,diyarbakır kitabeleri kitabe no. 30 besmele... tevella amele hazzelburcil-müceddedi cemiihi vel-infaku aleyhi min malihi ebi-lkasim ali bini beysan talebenli rizaillahi taalla ve hifzan lihazel siğiril-şerif fi devleti mevlana el-melikil-alim el-adil veliyyinniam cemaleldin behaül lam emiril-sügur (omahmud bini elaldı muinü emiril-müminin ve rahime allahü men karaehu ve yerham aleyhima ve dea elhüma bil-mağfireti fi seneti semane ve hamsine
Karacadağ : Diyarbakır Halkevi Dergisi,1939,0000_1939_0017.pdf,12,4.0,S0,sığır;hayvanat,https://acikerisim.tbmm.gov.tr/handle/11543/4315,"nda meşe ormanlarını görürüz. meşe ağaçlarının arasında pelit ve kenarlarında da söğüt ağaçları bulunur. diyarbakırın büyük karpuzları ve kavunları meşhurdur. diyarbakır, koyun ve keçi gibi küçük baş hayvanat iti arile verim noktasından oldukça ehemmiyetli o bir mevkie o maliktir. diyarbakırın koyunları, ak karamandır. etleri o kadar maktul değildir. istifa usulu ile islahları yapılmaktadır. koyunların istifa usulüne ve besleniş tarzlarına itina … itina edilerek islahları temin edilmiş olacaktır. diyarbakır vilayetindeki | keçiler, kıl keçileridir. bunlarında istifasına ve besleniş tarzlarına ehemmiyet © verilmek (icap ( eder. diyarbakırdaki © sığırlar, o kara 11"
Karacadağ : Diyarbakır Halkevi Dergisi,1939,0000_1939_0017.pdf,13,6.3,S0;S1,sığır;süt;boz ırk/kara sığır,https://acikerisim.tbmm.gov.tr/handle/11543/4315,"sığırdır. bu kara sığırlar et, süt, çift sürme bakımından teferrüt etmiş bir ork, (o değildir. bu kara sığırlarında islahı lazımdır. burada iyi cins atlar yetiştirmek için çalışılmaktadır. . hayvanlara hastalıklarla olunmaktadır. arız — olan esaslı m"
Karacadağ : Diyarbakır Halkevi Dergisi,1939,0000_1939_0017.pdf,14,6.0,S0,sığır;büyükbaş,https://acikerisim.tbmm.gov.tr/handle/11543/4315,"ı ( 700000 kilo ) bulgur ( 150000 kilo ) mercimek ( 125000 kilo ) gibi hububat ile kuru üzüm, ceviz, ceviz içi. iç badem, gibi kuru meyvalarla, pamuk, mazi, kitre gibi nebatı mahsulat ve koyun, keçi, sığır gibi hayvanlarla, sade yağ, sığır derisi, keçi derisi bagırsak ogibi o hayvanı mahsulat ihracatında bulunur. diyarbakırın ithalatına gelince: mamul madde ve eşya ile iptidai maddeler, oo küçük ove büyük baş hayvan ve hayvani mahsulat 13 dai bk"
Karacadağ : Diyarbakır Halkevi Dergisi,1939,0000_1939_0017.pdf,15,3.0,S0,sığır,https://acikerisim.tbmm.gov.tr/handle/11543/4315,"kuru sebze, kuru ve yaş meyva ithal etmektedir. bunlardan başka tuz, sabun, kuru fasuk ye, mazi, kuru üzüm, badem, zeytin danesi ve yağı, portakal, şeker, çay, kahve, sığır, bağırsak, tuhafiye ve (manifatura madeni mevad ve eşya kimyevi maddeler 24 ithal etmektedir. - buraya kadar vermiş olduğum izahattan anlaşılacağı (| veçhile diyarbakır ekonomik o bakımından da ehemmiyetli ” şehrimizdir. lise coğrafya öğretmeni"
Karacadağ : Diyarbakır Halkevi Dergisi,1939,0000_1939_0017.pdf,24,9.0,S0,inek;öküz;dana/düve/tosun,https://acikerisim.tbmm.gov.tr/handle/11543/4315,"rkçe müsabakası bu yılda2 haziran 939 tarihinde yapılmıştır. sayın valimiz dr. mithat o altıokun huzurile yapılan bu müsabakaya ait imtihanlarda türkçeden muvaffak olan omermer köylü reşit kayaya bir öküz, abdullah askara bir inek, yurt bilgisinden kazanan telalo köylü ahmet avşara bir öküz, kadı köylü hasana bir tosun, telalo köylü hamit çelebiye bir koç, yusuf orduya bir koyun mükafat verilmiştir. diğer muvaffak olan on dört kişiye kalem defter"
Karacadağ : Diyarbakır Halkevi Dergisi,1939,0000_1939_0018.pdf,13,6.0,S0,inek;öküz,https://acikerisim.tbmm.gov.tr/handle/11543/4315,"rliği ederek (köylerde okuma odaları açılmasını ve bu odaların köylere sıhhi ve içtimai yardımları organiköylüler türkçe ve yurtbilgisi ları yapmıştır. bu bir çok köylüler iştirak ederek kazananlara (öküz , inek vesaire. gibi ) dağıtılmıştır. bu komitamız bu yılda köy tetkiklerine devam edecek bir köyü ele idaresini (o ve ze etmiştir arasında müsabakamüsabakalara mükafatlar alarak onun sıhhi , terbiyevi ve medeni ihtiyaçları ile meşğul olacak ve"
Karacadağ : Diyarbakır Halkevi Dergisi,1939,0000_1939_0018.pdf,16,6.0,S2;S4,hayvan kırılması;ahır,https://acikerisim.tbmm.gov.tr/handle/11543/4315,kipriği tiri gazap ebra keman olmuş bu gün kaddine bin naz ile giymiş kebüdi camesin 'ebr içinde sanki mahi mihriban olmuş ba gün karşusunda sad hezar üftadeler el bağlamış 'nözeninler tahtına sahip kıran olmuş bu gün gerdeninde halları leşker gibi kurmuş tabur her biri bir fitnei ahır zaman olmuş bu gün ey (civan) sen çeşmi celladın çekersin kahırını her biri a'zaların bir kahraman olmuş bu gün. — sonu var — 14 ii s e yy ii
Karacadağ : Diyarbakır Halkevi Dergisi,1939,0000_1939_0020.pdf,6,3.0,S2,hayvan kırılması,https://acikerisim.tbmm.gov.tr/handle/11543/4315,"iz didinmiş yorulmuş ve nihayet ( padişahının, hükümetinin hiyanetine uğramış yaptığı zalim bir ordunun mucizeler muharebesidir. birinci *inönü : yokluk içinde şahlanan ikinci inönü : çarpanın başını kıran o bir kale, sakarya : kanla yoğrulan, irade ve azimle kazanılan ya ölüm—ya remzi, 30 ağustos başmuharebesi : iman, istiklalin kumandanlık kazanılmış br davanın, tarihe sunulan yokluk içinde eşsiz bir zaferin, yaralılan bir mucizenin adıdır. 30"
Karacadağ : Diyarbakır Halkevi Dergisi,1939,0000_1939_0020.pdf,15,3.0,S0,büyükbaş,https://acikerisim.tbmm.gov.tr/handle/11543/4315,emirle taarruz k ankarayı gü teriyor. nihayet yunan ordusu 3 ağustos 1921 de ciddi ol ne başladılar hedefi « arak türk cephesine temasle te geçti. tarihte (sakar ya meydan muharebesi) namı verilen © büyük başlanmış oldu. sonu var muharebeye 13
Karacadağ : Diyarbakır Halkevi Dergisi,1939,0000_1939_0023.pdf,7,4.3,S0;S2,hayvancılık;mera;çayır,https://acikerisim.tbmm.gov.tr/handle/11543/4315,"a işlenen topraklar ancak 9 5 kadardır. ürünün (mahsulün) “/. 90 hububat “a 6 yağlı bitkilerdir 9» 4 de diğer bitkiler (nebatlar) teşkil eder. doğu anadolu yüksek yaylasının ekonomik hayatında ziraat hayvancılıktan sonra gelmektedir. bunun en mühim sebebi yol ve taşım işlerinin o kadar elverişli olmaması denizden uzak olmasıdır. fakat yeni açılan çetin kaya, erzincan, erzurum demir yolunun (bu hat karsa kadar uzanır. ve buradanda (5. s.- c. b.) s … kısa ve serin geçer. bundan başka yazın sonlarında ve ilk baharın başlarında vukua (gelen donlar geç kemale geler tohumları baazan yakar. bunu mukabil uzun müddet kar altında kalan geniş yaylalar ve meralar ilk bahar ve yazın yeşillikler ve çayırlıklarla örtülür.. işte bu sebepten doğu anadolu yüksek yaylasının birinci kazanç kaynakları hayvanlarıdır. doğu anadoluda ziraat yapılan alanlar (sahalar) bilhassa derey (vadi) boylarındaki düzlüklerde"
Karacadağ : Diyarbakır Halkevi Dergisi,1939,0000_1939_0023.pdf,8,3.3,S0;S2,büyükbaş;çayır,https://acikerisim.tbmm.gov.tr/handle/11543/4315,"ardan başka üzüm, mısır, nar, dut gibi süptropik bitkilerde (nebatlar) yetişebilmektedir. 2) 1500 m. bahçelerde yapılan ancak bazı nevi sebzeler yetişebilir bahçelerin etrafında meyva ağaçları yerine çayır ve çalılıklar görünmeğe başlar. coğrafi manzara bu şekilde olmakla beraber van gölü kenarlarında 1900 metreye kadar meyvalıklara ve bağlara rast gelinir. bunun sebebini de coğrafi muhitin yaptığı tesirde aramalıyız. anadolu yüksek yaylasında en … rumda biten bu demir yolunun, erzincan çetin kayadan geçerek diğer demir yollarımızla birleşmesi bu bölgenin ekonmik hayatının her şubesinin ilerlemesinde çok büyük rol oynıyacaktır. kars daha ziyade büyük baş hayvan bölgesidir. karsdan 1937 senesinin istatistiğine göre 86379 ton buğdoy, 1505 ton çavdar, 800 ton pirinç ve az miktarda mısır istihsal edilmiştir. kars, kağızman ve ığdırdan gelen sebze ve meyvalarla ihtiyacını gidermektedir. kars vil"
Karacadağ : Diyarbakır Halkevi Dergisi,1939,0000_1939_0023.pdf,9,3.0,S2,korunga/fiğ/burçak,https://acikerisim.tbmm.gov.tr/handle/11543/4315,"erdali çoktur. vişne, kiraz, dut, ceviz, lındık, şeftali ve firenk üzümüde vardır. bağ ve bahçelerile erzincan daha ziyade kuzey anadolu intikal bölgesi evsafını göstermekte: erzincanda buğday, arpa, burçak, darı nohut, bakla çok ekilir. mısır yok gibidir. 1937 o senesinin istatistiğine göre erzincandan 35649 ton buğday, 12476 ton arpa istihsal edilmiştir. erzincanda yağı için ketende yetiştirilir: evvelce kendir ziraati ehemmiyetli idi. erzincan"
Karacadağ : Diyarbakır Halkevi Dergisi,1939,0000_1939_0023.pdf,10,4.0,S0;S2,hayvancılık;otlak/yaylak/kışlak,https://acikerisim.tbmm.gov.tr/handle/11543/4315,"n iskelesi olan tatvan kazasınıda ihtiva etmektedir. bitlis kısmen doğu toroslar o üzerinde ( bulunduğundan pek dağlıktır. bitlis kargir binalarile güney doğu anadolunun şehirlerini hatırlatmaktadır. hayvancılıkla meşgul olunmakla beraber buğday, arpa, pirinç, darı ziraatı yapılmaktadır. 1937 senesinde 4490 ton buğday, 1265 ton arpa, istihsal olunuyar. elazığ : deniz seviyesinden 1020 m' yükseklikte bulunmaktadır. o buranın merkezi eskiden harput … geçersede ;.yazın sıcaktır. binaenaleyh bilki (nebat) çeşitlerde görülmektedir. bununla beraber ziraat yapılan alanlar (sahalar) daha ziyade dere boylarında ve ovalardadır. burada yer,yer kırlara ve otlaklara rast geliriz. şu halde van gölü havzasıda hayvanların beslenmesine yarayan alanlar göze bariz bir halde çarpmaktadır . hakkarı : ( çölemerik ) vanın güneyinde olup dağlık bir yerey | ( arazi ) üzerindedir. burada ( balk odaha beslemekle uğr"
Karacadağ : Diyarbakır Halkevi Dergisi,1939,0000_1939_0023.pdf,11,3.0,S0,hayvancılık,https://acikerisim.tbmm.gov.tr/handle/11543/4315,"1 — doğu anadolu yüksek yaylasında yereyin (arazinin) “o 5 de ziraat yapıldığına göre ekilen alan (saha) azdır. hayvancılık ziraate hakimdir. ziraat bilhassa derey boylarındaki düzlüklerde ve bazı ovalarda yapılmaktadır. 2 — doğu anadoluda en çok ekilen ürün hububattır. (0/, 90 nisbetinde) az miktarda yağlı bitkiler (nebatlar) ve diğer bitkilerde yetiştirilmek"
Karacadağ : Diyarbakır Halkevi Dergisi,1939,0000_1939_0023.pdf,13,3.0,S0,öküz,https://acikerisim.tbmm.gov.tr/handle/11543/4315,"e diğer hiyeroğliflerin esasıda gene böyle resim ile fikir tespit etmektir. resimle meramı ifade etmek yerine göre - malüm hikayedeki köy hocasının filen ispat ettiği gibi yazıdan “daha beliğdir. bir öküz resmi, okuyabilenede, bilmeyenede"
Karacadağ : Diyarbakır Halkevi Dergisi,1939,0000_1939_0023.pdf,14,3.0,S0,öküz,https://acikerisim.tbmm.gov.tr/handle/11543/4315,öküz fikrini verir. fakat bu türlü meram ifadesi herkesin harcı olmadığı gibi epeyce uzunca bir iştir. sonrada resimle ifade edilmiyecek mücerret fikirlgr vardır. vakıa resim san'atının terakkisile ifade edilen mücetret fikirler bu gün bile yazı ile
Karacadağ : Diyarbakır Halkevi Dergisi,1939,0000_1939_0023.pdf,22,3.0,S4,köy evi,https://acikerisim.tbmm.gov.tr/handle/11543/4315,"hemiçin mu- ""tepenin tarlalardan birinden bir taş çıkar ine getirmiş. biz gitmalta taşından yapılmış bir mahzen kapısıdır. ü adi bir halka var. iki ucunda menteşe (esini görecek sivri çıkımtılar var. köy evlerinin kapı: ları nevinden, taşm boyu bir eni yarım metredir. üzerinde yazı ve başka bir işaret yok. ün (yüksekliği 20 çevresi 500 metre kadardır. diğer tepelerde bu şekildedir. söylendiğine re eskiden bu tepelerin her birinin tepesinde yakılı"
Karacadağ : Diyarbakır Halkevi Dergisi,1940,ttk_0000_1940_0026.pdf,2,4.0,S0;S3,hayvancılık;veteriner,https://acikerisim.tbmm.gov.tr/handle/11543/4315,ır. yazı hey'eti | salim atalık — seyfi alpan — kazım baykal — süheyl beken | hüsrev eldem — usman eti — osman ocak — kazım oral i | ömer öner — neşati üster ç nurettin aral birinci genel müfettişlik veteriner müşaviri i bir memleketin her sahada vancılıktır. kendisine yetmesi pek müşküldür. | fakat birçok memleketlerin bazı muhabir aza : cavit demiral (lice ) münip gültekin ( ergani ) | | istihsal sahalarında bütün ihtiyaç: pek şerefli bir tarih
Karacadağ : Diyarbakır Halkevi Dergisi,1940,ttk_0000_1940_0026.pdf,3,3.0,S0,dana/düve/tosun,https://acikerisim.tbmm.gov.tr/handle/11543/4315,doğu böl gesine aid eserler hemen pek na dirdir. diyebiliriz. o zamanki nakil vasıtaları ve yolların ıraklığı göz önünealınırsa van şehri doğu anadoluya yapılan seyyahatların neden seyrek olduğu mey dana çıkar. türkiye'yi vakıfane bir surette 29
Karacadağ : Diyarbakır Halkevi Dergisi,1940,ttk_0000_1940_0027.pdf,1,3.0,S0,hayvan yetiştir,https://acikerisim.tbmm.gov.tr/handle/11543/4315,"p haracadağ diyarbakır halkevi dergisi ze yl 7. ete rs meet kark 7 - içindekiler kurtuluşumuzun ilk zaferi osman ocak memleketimizin milli hayvan yetiştirme nurettin aral siyaseti ne olmalıdır. diyarbakırda gazete ve diyarbakır usrran eti neşriyat tarihi diyarbakırlı bilginler ve ozanlar a. şevket kavut demok""asi prensipi ve inkilap seyfi alpan devrilen ağaç (şiir) s. günışıldar evimizi"
Karacadağ : Diyarbakır Halkevi Dergisi,1940,ttk_0000_1940_0027.pdf,3,10.3,S0;S3,sığır;hayvan serveti;hayvan yetiştir;süt;veteriner,https://acikerisim.tbmm.gov.tr/handle/11543/4315,"tükenmez bir kaynağıdır. bu büyük şefin vüksek sevk ve iradesi al. tında yüce türk milletinin harikalar doğurarak cihan medeniyetine aydınlıklar saçacağı muhakkaktır . 42 eş kei memleketimizin milli hayvan yetiştirme siyaseti ne olmalıdır nurettin aral birinci umumi müfettişlik veteriner müşaviri bir milletin sıhhatlı ve zinde. ola-. rak yaşaması ve normal bir şekil de artması kafi miktarda gıda alımasile kabildir. memleketimizde insan gıdasının … sahasında ilerleyen ve refah seviyesi yükselen memleketlerde menşei hayvani olan gıdaların istihlaki günden güne (artmakta olduğundan türk neslinin de e sıhhatlı ve gürbüz olarak yetiştirilmesi için hayvan servetimize mühim bir rol düşmektedir. (1) memleketimizde köylü sınıfı fazla miktarda ekmek yemektedir. avrupada umumiyetle menşei hayvani olan gıdaların bahusus et nevilerinin istihlaki fazladır. gerek yalnız ekmek veyahut fazla et yenilmesi … getirmiş bulunmaktadır. bunun için türk köylüsünün de ekmek gibi nebati gıdalar arasına tedricen et gibi gıdaları ilave etmesi millet hıfzıssıhhası noktai nazarından şayanı temennidir. memleketimizin hayvan serveti hayvan nevilerine göre aşağıda gösterilmiştir. hayvan nevileri miktarı (baş) atlar 738 825 eşekler 1 163 995 katırlar 66 396 sığırlar 6 486.176 manda 788 881 koyunlar 13 590 878 kılkeçiler 8 256 206 tiftik k. 3 305 424 develer 97 001 g … bu rakamlara sayımdan hariç bulunan taylar, sıpalar, kuzu ve oğlak vesaire de dahildir. onun için maliye vekaleti istatistiklerden fazladır. miktarı yukardaki cetvelee müfre- “datlı olarak gösterilen hayvan servetimizden her nekadar bugünkü kasaplık olarak ihracatta yapılmakta ise de hayvanlarımız memteketin ihtiyacına ( ve müstakbel inkişafına (nazaran gerek adetçe ve gerekse durumları (keyfiyet ) itibarile dun bir vaziyettedirler. sıhhiye vekal"
Karacadağ : Diyarbakır Halkevi Dergisi,1940,ttk_0000_1940_0027.pdf,4,3.0,S0,hayvan yetiştir,https://acikerisim.tbmm.gov.tr/handle/11543/4315,"dır. halkımızın refah seviyesi (günden güne artmakta ve şehirlerimizin et sarfiyatı her sene bir tezayüt göstermekte olduğundan hem bu artışın icabettirdiği ihtiyacı karşılamak ve hemde artırmak için hayvan yetiştirme işini önemle ele almak lazımdır. bundan başka türk vatanı 762000 kilometre murabbaı gibi büyük bir genişlik arzetmektedir. demir' yollarımızın uzamasına, motörlü vasıtalatın günden güne artmasına rağmen türk ordusunun atlı vesaite p … d — beynelmilel piyasanın istediği şekilde kasaplık hayvan ve hayvan mevvadı istihsali için . memleket < hayvanlarının islahı ve adetlerinin çoğaltılması lazımdır. bunun için de devletin ( bir milli hayvan yetiştirme siyaseti ) olması lazımdır. bu siyasetin ana hatları hakkında ayrı bir mekalede ayrıca mufassalan arzı malumat edeceğiz. devletin ulusal ziraat siyaseti arasında : 1 — milli hububat siyaseti. 2 — milli hayvan yetiştirme siyaseti en"
Karacadağ : Diyarbakır Halkevi Dergisi,1940,ttk_0000_1940_0028.pdf,9,5.3,S1;S2;S4,damızlık;mera;kuraklık/kıtlık;ahır,https://acikerisim.tbmm.gov.tr/handle/11543/4315,"c köyün nüfusu, ( erkek kadın, erkek çocuk, kız o çocuk ) olmak üzere ayrı ayrı olarak tesbit edilecektir. d — köyün zirai vaziyeti : köyün umumi olarak ziraat serveti, köyde mevcut çiftlik hayvanı, damızlıklar, çift ve koşum hayvanları, ekilen muhtelif hububat ve sairenin tohum üzerinden miktarları. senelik toprak ve hayvan mahsulleri, bunların © kuruşlandırmak suretile kıymetlendirilerek tespit edilecektir. köyün heyeti o umumiyesile arazinin … ekli tespit olunacaktır. köyün safi ve gayrı safi ge 71 liri ile köyde servetin tezayüd ve tenakusu derecesi ve bunun esbabı tetkik edilerek tesbit olunacakur, köyde yapılan ziraat usulleri, tohum ve damızlık © vaziyetleri mahsulatın ne surette kıymetlendirildiği ve bu. hususta (mevcut müşkülat ve kolaylıklar incelendirilecektir. köyde mevcut (en zengin orta halli ve en fakir ) bir çifteinin zirai durumunun ve bunların senelik safi ve gayri safi … lunacaktır, köylünün mülk vaziyeti köylü kendi. toprağındamı çalışıyor ? yoksa ecir midir? ecir olmasını icabeden sebepler nedir. köylünün mesken vaziyeti. meskenlerinin sekli, o evlerin teferruatı ( ahır ve saire, not : köyde kuraklıkta, kahıtlıktan şikayet ediliyorınu? mera vaziyetleri - nasıldır. o meralarda biçilecek ot varmı? kış için 'ot ithal ediliyor mu? e — köyün kültürel durumu;"
Karacadağ : Diyarbakır Halkevi Dergisi,1940,ttk_0000_1940_0028.pdf,10,3.0,S4,köy evi,https://acikerisim.tbmm.gov.tr/handle/11543/4315,"şahis lara borçludur. para alma ve ödeme şartları nedir. g — köyün sağlık durumu : köyün nüfusunun artma şekli, doğum ve ölüm karşılaştırılarak çıkarılacaktır. ( hiç (o olmazsa 205 sene üzerinden |) köy evlerinin sıhhi durumu köyün içme suyu . tağdiye şekli 3 istihlak edilen nevileri geyim şekli: temizlik derecesi köyde çıkan adi ve: bulaşık hastalıklar, tedavi usulleri. doktor lara ve sıhhat memurlarma mürücaat sekilleri ve köyün © sıhhat kontr"
Karacadağ : Diyarbakır Halkevi Dergisi,1940,ttk_0000_1940_0029.pdf,3,3.0,S0,büyükbaş,https://acikerisim.tbmm.gov.tr/handle/11543/4315,"etin olan inkilabımızı hızla yürütüyoruz. ismet inönü, ferağatli hayatı, vatan uğrundaki ölçülmez fedekarlıkları, azmi, basireti, türk inkilabının her safhasındaki yapıcılık hizmetile ve kudretile ve büyük basarılarile, türk ulusunun önderi, ahlak ve faziletile türk ulusunun bir örneğidir. tarihin büyük ulusları kuvvetli olan uluslarıdır. binaeneleyh bedeni faaliyet bir vazife, bir hak, bir (o çalışma, bir eğlence, bir okul olmalıdır. spor bir ru"
Karacadağ : Diyarbakır Halkevi Dergisi,1940,ttk_0000_1940_0031.pdf,4,3.0,S0,dana/düve/tosun,https://acikerisim.tbmm.gov.tr/handle/11543/4315,"mua» hedenamesi, yeni türk devletinin tam istiklal ve hakimiyetini bütün cihana tasdik ettirdi. aynı zamanda bütün dünya devletlerinin imzalarını (o taşıyan in lerde sulh konferansına o gönderilecek dana çıkarmak için onu, osmanlı impa- milletler arası bir vesika ve bir senet nin murahhas heyeti mevzuu bahsoluyordu. olacağını ve ondan sonra da sulh kon- ratorluğunun son ve kati (o mağlubiyeti haline geldi. tarih, lozan muahedesi- il til 126 127"
Karacadağ : Diyarbakır Halkevi Dergisi,1940,ttk_0000_1940_0031.pdf,11,4.3,S3;S4,veteriner;ahır;gübre,https://acikerisim.tbmm.gov.tr/handle/11543/4315,"ikleri ihtiramattan son derece mahzuz olurdu. vukuf ve malumatına kıskanırcasına meclubtu. | sayı: 78) sonu var 140 köycülük komitemizin mesat raporlarından. göçmen köylerinde zirai tedkik raporu dr. veteriner mithat özdoğan cenup mıntakası yetiştirme mütahassısı in halkevimiz köycülük k. yeni köy /-matranı; 4 karabaş,1kabi köylerinde zirai, iktisadi, durumun tetkiki hayvan , yetiştiriciliği ve hastalığı , paraşütle mücadele hakkında halkı tenvir … vinde kabul edör, köyler. de umumi hala yoktur her evde ufak mikyasta halalar yaptırılmış» tır. köylülerin evlerinde mefruşat oldukça iyidir. bir iki sandalya ve tek tük karyola bulunur. her evde bir ahır yapılmıştır. köylü: ler hayvan gübresini köyün muhtelif yerlerine atarlar, köylülerin geyiniş tarzı : kadın ve erkeğin geyiniştarzı çok güzeldir. - elbiselerini (o kendileri diker ve dokurlar , gelirken beraberlerinde © tezgah ve harak"
Karacadağ : Diyarbakır Halkevi Dergisi,1940,ttk_0000_1940_0031.pdf,12,15.6,S0;S2,inek;öküz;yem;yonca;mera;otlak/yaylak/kışlak;çayır;kuru ot;saman/kesmik,https://acikerisim.tbmm.gov.tr/handle/11543/4315,"dekardır. bundan hane basına 60 dekar bundan başkada (her nüfusa 25 dekar arazi verilmistir. bu suretle bu köyde müstahsil bir hale gelmiştir. çift v: sagma! hayvanlar mevcudu : yeni köyde 24 at, 42 öküz, 2 erkek manda, 35 inek, 50 koyun ve keçi, 5 disi manda. matrani : 5 at, 184 öküz, 15 inek. karabaş: 276 öküz, 12 at, 75 inek, 5 dişi manda. kabı: 92 at, 6 öküz, 60 inek, #4 disi manda olup bu inikdar göçmenlere aittir. hayvanyemleri, mera, olla … r. köylü hayvanlarını - arazilerinin arasındaki o demir (o geçmezlerde yetişen otlu arazide otlatır. ot ihtiyacı çok uzak mahlerden ve bilhassa metrük araziden kosa ile biçerek getirmişlerdir. hayvan yemleri, arpa, saman, kuru ottur, az miktarda yulafdır. arazileri susuz olduğu için suni çayır ve yonca ekilmemektedir. mevcut ziraat aletleri : kara sapan, pulluk, düğen, 142 kosa, araba, tırmıktır. köylü bunların ahşap ookısmını kendileri tamır etm"
Karacadağ : Diyarbakır Halkevi Dergisi,1940,ttk_0000_1940_0031.pdf,13,3.0,S0,hayvan yetiştir,https://acikerisim.tbmm.gov.tr/handle/11543/4315,"üne bir o radyo alınması bu kültürel esastan istifade ettirilmesi. o makineli ziraat için bu işe oldukça elverişli olan köylülere ziraat makine o kursu ve bu meyanda hayvan hastalıklarile mücadele ve hayvan yetiştiriciliği beşeri hastalıklarla korunma esasları üzerinden hiç olmazsa haftada üçgün olmak üzere iki aylık kursun açılması. köy hayvanları nalsızdır. açılacak kursa geleceklerin o kolurdu hayvan hastanesindeki nalbant kursuna devamla nalb … biçer bağlar orak makinesile harman ve pulluk işi içinde tıraktör gibi alatım celbile konbino şeklinde zirai (o vaziyetin islabi ve köylünün müstahsıl bir hale geti: rilmesi. bu tetkikatın hitamında hayvan yetiştiriciliği ve hastalığıle paraşüt hakkında köylüye konferanslar verilmiştir. 144 eski eserlerden: van ve bitlis vilayetleri askeri ist-tistiği rusçadan çeviren : mehmet sadık istanbul — askeri matbaa 1330 a, şevket kavut kitap ankarada om"
Karacadağ : Diyarbakır Halkevi Dergisi,1941,ttk_0000_1941_0036.pdf,6,4.0,S0;S2,öküz;yem,https://acikerisim.tbmm.gov.tr/handle/11543/4315,"ki göçmenler temamen müstahsil bir hale gelmiş, yeni iskan edilenlerin de müstahsil bir hale gelmelerine alakadar o dairece calışılmaktadır. ve göcmen köyleri bunların sevindirihmesi memleket senelik yemlik ve için çok faydalı olacağı ümidindetohumluk, birer çift koşum öküzü yim. bismil merkez kaza kadrosu 150 devletçe insa edilen 100 evdir. esasen göçmen köylerinde z 7 ga i göç . 9. eğer köyü kadrosu 125 devlet zel açılan okuma odalarına iptidai"
Karacadağ : Diyarbakır Halkevi Dergisi,1941,ttk_0000_1941_0037.pdf,10,3.0,S0,hayvan yetiştir,https://acikerisim.tbmm.gov.tr/handle/11543/4315,"ttin aral gönlümün sesi (şiir) n. günışıldar yüz yıl önce diyarbakır ve güneydoğn usman eti zigmond fröyd kazım baykal halkevi haberleri sayı: 27 kurtuluşumuzun ilk zaferi ; osman ocak memleketimizin hayvan yetiştirme siyaseti ne olmalı nurettin aral diyarbakırda gazete ve diyarbakır neşriyatı usman eti diyarbakırlı bilgin ve ozanlar a. şevket kavut demokrasi prensibi ve inkilap seyfi alpan devrilen ağaç (şiir) sezai günışıldar dil, tarih, ddebiy"
Karacadağ : Diyarbakır Halkevi Dergisi,1941,ttk_0000_1941_0040.pdf,12,3.0,S4,ahır,https://acikerisim.tbmm.gov.tr/handle/11543/4315,"ğaza, tezgah, mahzen, samanlık ahır, ve mefruş olmıyan apartımanlar için de mahalli adetince muayyen en yakın yakıt için ve böyle adet yoksa altı aylık bir müddetin hitamı için ve her iki halde yani, bu numarada sayılan mezkür gayri menkulat için ihbarin üç ay evvel yapılması lazı"
Karacadağ : Diyarbakır Halkevi Dergisi,1941,ttk_0000_1941_0041.pdf,10,3.0,S2,yonca,https://acikerisim.tbmm.gov.tr/handle/11543/4315,"in psikolojisi) yazısını psikolojik bir yazı addederek dikkatle okudum. yazan doktor arkadaşa (le rir) i ve mustafa şekip'in (gülmek nedir ve kime gülüyoruz) ını hatırlatırım. bir kopferans hülesası (yonca) mikroplar ne kadaı zaman yaşarlar adlı yazılar okumaya değer, kazım baykal inanç. sayı 52 denizli halkevinin bu mecmuasında zilede sünnet ve gelin hamamı adlı folklor ile frikya baş peskoposlarından başka öteki yazılar umumi yazılardır. erciye"
Karacadağ : Diyarbakır Halkevi Dergisi,1941,ttk_0000_1941_0043.pdf,7,3.0,S0,inek,https://acikerisim.tbmm.gov.tr/handle/11543/4315,"ii 36 — dağdan gelir dağ gibi, kolları bu dağ gibi, eğilir 19 — ben giderim o gider, önümde zimzım eder. (sakal) su içmeye bağırır oğlak gibi. (gök gürültüsü) 308 31 — dört kardeş bir kuyuya ok atar. inek memesi) 309"
Karacadağ : Diyarbakır Halkevi Dergisi,1941,ttk_0000_1941_0045.pdf,8,3.0,S0,dana/düve/tosun,https://acikerisim.tbmm.gov.tr/handle/11543/4315,"tesbit tikal modeli verir, bu modeli tesbite ettik. imkan bulamadık. (vı) numaralı -model evvelkinin bilno. (ıv) büyük selçuk padişahı me- hassa harflerdeki büyük süslerile meylekşah devri yazısıdır. dana gelen şekillerini gösterir - (kitabe ulu cami şark maksuresindedir) 2ğillxir iniz. mi ei ai 'l e elan ei gz 020 a la, iaze ! kill zz milli re eee e > üz naz lana id 2 ye spin e 2 li a > saz! şe ) eu (no.tı abbasi yazısı ) alfabe ( model ı in iza"
Karacadağ : Diyarbakır Halkevi Dergisi,1941,ttk_0000_1941_0046.pdf,6,3.0,S0,büyükbaş,https://acikerisim.tbmm.gov.tr/handle/11543/4315,"ler sezmiş ve başarmıştır. o bir sıra içtimai inbilaplar yapmış , elbise inanç, yazı, dil, tarih inkilapları iktisad, ziraat nafıa, maarif, hukuk, kadın işlerinde büyük terakki hamleleri attırmış ve: büyük başarılar elde ettirmiştir. ve ni: hayet bütün bunlar ve benzerleri büyük hizmetleri (otoplayan en büyük deha eseri, millete yaptığı en büyük işi, cumhuriyeti — tesis etmesidir. kahraman atanın kahramanlıklarının her birini saymaya im kan yok."
Karacadağ : Diyarbakır Halkevi Dergisi,1941,ttk_0000_1941_0046.pdf,9,3.0,S2,hayvan kırılması,https://acikerisim.tbmm.gov.tr/handle/11543/4315,le ocaklarina döndükleri zaman hem kendi ocaklarının ve hem de muhitlerini frengiye bulamışlar ve bu suretle bu harp avrupa için mevzii bir harp olarak tarihe geçmemiş bilakis avrupayı 15 nci: asırda kıran ve bir sürü şahsın ölümüne sebebiyet veren ve asrımıza kadar sürünüp gelen frengi denilen belayı o avrupanın her memleketine sokarak şöhret bulmuştur. 369 frengi avrupa memleketlerinde zamanla o. kadar ilerlemişki bir çok memleketlerde bü hasta
İskenderun Sancağı Ceride-i Resmiye,1938,0105_1938_1-22.pdf,5,3.0,S0,öküz,https://acikerisim.tbmm.gov.tr/handle/11543/4367,"iş geleel > eyi — ve eğim seray üs er iş ee e eş 2 izses hn sasa ge şa dünün | & sale yal es e eş —t « gileyl a gezip — isa griye sü arf —& sivi dl des ge şe os es yiz a a e silekek enini çeke miyim öküz ye gi r. sk 3gp zilan 7 öl pi m e) pa dl ik vt v aa giy as ge il duru taya ma ea gi ele i | şe ala, söz ç ga (3 si yedi ğe oaağyeğele il e ei ği aplik; aşa ies eş e giy eş ley eş seal az ye —a | izke uk üye $ yi —yesle game sg o ,b dk gl ili şe"
İskenderun Sancağı Ceride-i Resmiye,1938,0105_1938_1-22.pdf,87,3.0,S1,boğa,https://acikerisim.tbmm.gov.tr/handle/11543/4367,mi ui yat | izl 4dğ5ze şek ele z yle sed e öle 1 ae geli ge ” jipenl i ği -isn > iza sesi eği sti eğe g3 ka ayas us ik zel il — ele per * e sasi ii yili öde ie si şiş eğe pi iy gal bu 8 el ş yy pi s3 boğa yü aki ye ee iş 563l .. yas 5 esli) daa > ge5$ a eyi vak | a ol yokki 3 08353 ği: ae)3 göğe © —la izle yel al ik vey şal ele 54) ci) iye di) jsuye ii ley ce dozlar oya e eri and si da ebn. ydi eki ka as ei desi wir oi ele. sey dei ie po:eri zi)
İskenderun Sancağı Ceride-i Resmiye,1938,0105_1938_1-22.pdf,91,3.3,S2;S3,korunga/fiğ/burçak;veba (hayvan),https://acikerisim.tbmm.gov.tr/handle/11543/4367,"a dişi 7 üne iç iye gö eri ee esya 2 «yale yin im mk ela 3 , pet 5 be ne sil 3 sez alk er hin z ği i eğri isli deil de yz iğ am — ml a li e scene kağ de dün b gi ci — ie by aa gün tay . e ( j | w mig fiğ ii p nl sai sie js bph cr ld — vee iş mel şal li yer | 393 si güel val 5 ja is yoğ glün öyg € izci; kia! ili eek giy ez eee | yzb eke ala eğ çiya g » jaye ale ..)y8 y güne sie iz e-iş siyez ele | 5 55 kal ya iel göl a uğr ul ig . 333111 | skiğim … b 5 pr m a ik eyenp a - 35921 ei saian 2 3 ye a zeliha | ve kan 3 ya içi > ez eş leş pe e el isi el o) yaz mila giy 0) il glü yl | | : (, > i yel e yl fal ghz) a il .xei9 ga t939 siya öyle diz aşi e veba | la mepa ll az ib <a iü! v3 haas! gu p” yzal > şaki oğliz.| elan . f"
İskenderun Sancağı Ceride-i Resmiye,1938,0105_1938_1-22.pdf,117,3.0,S0,dana/düve/tosun,https://acikerisim.tbmm.gov.tr/handle/11543/4367,"i iliş lb eyi şir e ese . » zalyi m ye | t rağ a i pp“ z » ille | ev b. b yı ie , gele he o ee er pik e şi e e l öl , ğj b ili öö | e ee za 3 er ipi? | | e yili! 1 ja iğ atel hpiza &-ya$ gele yağ eee dana dhl ği iten vav iniz ea 3 kl iz a gi ios üz dye ile il. yes as! gali! 293 ee aa ii 7 > av3 | | i if nes de nonokme dii, veysş se ozal ki s1 3 ee ys ez | s0 bön okay ği biz 3 öl vaya glüşe va oya e yiz çal a2 5 esl )l 5 ) biz i ge e iy yapa yvoşe"
İskenderun Sancağı Ceride-i Resmiye,1938,0105_1938_1-22.pdf,168,3.0,S3,şap,https://acikerisim.tbmm.gov.tr/handle/11543/4367,"ıı»: vee gey vat wi >l p inn va e : ji ağ ya üz a yay vve aa | is zn diği şeailileyii an | : yakal i öeldel ilil dn e ga aş ver vi ie 53 spa şap 2301 el ya ii map kl rzandial ji tn iz e iki a er yi sin yi yapa mele si çe aş va ile da leel dl iel a gö dağ ye de üre va - in ale ula 031) 3, sağlar md vi ne ne i ya i a sa dia vi sn ğğala ça şi esli 9 iyii sğza 3 3 val 3 ye maya ble yy 3 3 e a"
İskenderun Sancağı Ceride-i Resmiye,1938,0105_1938_1-22.pdf,280,3.0,S0,dana/düve/tosun,https://acikerisim.tbmm.gov.tr/handle/11543/4367,"yi zi jin ma e am 3 37 vet 3 veto siye ez im septal öze 20311) | a ae i ama taj0 dl n 5 su? 0 . $ uail .n yaz | , d » | ” > - | | | yi iri gi sik in vb il sti biz | ji 5 va s5 > j ge in 03331 sah iii düve yg gi im 3g szkke mi . v j hi b e ” km e an .. c. ! n 0. 8s ab , 4! ya wv gidi 3 zi 99 pe we r k ç | gel yal teliyle zlas, aa ul a e gaya il. i>işb kyayıl goy | we aa ii sağ ez il ale öz | ye a ayal giriş lee ye ey) gaye | eş eğik) gez! di şii y"
İskenderun Sancağı Ceride-i Resmiye,1938,0105_1938_1-22.pdf,333,3.0,S0,dana/düve/tosun,https://acikerisim.tbmm.gov.tr/handle/11543/4367,"—a:s.— ağn, e amam ""mn . jka>- 43) gl oy! .. ji) e oyle siya giy ke dana 7 ge sip iri no rr yle le ğa yada rs gaya e933 6s — asla “ yüzük yaya ye va ""rm dd )3 ve yi 0, sw 6 im a! en s içte i aska o gi uzel da gi ea gala gel sil 3 tai g kimse gö ev mukali; eri a da * e gigi jı sür jena vel js nava çe iel ve kz işl o s"
İskenderun Sancağı Ceride-i Resmiye,1938,0105_1938_1-22.pdf,362,3.0,S0,inek,https://acikerisim.tbmm.gov.tr/handle/11543/4367,"— — f e ae ai oya gi gr ii dile gişe g e m gi özle o has je asl sp ye gi 5 si eziz > pi oku3'5 il öyleki 6 j go ear gir tl gli ka gi - dk öze a dr şe (3 il 45 ilel 3g inek 3535 diy» ei (0 lie ıg za jj) hk 03) a ne ye bı dap yy dır ge po iml € elli şi ra yil yı gis x“ gi e lk ja eu rai ır | dg ji, r ge aje 00 al! si yaa zel, , izli eş b, aş la ss ye u y- yır | | ne 4 ) a gu ya 3 vv dl jia si dee va | i , ge ji kaya"
İskenderun Sancağı Ceride-i Resmiye,1938,0105_1938_1-22.pdf,363,3.0,S3,şap,https://acikerisim.tbmm.gov.tr/handle/11543/4367,"—lp—. biri en gi o) şi dye deli is ai ae ij ie sail ae gireli yp yet sl söeyk eği lal wa ella özle — i cb air, «dağ ör srşibe elek vie a i 0 an ği sal a a8 çi 3 $ de” ie” is dye “ çü you zn 10 gi ga şap üzel gal vive siki av diye ük ar az ae gu. pi jr yi eskiz .>un ) çe mi gzl dde meal ye | aş ti eld şehbal 5 | z 4, göl a... < gi , sie on ul;! )'y ke —v zel paleyarle ke ai bö, iykel di çi asl | a | pi .. e” y 55 da gel da çi | (oya) vs-* yüze *a"
İskenderun Sancağı Ceride-i Resmiye,1938,0105_1938_1-22.pdf,385,4.0,S0;S2,öküz;yem,https://acikerisim.tbmm.gov.tr/handle/11543/4367,"rğa dll gi pp ys | — xl 3. ente $ 7“ < 3 yan gf. — nos > vw <3. *» öy l6 jaa si | 5” ise, je j 5 ub 4 yazda cc , zade ölme gel a 710.33 | desi, 554 sl oki3i ul içi y— yok . yaz i şg yal ey ki pi “eti yemi pe öle oy! | yi) di si ig 3, pa j$ le! - ses 4 <5 öküz gör si) » ole, ; jj gi of a s ünsi gani şa se gib vel .. jo 3 yala “3 . je gi i z'ye por şi, ia | nava-a-ya — s uaşl iy mhrs göze: ul i yakl ezı gis yağ ez dö; ul e | özlü dala sline ye gli"
İskenderun Sancağı Ceride-i Resmiye,1938,0105_1938_1-22.pdf,400,3.0,S0,dana/düve/tosun,https://acikerisim.tbmm.gov.tr/handle/11543/4367,". tm ) ""ok et adim sözü sek — vu stt | saz duy y e ela 1-x la mz ik i e o en eş v oy mi since ir “© it el . çi mi ses zl e a za nek lak iye şe ı> lal, dana; ee siya gi ike fr pen gi a e yiie ygbsa$ li $ iy z 2 özi v nv e sg göl öl) ül si a ee yeis ai — b aa sp peg —e 5 meme yla e a —d göle iyi ünsel gil mi eyi — e e iz ld me parsı > 1—m l5 ze yene) işin in üs öl"
İskenderun Sancağı Ceride-i Resmiye,1938,0105_1938_1-22.pdf,416,3.0,S3,şap,https://acikerisim.tbmm.gov.tr/handle/11543/4367,"ni — a bi ul a ; pi pi dal, zl . şiş e isleri nara ae © mai şap şami ie .g ei 4s yı öne iş rıa ziylan silip 235 öğ! ph < jeo$ yö ne ni g.e cok iy ro. gb sel si ala 4 ye .. il le 5 yale ak xa mez) dm a gs lt» 11 ny gb ..z-h 3 og ye 3 gib wi.) 2dy> saki gi ( ez aidar . js 3 biliş ie elli: jı vey i ih ras 15535"
İskenderun Sancağı Ceride-i Resmiye,1938,0105_1938_1-22.pdf,440,3.0,S0,inek,https://acikerisim.tbmm.gov.tr/handle/11543/4367,"$ ul his ey wo). mybe i — ve . ley. 5: 9 naile js >, yas ve>3ev. ce? va | gi il jss.. 4s 3, —- yy , — is eye çi —ya je eze dil asd —— il 1 se ös ge veya ... 0 ai e ee «gli e a nr ve iy ul 3 an gi üre inek ale gi el iliş ai şal si! öyy dr. a — seğmisla geliyor jıı(te.) © oya sy içe .jln al örs ele ozazdal yare sn azn ari a el iğ . azlık ge (<3...) se 433 ci — e | agi 35 1) i ğe 5 rey siz g3 gi ai i nz e a va | e yüke, yi m2 g5» | -5 yu as g akli b"
Bazı Ankara köyleri üzerine bir araştırma,1970,197001996.pdf,18,4.0,S2;S4,otlak/yaylak/kışlak;köy evi,https://acikerisim.tbmm.gov.tr/handle/11543/936,"vardır. cenup taraflarında meyva bahçeleri bulunur, köyün şimal ve garp istikametlerinde tepelerin ötesinde tarlalar bulunuyor. ru tepelerin sırtlarında kavun ve karpuz bostanları ve garp yukarısında otlaklar vardır. köy evlerinin bulunduğu yamacın «beş al-"
Bazı Ankara köyleri üzerine bir araştırma,1970,197001996.pdf,20,4.0,S2;S4,mera;ahır,https://acikerisim.tbmm.gov.tr/handle/11543/936,"—i3— tı saat» ötesinde yayla bulunmaktadır. ambarlar ve ahırlar tamamiyle köyün içinde ve evlerin bitişiğindedir. böylece, bu köy de umumi heyeti itibariyle toplu köy tipine girer. aşağı yukarı merkezi bir mevkide cami bulunmakla beraber, köyün merkezi diyebileceğimiz ve bir toplanma veya konusma yeri ola … nda, etimesut hudutlarını aşdıktan son köyün hududundan içeri girilmiş olur, köy buradan karşıda bir sırt üzerinde görülür. oraya kadar köye ait olan buğday ve arpa tarlaları arasından geçiiar. köyün merası, ormanı yoktur. larlaların bu unduğu sahada sulanmayan kıraçlarda bostanar bu unur. köy medha.nde meyva bahçeleri vardır. köy mektebi köyün hemen medha'inde, merkezinde çesre ve çamaşırlık bulunur. burası geniş bir meydan halındedir; ve şimali"
Bazı Ankara köyleri üzerine bir araştırma,1970,197001996.pdf,39,7.9,S0;S2,sığır;hayvancılık;süt;tereyağı/peynir;mera;saman/kesmik,https://acikerisim.tbmm.gov.tr/handle/11543/936,"—37— bu yüzden kalkındığı ve para tuttuğu anlaşılıyor. bununla beraber, sütçülüğün artması ile köy gittikçe daha fazla miktarda gıdası için hariçten buğday ve hayvanları için arpa ve saman almak mecburiyetinde kalmaktadır. sütçülükte ilerleyen köylerin davarı çoğaldığı nisbette bunları; da» ha zahmetsizce yetiştirilmesi ve daha çok arttırılması için mevcut mer'aların kafi gelmediği anlaşılıyor, h. köyü gibi davarı nisbeten fazla … eten fazla olan bir köyde bu sıkıntı bilhassa duyulmaktadır. — li » pm o ni | vam e : er . alaya ik, resim 15 ve 16. iki köy kızı. resimler gündelik kıyafetler hakkında bir fikir verir diğer köylerde sütçülük mühim bir yer tutmaz. |. köyünde sütçülük ve sütten yapılan gıdaların ticareti çok ehemmiyetsizdir. ancak kendi istihlaki için köy halkı sütten tereyağı ve yoğurt yapar. ancak arttığı takdırde ara sıra şehirde de satarlar. diğer köylerde de"
Bazı Ankara köyleri üzerine bir araştırma,1970,197001996.pdf,43,4.0,S2,otlak/yaylak/kışlak;korunga/fiğ/burçak,https://acikerisim.tbmm.gov.tr/handle/11543/936,"ülasa, bir iki istisna ile, bu köylerde buğday ve arpa ziraati ile rekabet edecek ve onun yerine geçecek başka bir istihsal faaliyeti yoktur. buğday ve arpa ziraatinin yanında daha az miktarda yulaf, burçak nohut, mercimk ziraati vardır. m. köyünde mercimek ve nohut oldukca daha mühim bir yer tutmaktadır. h. köyünde patates ziraati yeni başlamıştır. d. köyünde de vardır; fakat mühim bir yer tutmamaktadır. şimdi tek bir istihsal temeline dayanan b … smı ankaralı bir zatla hatıp oğullarından birine aittir. tarlası olmayan köylüler bunlardan tarla icar ederkek ekmektedirler, buna mukabil dönüm başına bir «yarım» ekin veriyorlar. bundan mada, köyün otlakları da sütçülüğün bu köydeki ehemmiyetine nisbetle az ve bölümlüdür. bunun için hayvan otlatmak yayladaki gibi kolay değildir; ve köyün yaylası yoktur. h. köyünde mevcut toprakların kafi gelmediğinden daima bahsedilmiştir. şimdiki halde ellerin"
Bazı Ankara köyleri üzerine bir araştırma,1970,197001996.pdf,46,3.3,S2;S4,korunga/fiğ/burçak;gübre,https://acikerisim.tbmm.gov.tr/handle/11543/936,"—d4— gübre kullanılmıyor; ekinler sulanmıyor. b. köyünde de dinlendirme usulü vardır; münavebe usulü yoktur. k. köyünde köyün yakınındaki tarlalar (arpalıklar) gübrelendiğinden hemen daima ekiliyo:; çok az nadasa bırakılıyor. burada da münavebe usulü yokt … tarlaların sırası deresim 21. iki genç köylü &:şiyor. i. köyünde de ayni usul tatbik' ediliyor. m. köyünde de üçlü tarla sistemi tatbik ediliyor üçe ayrılan toprakların faraza birinci kısmına nohut, burçak ve fiy ekmişlerdir; ikinciye buğday ve arpa ekmişlerdi; üçüncüyü ise hirk edip bırakmışlardı. ertesi sene üçüncüye arpa ve buğday ekerler; ikinciyi hirk ettikten sonra mercimek ve nohut ekerler; birinciyi bir defa hirk ettikten sonra dinlenmeğ"
Bazı Ankara köyleri üzerine bir araştırma,1970,197001996.pdf,47,3.0,S2,korunga/fiğ/burçak,https://acikerisim.tbmm.gov.tr/handle/11543/936,"açıldığı zaman tarla iyi ise 10 yarım, değilse 5 yarım kadar mahsul alınır. ı evleğe | veya | 1/2 yarım nohut saçıldığ ızaman iyi tarla takriben 5. iyi olmayan tarlada 3-4 yarım mahsul verir. | mucur burçaktan iyi tarlada 10, olmayanda 5 yarım, kadar mahsul alınır. köy halkının daima üzerinde durduğu bir not: bunların hiç biri asla kat'i değildir. saçılan miktarın ne nisbette fazla mahsul vereceği asla malüm ve emin değildir. bazan hiç vermiyebil"
Bazı Ankara köyleri üzerine bir araştırma,1970,197001996.pdf,50,4.3,S0;S2,öküz;süt;mera,https://acikerisim.tbmm.gov.tr/handle/11543/936,"di idaresine ancak yetecek kadar istihsal yapıyor. köyün fakirliği arazisi bol olmakla beraber verimsiz olması ile izah ediliyor. f köyü halkı da fakiriikten bahsediyordu. bir fikir vermek için şehre süt satan kezıbanın misalini zikredelim: keziban 20 lirayı bir araya getirip te bir öküz alamadığından dolayı bu sene ekin ekememişti. kendisine ait toprağı da yoktu, ancak başkalarından kia ile ekin ekiyordu, m. köyünde hanelerin hemen yarısının, bi … er ailelerin toprağı vardır. en çok tarla sahibi sayılan kadirin 1000 dönüm kadar arazisi vardı. bundan başka 300-700 dönüm kadar arazisi olanlar vardır. h. köyü oldukça vaziyeti iyi olan bir köydür. mer'aları az olduğu halde hayvanları çoktur, ayrıca kıraçlarının bostana müsait oluşu sayesinde bundan da az çok bir varidat alınmaktadır. fakir denecek aile sayısı 6-7 kadar tahmin ediliyor. tarlası veya hayvanı olmayan fakirler başklarının yanında … akir denecek adama bir misal göstermek için eğitmeni zikrettiler: 6 davarı, |0 dönüm kadar bostanı vardı, ve 15 lira maayı 7 nüfuslu ailesini geçindirmeğe kafi gelmiyordu. b. köyünde hayvanı, davarı, öküzü olmayan vardı. bu gibiler bostanlarda çalışırlar, bir kısmı hariçte ırgatlığa giderler. 1. köyünde ve hemen hepsinde umumiyetle tarlası az olanlar veya hiç olmıyanlar hariçten gelip köyde yerleşenlerdir."
Bazı Ankara köyleri üzerine bir araştırma,1970,197001996.pdf,52,9.0,S0;S4,inek;öküz;ahır,https://acikerisim.tbmm.gov.tr/handle/11543/936,"t elde eymeğe muvaffak olduk. bu tetkik neticede bütün hanelerin servet vaziyetlerine göre tasnıfi ile neticelendi. servet farklarını tayin ederkn toprak ve ekin vaziyetinden mada, ziraat aletlerini, öküz, inek, manda, davar, at, eşek. ev, ahır, samanlık, vergi ve borç gibi unsurları da aldık. bununla beiaber, bir haneyi zengin veya fakir diye ayırmada köylünün nazarında bu unsurların hepsinin ayni kıymette değişmez ve tayin edici telakki edilmed"
Bazı Ankara köyleri üzerine bir araştırma,1970,197001996.pdf,54,3.3,S0;S2,öküz;saman/kesmik,https://acikerisim.tbmm.gov.tr/handle/11543/936,"—ö)— m. köyünde ailelerin bazıları ortakçılıkla geçinirler. meselt hidayet atalay, yusuf efendigil ile beraber eker. senede 30-40 dönüm hirk eder. güzün yusuf efendilerden tohum alır, öküzleri de evvelce yusuf efendilere aitti; fakat sonra onlardan bir çift kömüşü 100 liraya çarasan te mimik sö gil 2 resim 25. köyün başlıca istihsal faaliyeti buğday zeriyatıdır. satın aldı. bütün işleri hemen hemen hidayet yapar; ırgatlık devresin"
Bazı Ankara köyleri üzerine bir araştırma,1970,197001996.pdf,56,3.6,S0;S2,süt;tereyağı/peynir;korunga/fiğ/burçak,https://acikerisim.tbmm.gov.tr/handle/11543/936,"tarını azaltır. bazı ahvalde bazı yerleri hiç ekmez; geçen seneden anbarında ne kal.nışsa onu istihlak eder; veya hariçten hububat satın almak mecburiyetinde bile kalır. şehitle köy arasında hububat, süt, sebze, meyva gibi gıda maddeleri ile mamul eşya mübadelesi vardır. bu köyler şehre başlıca iki nevi mahsul satıyor: (1) doğrudan doğruya şehirde istihlak edilen maddeler; süt, yumurta, kavun, karpuz ilh, (2) şehirde doğrudan doğruya istihlak edi … meyva olmadı. b, köyü şehre bal da satar, fakat harice hububat satamaz; mahsul anck körün istihlakine yetiyor. l köyünde şehre hububt ve ara sıra yumurta satabilenler ancak 2-3 kişidir harice satılan süt, tereyağı, yumurta ve hatta hububat ancak köşlünün"
Bazı Ankara köyleri üzerine bir araştırma,1970,197001996.pdf,64,3.0,S4,tezek,https://acikerisim.tbmm.gov.tr/handle/11543/936,"ul lanılmaz, başlıca fonksiyonu iklim değişikliklerine göre zirai faaliyetleri tanzim etmektir. köylü işini bu sistemin hadleri dahilinde hatırlar veya resim 30. kadınların başlıca işlerinden biri de tezek karmaktır. kendini hazırlar. fakat bunların hiç biri yalnız başına hakim değildir. köylü gerek harici münesebetlerinde, gerek dahıli dini faaliyetlerin:le üçünün münasebettar olauğu hallerde birindeki muayyen bir tarihin ötekinde hangisinde tek"
Bazı Ankara köyleri üzerine bir araştırma,1970,197001996.pdf,65,6.0,S2;S4,korunga/fiğ/burçak;tezek,https://acikerisim.tbmm.gov.tr/handle/11543/936,"er kes evinde oturur ve işler nevruzda tekrar başlar. nevruzda, m. köyünde bağ işlerine başlanır. omcaların (üzüm köklerinin) dibi kazılır, dallar budanır. bundan mada, yine nevruzin nohut, mercimek, burçak, yulaf ekilir. nevruzda ekin işleri bittikten sonra, o sene ekilmiyecek olan, boş bırakılacak olan tarlalar sürüle'ek «hirk» edilir, yani nadas yapılır. eğe ne “gerim” esl ni 50 resim 31 kalıplanan tezekler kurutulmek üzere güneşe bırakılıyor. … in en çok olduğu zamandır. gündönümünün başında aynı 7amanda hayvanlara yedirilen fiy biçilir. fiy ekinlerden evvel biçilmezse kurur. isteyen biçtiği fiyi bilahare düvenle de döğer. yine bu sıralarda burçak ve mercimek te biçilir, buğdaydan evvel arpa biçilir, bazı yerlerde nohut ekilir ve bu da buğdaydan evvel veya sonra biçilir, bu işler mihricana kadar devam eder. mihrican girince harman yapılır ve ekin kaldırılır. ekin biçildikten sonra düğen"
Bazı Ankara köyleri üzerine bir araştırma,1970,197001996.pdf,66,6.0,S2;S4,korunga/fiğ/burçak;tezek,https://acikerisim.tbmm.gov.tr/handle/11543/936,"başlıca işlerin yapılış sırasıni gösterir cetvel aylar yapıln başlıca işler erkekler tarafından kadınlar tarafından nevruz (9 mart - 22 nisan) bağ işleri başlar nohut, mercimek, burçak yulaf ekilir. eki miyecek tarlalar nadas edilir. bağları budarlar, köklerin dibini kazarlar. (nohut, ilh... ekerler. nadas yaparlar, hidrellez (23 nisan - 6 hazitarlaların nadası devam eder. ran) bostan ekilir, öndüçle tezek yapılır. göndünümü … uturlar. nadasla meşgul olurlar. gece bile çift sürerler, bostan ekerler. tezeğe yardım ederler. (gündüzleri uyuyup dinlenirler) ev eri temizlerler; ırgatlığa girmeden bütün ev işlerini bitirirler. : tezek yaparlar, kuruturlar. öndüce gelenlere yemek yapmakla uğraşırlar. fiy biçerler; (vakit olursa bahçe çepinlerler). nahut, ilah. biçerler. arpa, buğday biçerler. fiy biçer'er; bahçe çepinlerler. arpa, buğday biçmeğe yardım ederler."
Bazı Ankara köyleri üzerine bir araştırma,1970,197001996.pdf,69,7.0,S2;S4,yem;korunga/fiğ/burçak;tezek,https://acikerisim.tbmm.gov.tr/handle/11543/936,"tta kadınlar çırpı toplamaya giderler. erkekler bağları budarlar, bostan ekerler, çift sürerler, kadınlar bağ eşmeye giderler; fasulya ekerler; ekinlerin içinden ot ayıklarlar; kıraçlardan hayvanlara yem olarak verilen ot biçerler. bunları kaşa (dama) serip kuruturlar. erkeği olmayan kadınlar çift sürer. nisanda bu işlere devam edilir. mayısta evler temizlenir, dikiş dikilir, bütün bunlar yaklaşan irgatlık zamanına hazırlıktır, çünkü o zaman hiç … t olduğu takdirde buna erkekler de yardım ederler, haziran sonunda, yani gündönümünnü ortasında fiyler biçilmeğe başlanır. bu işte kadın ve erkek beraber çalışırlar. bu şekilde fiyden başka mercimek, burçak ta biçilir. arpanın biçilmesini de hazirandan öteye bırakmamak lazımdır. bütün bu ekinler, görüyoruz ki, hep birden oluyor; ihmal edildikleri taktirde kolayca harap olma tehlikesine maruzdurlar. bu esnada köylü hangi tarafa gideceğini şaşırır."
Bazı Ankara köyleri üzerine bir araştırma,1970,197001996.pdf,72,6.0,S0,öküz;manda (hayvan),https://acikerisim.tbmm.gov.tr/handle/11543/936,"l v.s. olmasına) göre iş bölümü vardır. karı - koca veya gelin-oğul arasındaki iş bölümüne baktığımız zaman görürüz ki, umumiyetle erkek tarla, sebze bahçesi, bostan, meyva ve bağ işleri ile uğraşır. öküzlere, atlara, mandalara, eşeklere o bakar. şehre gider; harice sevkolunacak malları götürür ve satar, ihtiyaçları"
Bazı Ankara köyleri üzerine bir araştırma,1970,197001996.pdf,73,3.3,S0;S4,süt;tezek,https://acikerisim.tbmm.gov.tr/handle/11543/936,"olan şeyleri satın alır getirir. kadın ise, her şeyden önce evin işleri ile meşgul olur. evi temizler, sıvar, yemek pişirir; ineklere ve koyunlara bakar. süt sağar, tavuklara bakar. yayıkta veya süt makinesinde yağ, kaymak, ve yoğurt yapar. çorap örer, dikiş diker; tezek yapar, bulgur döğer, pekmez kaynatır. birçok kadınlar bununla beraber, tarlaya da gider, sebzeleri sular ve çapalar. bilhassa ekin y"
Bazı Ankara köyleri üzerine bir araştırma,1970,197001996.pdf,75,9.6,S0,inek;öküz;manda (hayvan);süt;tereyağı/peynir,https://acikerisim.tbmm.gov.tr/handle/11543/936,"asıran erkeklere aittir. kadın'ar ve çocuklar ot ayıklamada ve harmanda yardım ederler. kadınlar bostanda ve çapa işlerinde de çalışırlar. büyük hayvanlara erkekler, davar!:- ra da kadınlar bakarlar. süt sağmak kadınlarla aittir, tuz ve toprakla oğulup kurutulan deri hazırlamada erkekle kadın arasında bir iş bölümü yoktur. kadınlar yün büküp çorap örerler. kadının işi çok olursa çocuğu bir müddet erkeğe bırakabilir. b. köyünde kadın her şeyden ön … a terketmek kadının işidir, çeşmeden su getirmek te kadınlara ait bir iştir. kadınlar kışın boş zamanlarında mütemadiyen çorap örerler; ve ev işi yaparlar, bu esnada erkeklerin işi daha azdır. sadece öküzlere, atlara, mandalara ve eşeklere bakarlar. tarlanın mütebaki işlerini görürler. kadının yalnız kalıp çift sürdüğü, öküzlere ev sair hayvanlara baktığı vakidir. yalnız erkek asla çamaşır yıkamaz, çocuğa bakmaz, çorap örmez, ekmek pişirmez. işi … orap örmez, ekmek pişirmez. işi idare edenler, kadınları ça'ıştıranlar ve iş gösterenler erkeklerdir. h. köyünde kadınlar ev işi yaparlar, koyun sağarlar, eğer varsa süt makinesiyle krema çıkarırlar, tereyağı, süt, kaymak yaparlar, bu köyde farklı olarak kadınlar tarlada çalışmazlar. nadiren tarlaya gid.n kadın olsa bile mühim bir iş yapmakla mükellef değildir. bu işleri evin erkekleri ve ırgatlar yapar. erkek yoksa sadece ırgat yapar ve dul kadı"
Bazı Ankara köyleri üzerine bir araştırma,1970,197001996.pdf,76,3.0,S0,inek,https://acikerisim.tbmm.gov.tr/handle/11543/936,"larda çalışırlar. m. köyünde kadınların daimi olarak, kocaları karışmaksızın yapmaya mecbur olduklrı işler şunlardır: ev temizlemk, yemek o pişirmek dikiş dikmek, çorap örmek, ilah... bunlardan mada, inek ve davar sağmak, turfan (yayık) çalkamak ta kadınların daimi işlerindendir. fakat zaruret hasıl olursa bunları erkekler de yapabilirler. mandayı, ineği pek nadiren erkekler içinde sağan bulunur,"
Bazı Ankara köyleri üzerine bir araştırma,1970,197001996.pdf,77,3.0,S0,buzağı,https://acikerisim.tbmm.gov.tr/handle/11543/936,"her köyde günlük hayatta çocukların da yaptığı işler vardır. oğlan çocuklar 8-9 yaşına kadar bir iş yapmazlar, bu yaşlarda ise evvela buzağıları daha sonra da daha büyük hayvanları gütmeğe (başlarlar. 12-13 yaşlarında tarlaya babalarına yardım etmeğe giderler. kız çocuklar 5-6 yaslarında daha küçük kardeşlerine bakmağa başlarlar. daha sonra 8 yaşlarından itibaren ev işlerinde annel"
Bazı Ankara köyleri üzerine bir araştırma,1970,197001996.pdf,78,3.0,S4,tezek,https://acikerisim.tbmm.gov.tr/handle/11543/936,"bi işler, bunların malzemesinin çoğu kasabadan tedarik edilir. (b) sosyal veya dini hayata” müte. allik işler: muallimik, muhtarlık, azalık, bekçilik, koruculuk, imam!.k gibi. resim 40, elbirliği ile tezek karıştırılıyordu. kudsi neviden olmıyan muayyen bazı meslek sahipleri umumiyetle köyün yerlisi olmıyan kimselerdir. bu suretle: kalaycı, değirn.enci, dülger, yapıcı ustası, kunduracı, bilhassa çalgıcı, oyuncu ve çerçi köyün yerlisi olmayanlardı"
Bazı Ankara köyleri üzerine bir araştırma,1970,197001996.pdf,79,3.0,S3,şap,https://acikerisim.tbmm.gov.tr/handle/11543/936,"kullanılmak üzere kazma, çekiç, orak v s. nevinden zıraat aletler; ve diğer ufak tefek aletler yapar. diğer bır kışi koyde eşek semeri yapar. butun semer ısmarlayana altı liraya mal olur. lazım olan şap, deri ve ağaç gıbı malzemeyi semeri yaptıracak olan satın alır. yalnız kamışlarını semerci kor. bu adam az miktarda da ziraatla meşgul olur fakırdır, bir semer ıçın yalnız 60 kuruş el emeği alır. resim dl koy dısında da kuçukler ış hayatına ıçtır"
Bazı Ankara köyleri üzerine bir araştırma,1970,197001996.pdf,80,3.0,S4,ahır,https://acikerisim.tbmm.gov.tr/handle/11543/936,"bu zenaat ortadan kalktı bir köylü bu yıl bu ise tekrar başlamak niyetindedir. resim 42. köyde büyük rol oynıyan mandayı sahibinin yardımı ile amatör nalbantlardan bıri nallar. köyde yeni bir ev veya ahır yaptırılacağı zaman, daha ziyade vıvar köylerden usta bulup getirirler. mesela komşu y. köyünde dö” tane usta vardır. bugünlerde ağıl yaptıran bir a'le p. köyünden usta getirdi. bu adam ihtiyar olduğundan yevmiye o'arak bir lira (kayme) veril di"
Bazı Ankara köyleri üzerine bir araştırma,1970,197001996.pdf,91,3.0,S0,öküz,https://acikerisim.tbmm.gov.tr/handle/11543/936,"r resimlerde görüldüğü gibi çeşitli işlerde kullanılır. ziraatte kullanılan başlıca aletler meşhur kara saban, orak veya tırpan, düğen, tırmık, yaba, bel v.s. dir. bunların ekserisi tahta aletlerdir. öküz, manda, eşek ve nadiren beygir kuvveti ile ve vasi mikyasta insan kuvvetile tahrik edilirler. tahta aksamın bir kısmı mahalli olarak yapılır;"
Bazı Ankara köyleri üzerine bir araştırma,1970,197001996.pdf,92,3.3,S0;S2,öküz;çayır,https://acikerisim.tbmm.gov.tr/handle/11543/936,"tlerin miktarı da azalır. < : 7 » b 72 , > mr resim .9, kağnı b. köyünde bır kaç pulluk vardır. fakat hiç biçme makinesi yoktur. f. köyünde 15 kadar pulluk, 2 biçme makinesi vardır. pulluklar at veya öküzle çekiliyor. harman makineleri yoktur. biçme makinesi olanlar makinelerini kira ile olmayanlara verirler. f. köyünde olduğu gibi a. köyünde de pulluklar vardır, biçme makinesi de vardır; ve bu civardaki köylere nazaran bu bakımdan ileridir. 1. k … yünde de hemen her kesin bir pulluğu var denecek derecede çoğalmıştır. buna mukabil d, k, g, l, m. köyleri gibi şehirden daha uzak olan köylerde pulluk miktarı çok düşüktür. m. köyünde hala ekseriyet öküz veya manda ile çekilen kara sabanla çift sürer ancak 5-6 rençber beygirle çift sürebilmektedir. pultuk buraya pek yenı girmiştir. üç veya dört sene evveline kadar bir tane bile yoktu. bugün kullanılanların en küçüğü 3, en büyüğü 5 numaradır. beş … rın en küçüğü 3, en büyüğü 5 numaradır. beş numara olanı gürbüz olmak şartı ile bir çift öküz çekebilir. aksı taktirde 2 çıft öküz ancak çekebilir ki, ekseriyetle de burada böyle olmaktadır. bilhassa çayırı ve ham yeri sürmek için 2 çift öküz veya manda mutlaka lazımdır. köylü pulluğun faydalarını müdriktir. kendi ifadelerine göre, sabanla günde | 1/2 ila 2 dönüm sürülebilirken bir"
Bazı Ankara köyleri üzerine bir araştırma,1970,197001996.pdf,93,3.0,S0,öküz,https://acikerisim.tbmm.gov.tr/handle/11543/936,"bulunan y. köyündeki akrabalarından ödünç olarak yani masrafını ödemek suretiyle alınmıştır. köylerin hepsinde hayvanlar ziraatte mühim bir yer tutmaktadır. ziraatte en çok kullanılan hayvan manda ve öküzdür. zengince olanların manda ile beraber öküzü de bulunur. manda köylünün lokomotifi, motörü, veya traktörü mesabesindedir. vasati köylünün en faydalı yardımcısı bu battal hayvandır. ailelerin ekserisinin birer eşeği de bulunur. at her ailede bu"
Bazı Ankara köyleri üzerine bir araştırma,1970,197001996.pdf,96,6.6,S2;S4,saman/kesmik;ahır;tezek;tandır,https://acikerisim.tbmm.gov.tr/handle/11543/936,"arın içleri ve duvarları |. köyünde olduğu gibi beyaz kireçle sıvanmış değildir. kara toprakla sıvanmıştır. bu hal odaya kasvetli bir manzara veririr. odanın ortasında, mustatil bir çukurluk halinde «tandır» yeri görülür. bugün d. köyünde tandır sobadan ziyade kullanılan bir şeydir. fakat bu l. köyü müstesna, saydığımız diğer bütün köylerde ya çok azalmış veya büsbütün ortadan kalkmıştır. bunur yerine saçtan yapılmış ucuz, hafif, ufak sobalar geç … onun üstünde raf ve mutfak edevatı, diğer tarafnıda da hem oturma ve hem de yatak odası vazifesini gören bir oda bulunur. bu oda çok defa mutfaktan biraz daha yüksek ve tümsek olmakla tefrik edilir. ahır ha yat şekil 7. bir evin alt kat planı, şehre oldukça yakın ve zengince bir köy olan b. köyünün evleri ayni şartları.gösteren a. köyünnü evlerine benzer, m. köyündekinden mütekamildir. iki katlı evler çoktur. üst katında damı kapalı, direkler-"
Bazı Ankara köyleri üzerine bir araştırma,1970,197001996.pdf,97,3.0,S4,ahır,https://acikerisim.tbmm.gov.tr/handle/11543/936,"a yazlık şekil 8. evin üst kat planı m. köyünde evler umumiyetle iki kathdır, civardaki ormanlar eskiden daha zengin olduğundan, eski evler daha zengin bir tahta malzeme ile yapılmıştır. bazı evlerde ahır evin altındadır. kapısı ayrıdır. ahırın yanı başında bulunan bir dış merdivenle ikinci kata, yani asıl eve çıkılır. bazı evlerde hemen kapının yanında «yazlık» vardır yazlık zigah veya avlu gibi, üç tarafı kapalı, ön tarafı açık ve sokağa bakan"
Bazı Ankara köyleri üzerine bir araştırma,1970,197001996.pdf,98,9.0,S0;S4,inek;öküz;ahır,https://acikerisim.tbmm.gov.tr/handle/11543/936,"—igyazlığın etrafında çepeçevre odalar bulunur. bu odalar evvelce tarif ettüğmiz odalar tarzındadır. bu ev tipinde evin birinci kısmını teşkil eden ahırın kapısı tamamiyle ayrı, ve aşağıdadır. diğer bir ev tipinnde ise ikinci kata çıkan merdiven dahildedir. evin yalnız bir kapısı vlup girildiği zaman toprak bir avlusu vardır ki, buna «hayat» derler. burada bazı evlerde üzüm sıkıp şıra yapmaya ma … r. burada bazı evlerde üzüm sıkıp şıra yapmaya mahsus oluk «$irelik»>, geniş zahire ambarı gibi şeyler bulunur. burada tavuk, keçi gibi küçük hayvanlar geceler. içeride yan taraftaki bir kapıdan asıl ahıra girilr. burada eşek, inek, öküz gibi hayvanlar yatar. hayatta bulunan bir merdivenden yukarı kata, asıl eve çıkılır. ahırın kapısının ayrı olduğu ahval de çoktur. bu köyde kerpiçten olmayan iki büyük şehir evi «konak» vardır. bunlar zengince ol … rli yükleri, dolapları, rafları oluşu bu köyün evlerini diğer bir çok köylere üstün bir hale kor. evler burada hayıra yapıldığı zaman birin'n yazığından diğerinin «kaş»ına (dam) geçilir. bazı evlerde ahırın veya hayatın damları «yazlık» haline konrauştur, fakat üstü kapatlımamıştır. bu, evin odalarını iki kısma ayırı«. e.vde gelin, kaynana ve e't.ler varsa her birinin ayrı bir odası bulunur. bunlar orada koca.an ve çocuklariyie beraber kalırlar."
Bazı Ankara köyleri üzerine bir araştırma,1970,197001996.pdf,108,3.0,S0,öküz,https://acikerisim.tbmm.gov.tr/handle/11543/936,"— 106 — öküz helvası gibi daha birçok undan yapılan tatlı nevileri vardır. ünla muhtelif çorbalar da yapılır. hemen hergün yeniden çorba tarhanadır, yine buğdaydan yapılan bulgur halkın nazarında diğer yemeklerden ayrı bir gıda sayılır. bulgur plavı her evde"
Bazı Ankara köyleri üzerine bir araştırma,1970,197001996.pdf,109,3.0,S0,öküz,https://acikerisim.tbmm.gov.tr/handle/11543/936,"ilecek bir yemek yemek adettir. bu, orta halli aileieri için nadiren yapılan birşeydır. koyun veya kuzu adi ahvalde, hemen hiç kesilmez. ancak sonbaharda kışı çıkaramayacak kadar ihtiyar oyunlar veya öküz veya manda gibi hayvanlar da kesilir. umumiyetle ölüm halindeki hasta hayvanları da keserler. o vakit bu etleri ya kilosu yirmi veya yirmi beş kuruştan komşulara satar, yahutta tuzlayıp bir"
Bazı Ankara köyleri üzerine bir araştırma,1970,197001996.pdf,123,3.0,S0,inek,https://acikerisim.tbmm.gov.tr/handle/11543/936,"ır. burada artık yavaş yavaş ekonomik hayat doğrudan doğruya toprağa bağlı olmaktan çıkıyor. eskiden tarlaları üleşmed'kçe oğullar babalarından ayrılamazlardı. halbuki şimdi bir oğul borç ile bir iki inek alarak sütçülüğe başlıyabiliyor (bu köyde sütçülügün ehemimiyeti fazladır). böylece hem ailesini geçindirebiliyor, hem"
Bazı Ankara köyleri üzerine bir araştırma,1970,197001996.pdf,132,9.0,S0;S4,inek;öküz;ahır,https://acikerisim.tbmm.gov.tr/handle/11543/936,"azı olurlar. aksi takdirde köy halkı kendilerini ayıp:ar. kızlara ev, tarla verildiği vakidir. kız kendi hissesini satmak isterse oğlan kardeşleri mukabilinde para veya menkul eşya (ev eşyası, koyun, inek gibi) vererek onun hissesini satnı alırlar. bir delikanlı vaziyeti şöyle izah etti: «kızlar babaların evinde yer içer, otunurlar, masraf ettirirler; sonra sıvışıp kocaya giderler, halbuki ben kalır ömümün sonuna kadar çabalar dururum.» yakın bir … man, baba ölür ölmez hemen mal üleşilmediğinden erkek kardeşler birbirlerinden ayrılmaya kalkınca kızlar ıda çağırırlar. hoca, muhtar ve köyün büyükleri toplanır. kalan malları gözden geçirirler. ev, ahır, tarla, sulu (su kenarındaki tarla veya bahçe), zerzevat bahçesı, bağ, öküz, inek, davar gibi hayvanlar gözden geçirilir. bu heyet kunları oğlanlara müsavi para kıymetine tekabül edecek tarzda taksım eder. kızlara da çok defa daha az bir hisse v"
Bazı Ankara köyleri üzerine bir araştırma,1970,197001996.pdf,133,3.0,S0,öküz,https://acikerisim.tbmm.gov.tr/handle/11543/936,"n balbanın bütün malı ortaya döküldü. anbardaki umu ve ekini üleştiler. unsancak birer ölçekti (sekizer kılo), ekini üleşmek içiz kalkmasını beklediler. her birisine kırkar yarım ekin isabet etti. üç öküzü vardı, bunları üç oğluna verdiler. bunlardan #naada herbirine on üçer davar düştü, iki evi vardı, bıri bir göz oda, diğeri iki odadan ibaretti. tek odayı evl: olan bir oğluna, diğerini de evli bulunan diğer oğula, anaya ve bekar küçük oğula bır"
Bazı Ankara köyleri üzerine bir araştırma,1970,197001996.pdf,163,3.0,S0,öküz,https://acikerisim.tbmm.gov.tr/handle/11543/936,"— idi — kimseler kocası, babası ve kardeşlerinden mada dayısı, amcası, dedesi ve dedesinin kardeşleridir. ekseriyetle okuzenlnerden de kaçılmaz. fakat halamın, teyzenin kocasından kaçan da var, kaçmıyan da, bu daha ziyade kocaya bağlıdır. kocası kaçmasında ısrar ederse kaçmaya mecburdur. bunların gaynsı erkeklerden şeklen olsun kaçılır. bu köylerde esas olan monogam"
