demirbas	gazete	sayi	tarih	pdf_url	tarih_notu
NSS003072	Akşam	7204	1938-11-06	https://katalog.ibb.gov.tr/kutuphane3/sureli/00049_07204_1938M0404_186581.pdf	tahmini (katalog: 1938-04-04)
NSS003075	Akşam	7205	1938-11-07	https://katalog.ibb.gov.tr/kutuphane3/sureli/00049_07205_1938M0405_186584.pdf	tahmini (katalog: 1938-04-05)
NSS003076	Akşam	7206	1938-11-08	https://katalog.ibb.gov.tr/kutuphane3/sureli/00049_07206_1938M0406_186585.pdf	tahmini (katalog: 1938-04-06)
NSS003077	Akşam	7207	1938-11-09	https://katalog.ibb.gov.tr/kutuphane3/sureli/00049_07207_1938M0407_186586.pdf	tahmini (katalog: 1938-04-07)
NSS003081	Akşam	7208	1938-11-10	https://katalog.ibb.gov.tr/kutuphane3/sureli/00049_07208_1938M0408_186590.pdf	tahmini (katalog: 1938-04-08)
NSS003083	Akşam	7209	1938-11-11	https://katalog.ibb.gov.tr/kutuphane3/sureli/00049_07209_1938M0409_186592.pdf	tahmini (katalog: 1938-04-09)
NSS003085	Akşam	7210	1938-11-12	https://katalog.ibb.gov.tr/kutuphane3/sureli/00049_07210_1938M0410_186594.pdf	tahmini (katalog: 1938-04-10)
NSS003086	Akşam	7211	1938-11-13	https://katalog.ibb.gov.tr/kutuphane3/sureli/00049_07211_1938M0411_186595.pdf	tahmini (katalog: 1938-04-11)
NSS003089	Akşam	7212	1938-11-14	https://katalog.ibb.gov.tr/kutuphane3/sureli/00049_07212_1938M0412_186598.pdf	tahmini (katalog: 1938-04-12)
NSS003091	Akşam	7213	1938-11-15	https://katalog.ibb.gov.tr/kutuphane3/sureli/00049_07213_1938M0413_186600.pdf	tahmini (katalog: 1938-04-13)
NSS003094	Akşam	7214	1938-11-16	https://katalog.ibb.gov.tr/kutuphane3/sureli/00049_07214_1938M0414_186603.pdf	tahmini (katalog: 1938-04-14)
NSS003097	Akşam	7215	1938-11-17	https://katalog.ibb.gov.tr/kutuphane3/sureli/00049_07215_1938M0415_186606.pdf	tahmini (katalog: 1938-04-15)
NSS003098	Akşam	7216	1938-11-18	https://katalog.ibb.gov.tr/kutuphane3/sureli/00049_07216_1938M0416_186607.pdf	tahmini (katalog: 1938-04-16)
NSS003103	Akşam	7217	1938-11-19	https://katalog.ibb.gov.tr/kutuphane3/sureli/00049_07217_1938M0417_186612.pdf	tahmini (katalog: 1938-04-17)
NSS003106	Akşam	7218	1938-11-20	https://katalog.ibb.gov.tr/kutuphane3/sureli/00049_07218_1938M0418_186615.pdf	tahmini (katalog: 1938-04-18)
NSS003107	Akşam	7219	1938-11-21	https://katalog.ibb.gov.tr/kutuphane3/sureli/00049_07219_1938M0419_186616.pdf	tahmini (katalog: 1938-04-19)
NSS003108	Akşam	7220	1938-11-22	https://katalog.ibb.gov.tr/kutuphane3/sureli/00049_07220_1938M0420_186617.pdf	tahmini (katalog: 1938-04-20)
NSS003110	Akşam	7221	1938-11-23	https://katalog.ibb.gov.tr/kutuphane3/sureli/00049_07221_1938M0421_186619.pdf	tahmini (katalog: 1938-04-21)
NSS003111	Akşam	7222	1938-11-24	https://katalog.ibb.gov.tr/kutuphane3/sureli/00049_07222_1938M0422_186620.pdf	tahmini (katalog: 1938-04-22)
NSS003112	Akşam	7223	1938-11-25	https://katalog.ibb.gov.tr/kutuphane3/sureli/00049_07223_1938M0425_186621.pdf	tahmini (katalog: 1938-04-25)
NSS003114	Akşam	7224	1938-11-26	https://katalog.ibb.gov.tr/kutuphane3/sureli/00049_07224_1938M0426_186623.pdf	tahmini (katalog: 1938-04-26)
NSS003124	Akşam	7225	1938-11-27	https://katalog.ibb.gov.tr/kutuphane3/sureli/00049_07225_1938M0427_186633.pdf	tahmini (katalog: 1938-04-27)
NSS003126	Akşam	7226	1938-11-28	https://katalog.ibb.gov.tr/kutuphane3/sureli/00049_07226_1938M0428_186635.pdf	tahmini (katalog: 1938-04-28)
NSS003128	Akşam	7227	1938-11-29	https://katalog.ibb.gov.tr/kutuphane3/sureli/00049_07227_1938M0429_186637.pdf	tahmini (katalog: 1938-04-29)
NSS003130	Akşam	7228	1938-11-30	https://katalog.ibb.gov.tr/kutuphane3/sureli/00049_07228_1938M0430_186639.pdf	tahmini (katalog: 1938-04-30)
NSS003133	Akşam	7229	1938-12-01	https://katalog.ibb.gov.tr/kutuphane3/sureli/00049_07229_1938M1201_186642.pdf	
NSS003135	Akşam	7230	1938-12-02	https://katalog.ibb.gov.tr/kutuphane3/sureli/00049_07230_1938M1202_186644.pdf	
NSS003156	Akşam	7231	1938-12-03	https://katalog.ibb.gov.tr/kutuphane3/sureli/00049_07231_1938M1203_186665.pdf	
NSS003157	Akşam	7232	1938-12-04	https://katalog.ibb.gov.tr/kutuphane3/sureli/00049_07232_1938M1204_186666.pdf	
NSS003159	Akşam	7233	1938-12-05	https://katalog.ibb.gov.tr/kutuphane3/sureli/00049_07233_1938M1205_186668.pdf	
NSS003160	Akşam	7234	1938-12-06	https://katalog.ibb.gov.tr/kutuphane3/sureli/00049_07234_1938M1206_186669.pdf	
NSS003161	Akşam	7235	1938-12-07	https://katalog.ibb.gov.tr/kutuphane3/sureli/00049_07235_1938M1207_186670.pdf	
NSS003162	Akşam	7236	1938-12-08	https://katalog.ibb.gov.tr/kutuphane3/sureli/00049_07236_1938M1208_186671.pdf	
NSS003164	Akşam	7237	1938-12-09	https://katalog.ibb.gov.tr/kutuphane3/sureli/00049_07237_1938M1209_186673.pdf	
NSS003166	Akşam	7238	1938-12-10	https://katalog.ibb.gov.tr/kutuphane3/sureli/00049_07238_1938M1210_186675.pdf	
NSS003167	Akşam	7239	1938-12-11	https://katalog.ibb.gov.tr/kutuphane3/sureli/00049_07239_1938M1211_186676.pdf	
NSS003169	Akşam	7240	1938-12-12	https://katalog.ibb.gov.tr/kutuphane3/sureli/00049_07240_1938M1212_186678.pdf	
NSS003171	Akşam	7241	1938-12-13	https://katalog.ibb.gov.tr/kutuphane3/sureli/00049_07241_1938M1213_186680.pdf	
NSS003172	Akşam	7242	1938-12-14	https://katalog.ibb.gov.tr/kutuphane3/sureli/00049_07242_1938M1214_186681.pdf	
NSS003174	Akşam	7243	1938-12-15	https://katalog.ibb.gov.tr/kutuphane3/sureli/00049_07243_1938M1215_186683.pdf	
NSS003176	Akşam	7244	1938-12-16	https://katalog.ibb.gov.tr/kutuphane3/sureli/00049_07244_1938M1216_186685.pdf	
NSS003188	Akşam	7245	1938-12-17	https://katalog.ibb.gov.tr/kutuphane3/sureli/00049_07245_1938M1217_186697.pdf	
NSS003191	Akşam	7246	1938-12-18	https://katalog.ibb.gov.tr/kutuphane3/sureli/00049_07246_1938M1218_186700.pdf	
NSS003252	Akşam	7247	1938-12-19	https://katalog.ibb.gov.tr/kutuphane3/sureli/00049_07247_1938M1219_186764.pdf	
NSS003253	Akşam	7248	1938-12-20	https://katalog.ibb.gov.tr/kutuphane3/sureli/00049_07248_1938M1220_186765.pdf	
NSS003254	Akşam	7249	1938-12-21	https://katalog.ibb.gov.tr/kutuphane3/sureli/00049_07249_1938M1221_186766.pdf	
NSS003256	Akşam	7250	1938-12-22	https://katalog.ibb.gov.tr/kutuphane3/sureli/00049_07250_1938M1222_186768.pdf	
NSS003257	Akşam	7251	1938-12-23	https://katalog.ibb.gov.tr/kutuphane3/sureli/00049_07251_1938M1223_186769.pdf	
NSS003258	Akşam	7252	1938-12-24	https://katalog.ibb.gov.tr/kutuphane3/sureli/00049_07252_1938M1224_186770.pdf	
NSS003260	Akşam	7253	1938-12-25	https://katalog.ibb.gov.tr/kutuphane3/sureli/00049_07253_1938M1225_186772.pdf	
NSS003277	Akşam	7254	1938-12-26	https://katalog.ibb.gov.tr/kutuphane3/sureli/00049_07254_1938M1226_186789.pdf	
NSS003281	Akşam	7255	1938-12-27	https://katalog.ibb.gov.tr/kutuphane3/sureli/00049_07255_1938M1227_186793.pdf	
NSS003284	Akşam	7256	1938-12-28	https://katalog.ibb.gov.tr/kutuphane3/sureli/00049_07256_1938M1228_186796.pdf	
NSS003287	Akşam	7257	1938-12-29	https://katalog.ibb.gov.tr/kutuphane3/sureli/00049_07257_1938M1229_186799.pdf	
NSS003290	Akşam	7258	1938-12-30	https://katalog.ibb.gov.tr/kutuphane3/sureli/00049_07258_1938M1230_186802.pdf	
NSS003292	Akşam	7259	1938-12-31	https://katalog.ibb.gov.tr/kutuphane3/sureli/00049_07259_1938M1231_186804.pdf	
NSS003155	Akşam	7260	1939-01-01	https://katalog.ibb.gov.tr/kutuphane3/sureli/00049_07260_1939M0101_186664.pdf	
NSS003163	Akşam	7261	1939-01-02	https://katalog.ibb.gov.tr/kutuphane3/sureli/00049_07261_1939M0102_186672.pdf	
NSS003165	Akşam	7262	1939-01-03	https://katalog.ibb.gov.tr/kutuphane3/sureli/00049_07262_1939M0103_186674.pdf	
NSS003168	Akşam	7263	1939-01-04	https://katalog.ibb.gov.tr/kutuphane3/sureli/00049_07263_1939M0104_186677.pdf	
NSS003170	Akşam	7264	1939-01-05	https://katalog.ibb.gov.tr/kutuphane3/sureli/00049_07264_1939M0105_186679.pdf	
NSS003173	Akşam	7265	1939-01-06	https://katalog.ibb.gov.tr/kutuphane3/sureli/00049_07265_1939M0106_186682.pdf	
NSS003175	Akşam	7266	1939-01-07	https://katalog.ibb.gov.tr/kutuphane3/sureli/00049_07266_1939M0107_186684.pdf	
NSS003178	Akşam	7267	1939-01-08	https://katalog.ibb.gov.tr/kutuphane3/sureli/00049_07267_1939M0108_186687.pdf	
NSS003180	Akşam	7268	1939-01-09	https://katalog.ibb.gov.tr/kutuphane3/sureli/00049_07268_1939M0109_186689.pdf	
NSS003182	Akşam	7269	1939-01-10	https://katalog.ibb.gov.tr/kutuphane3/sureli/00049_07269_1939M0110_186691.pdf	
NSS003184	Akşam	7270	1939-01-11	https://katalog.ibb.gov.tr/kutuphane3/sureli/00049_07270_1939M0111_186693.pdf	
NSS003189	Akşam	7271	1939-01-12	https://katalog.ibb.gov.tr/kutuphane3/sureli/00049_07271_1939M0112_186698.pdf	
NSS003192	Akşam	7272	1939-01-13	https://katalog.ibb.gov.tr/kutuphane3/sureli/00049_07272_1939M0113_186701.pdf	
NSS003194	Akşam	7273	1939-01-14	https://katalog.ibb.gov.tr/kutuphane3/sureli/00049_07273_1939M0114_186703.pdf	
NSS003195	Akşam	7274	1939-01-15	https://katalog.ibb.gov.tr/kutuphane3/sureli/00049_07274_1939M0115_186704.pdf	
NSS003197	Akşam	7275	1939-01-16	https://katalog.ibb.gov.tr/kutuphane3/sureli/00049_07275_1939M0116_186706.pdf	
NSS003198	Akşam	7276	1939-01-17	https://katalog.ibb.gov.tr/kutuphane3/sureli/00049_07276_1939M0117_186707.pdf	
NSS003201	Akşam	7277	1939-01-18	https://katalog.ibb.gov.tr/kutuphane3/sureli/00049_07277_1939M0118_186710.pdf	
NSS003202	Akşam	7278	1939-01-19	https://katalog.ibb.gov.tr/kutuphane3/sureli/00049_07278_1939M0119_186711.pdf	
NSS003203	Akşam	7279	1939-01-20	https://katalog.ibb.gov.tr/kutuphane3/sureli/00049_07279_1939M0120_186712.pdf	
NSS003205	Akşam	7280	1939-01-21	https://katalog.ibb.gov.tr/kutuphane3/sureli/00049_07280_1939M0121_186714.pdf	
NSS003207	Akşam	7281	1939-01-22	https://katalog.ibb.gov.tr/kutuphane3/sureli/00049_07281_1939M0122_186716.pdf	
NSS003208	Akşam	7282	1939-01-23	https://katalog.ibb.gov.tr/kutuphane3/sureli/00049_07282_1939M0123_186717.pdf	
NSS003209	Akşam	7283	1939-01-24	https://katalog.ibb.gov.tr/kutuphane3/sureli/00049_07283_1939M0124_186718.pdf	
NSS003210	Akşam	7284	1939-01-25	https://katalog.ibb.gov.tr/kutuphane3/sureli/00049_07284_1939M0125_186719.pdf	
NSS003211	Akşam	7285	1939-01-26	https://katalog.ibb.gov.tr/kutuphane3/sureli/00049_07285_1939M0126_186720.pdf	
NSS003212	Akşam	7286	1939-01-27	https://katalog.ibb.gov.tr/kutuphane3/sureli/00049_07286_1939M0127_186721.pdf	
NSS003213	Akşam	7287	1939-01-28	https://katalog.ibb.gov.tr/kutuphane3/sureli/00049_07287_1939M0128_186722.pdf	
NSS003214	Akşam	7288	1939-01-29	https://katalog.ibb.gov.tr/kutuphane3/sureli/00049_07288_1939M0129_186723.pdf	
NSS003215	Akşam	7289	1939-01-30	https://katalog.ibb.gov.tr/kutuphane3/sureli/00049_07289_1939M0130_186724.pdf	
NSS003216	Akşam	7290	1939-02-03	https://katalog.ibb.gov.tr/kutuphane3/sureli/00049_07290_1939M0203_186725.pdf	
NSS003218	Akşam	7291	1939-02-04	https://katalog.ibb.gov.tr/kutuphane3/sureli/00049_07291_1939M0204_186727.pdf	
NSS003220	Akşam	7292	1939-02-05	https://katalog.ibb.gov.tr/kutuphane3/sureli/00049_07292_1939M0205_186729.pdf	
NSS003223	Akşam	7293	1939-02-06	https://katalog.ibb.gov.tr/kutuphane3/sureli/00049_07293_1939M0206_186732.pdf	
NSS003224	Akşam	7294	1939-02-07	https://katalog.ibb.gov.tr/kutuphane3/sureli/00049_07294_1939M0207_186733.pdf	
NSS003225	Akşam	7295	1939-02-08	https://katalog.ibb.gov.tr/kutuphane3/sureli/00049_07295_1939M0208_186734.pdf	
NSS003226	Akşam	7296	1939-02-09	https://katalog.ibb.gov.tr/kutuphane3/sureli/00049_07296_1939M0209_186735.pdf	
NSS003228	Akşam	7297	1939-02-10	https://katalog.ibb.gov.tr/kutuphane3/sureli/00049_07297_1939M0210_186737.pdf	
NSS003229	Akşam	7298	1939-02-11	https://katalog.ibb.gov.tr/kutuphane3/sureli/00049_07298_1939M0211_186739.pdf	
NSS003230	Akşam	7299	1939-02-12	https://katalog.ibb.gov.tr/kutuphane3/sureli/00049_07299_1939M0212_186740.pdf	
NSS003233	Akşam	7300	1939-02-13	https://katalog.ibb.gov.tr/kutuphane3/sureli/00049_07300_1939M0213_186745.pdf	
NSS003235	Akşam	7301	1939-02-14	https://katalog.ibb.gov.tr/kutuphane3/sureli/00049_07301_1939M0214_186747.pdf	
NSS003236	Akşam	7302	1939-02-15	https://katalog.ibb.gov.tr/kutuphane3/sureli/00049_07302_1939M0215_186748.pdf	
NSS003237	Akşam	7303	1939-02-16	https://katalog.ibb.gov.tr/kutuphane3/sureli/00049_07303_1939M0216_186749.pdf	
NSS003238	Akşam	7304	1939-02-17	https://katalog.ibb.gov.tr/kutuphane3/sureli/00049_07304_1939M0217_186750.pdf	
NSS003239	Akşam	7305	1939-02-18	https://katalog.ibb.gov.tr/kutuphane3/sureli/00049_07305_1939M0218_186751.pdf	
NSS003241	Akşam	7306	1939-02-19	https://katalog.ibb.gov.tr/kutuphane3/sureli/00049_07306_1939M0219_186753.pdf	
NSS003243	Akşam	7307	1939-02-20	https://katalog.ibb.gov.tr/kutuphane3/sureli/00049_07307_1939M0220_186755.pdf	
NSS003244	Akşam	7308	1939-02-21	https://katalog.ibb.gov.tr/kutuphane3/sureli/00049_07308_1939M0221_186756.pdf	
NSS003245	Akşam	7309	1939-02-22	https://katalog.ibb.gov.tr/kutuphane3/sureli/00049_07309_1939M0222_186757.pdf	
NSS003246	Akşam	7310	1939-02-23	https://katalog.ibb.gov.tr/kutuphane3/sureli/00049_07310_1939M0223_186758.pdf	
NSS003247	Akşam	7311	1939-02-24	https://katalog.ibb.gov.tr/kutuphane3/sureli/00049_07311_1939M0224_186759.pdf	
NSS003248	Akşam	7312	1939-02-25	https://katalog.ibb.gov.tr/kutuphane3/sureli/00049_07312_1939M0225_186760.pdf	
NSS003249	Akşam	7313	1939-02-26	https://katalog.ibb.gov.tr/kutuphane3/sureli/00049_07313_1939M0226_186761.pdf	
NSS003250	Akşam	7314	1939-02-27	https://katalog.ibb.gov.tr/kutuphane3/sureli/00049_07314_1939M0227_186762.pdf	
NSS003251	Akşam	7315	1939-02-28	https://katalog.ibb.gov.tr/kutuphane3/sureli/00049_07315_1939M0228_186763.pdf	
NSS003259	Akşam	7316	1939-03-01	https://katalog.ibb.gov.tr/kutuphane3/sureli/00049_07316_1939M0301_186771.pdf	
NSS003261	Akşam	7317	1939-03-02	https://katalog.ibb.gov.tr/kutuphane3/sureli/00049_07317_1939M0302_186773.pdf	
NSS003263	Akşam	7318	1939-03-03	https://katalog.ibb.gov.tr/kutuphane3/sureli/00049_07318_1939M0303_186775.pdf	
NSS003264	Akşam	7319	1939-03-04	https://katalog.ibb.gov.tr/kutuphane3/sureli/00049_07319_1939M0304_186776.pdf	
NSS003265	Akşam	7320	1939-03-05	https://katalog.ibb.gov.tr/kutuphane3/sureli/00049_07320_1939M0305_186777.pdf	
NSS003267	Akşam	7321	1939-03-06	https://katalog.ibb.gov.tr/kutuphane3/sureli/00049_07321_1939M0306_186779.pdf	
NSS003269	Akşam	7322	1939-03-07	https://katalog.ibb.gov.tr/kutuphane3/sureli/00049_07322_1939M0307_186781.pdf	
NSS003271	Akşam	7323	1939-03-08	https://katalog.ibb.gov.tr/kutuphane3/sureli/00049_07323_1939M0308_186783.pdf	
NSS003273	Akşam	7324	1939-03-09	https://katalog.ibb.gov.tr/kutuphane3/sureli/00049_07324_1939M0309_186785.pdf	
NSS003275	Akşam	7325	1939-03-10	https://katalog.ibb.gov.tr/kutuphane3/sureli/00049_07325_1939M0310_186787.pdf	
NSS003276	Akşam	7326	1939-03-11	https://katalog.ibb.gov.tr/kutuphane3/sureli/00049_07326_1939M0311_186788.pdf	
NSS015131	Cumhuriyet	1700	1929-01-30	https://katalog.ibb.gov.tr/kutuphane3/sureli/00336_01700_1929M0130_181039.pdf	
NSS015132	Cumhuriyet	1701	1929-01-31	https://katalog.ibb.gov.tr/kutuphane3/sureli/00336_01701_1929M0131_181040.pdf	
NSS015133	Cumhuriyet	1702	1929-02-01	https://katalog.ibb.gov.tr/kutuphane3/sureli/00336_01702_1929M0201_181041.pdf	
NSS015134	Cumhuriyet	1703	1929-02-02	https://katalog.ibb.gov.tr/kutuphane3/sureli/00336_01703_1929M0202_181042.pdf	
NSS015135	Cumhuriyet	1704	1929-02-03	https://katalog.ibb.gov.tr/kutuphane3/sureli/00336_01704_1929M0203_181043.pdf	
NSS015136	Cumhuriyet	1705	1929-02-04	https://katalog.ibb.gov.tr/kutuphane3/sureli/00336_01705_1929M0204_181044.pdf	
NSS015137	Cumhuriyet	1706	1929-02-05	https://katalog.ibb.gov.tr/kutuphane3/sureli/00336_01706_1929M0205_181045.pdf	
NSS015138	Cumhuriyet	1707	1929-02-06	https://katalog.ibb.gov.tr/kutuphane3/sureli/00336_01707_1929M0206_181046.pdf	
NSS015139	Cumhuriyet	1708	1929-02-07	https://katalog.ibb.gov.tr/kutuphane3/sureli/00336_01708_1929M0207_181047.pdf	
NSS015140	Cumhuriyet	1709	1929-02-08	https://katalog.ibb.gov.tr/kutuphane3/sureli/00336_01709_1929M0208_181048.pdf	
NSS015141	Cumhuriyet	1710	1929-02-09	https://katalog.ibb.gov.tr/kutuphane3/sureli/00336_01710_1929M0209_181049.pdf	
NSS015142	Cumhuriyet	1711	1929-02-10	https://katalog.ibb.gov.tr/kutuphane3/sureli/00336_01711_1929M0210_181050.pdf	
NSS015143	Cumhuriyet	1712	1929-02-11	https://katalog.ibb.gov.tr/kutuphane3/sureli/00336_01712_1929M0211_181051.pdf	
NSS015144	Cumhuriyet	1713	1929-02-12	https://katalog.ibb.gov.tr/kutuphane3/sureli/00336_01713_1929M0212_181052.pdf	
NSS015145	Cumhuriyet	1714	1929-02-13	https://katalog.ibb.gov.tr/kutuphane3/sureli/00336_01714_1929M0213_181053.pdf	
NSS015146	Cumhuriyet	1715	1929-02-14	https://katalog.ibb.gov.tr/kutuphane3/sureli/00336_01715_1929M0214_181054.pdf	
NSS015147	Cumhuriyet	1716	1929-02-15	https://katalog.ibb.gov.tr/kutuphane3/sureli/00336_01716_1929M0215_181055.pdf	
NSS015148	Cumhuriyet	1717	1929-02-16	https://katalog.ibb.gov.tr/kutuphane3/sureli/00336_01717_1929M0216_181056.pdf	
NSS015149	Cumhuriyet	1718	1929-02-17	https://katalog.ibb.gov.tr/kutuphane3/sureli/00336_01718_1929M0217_181057.pdf	
NSS015150	Cumhuriyet	1719	1929-02-18	https://katalog.ibb.gov.tr/kutuphane3/sureli/00336_01719_1929M0218_181058.pdf	
NSS015151	Cumhuriyet	1720	1929-02-19	https://katalog.ibb.gov.tr/kutuphane3/sureli/00336_01720_1929M0219_181059.pdf	
NSS015152	Cumhuriyet	1721	1929-02-20	https://katalog.ibb.gov.tr/kutuphane3/sureli/00336_01721_1929M0220_181060.pdf	
NSS015153	Cumhuriyet	1722	1929-02-21	https://katalog.ibb.gov.tr/kutuphane3/sureli/00336_01722_1929M0221_181061.pdf	
NSS015154	Cumhuriyet	1723	1929-02-22	https://katalog.ibb.gov.tr/kutuphane3/sureli/00336_01723_1929M0222_181062.pdf	
NSS015155	Cumhuriyet	1724	1929-02-23	https://katalog.ibb.gov.tr/kutuphane3/sureli/00336_01724_1929M0223_181063.pdf	
NSS015156	Cumhuriyet	1725	1929-02-24	https://katalog.ibb.gov.tr/kutuphane3/sureli/00336_01725_1929M0224_181064.pdf	
NSS015157	Cumhuriyet	1726	1929-02-25	https://katalog.ibb.gov.tr/kutuphane3/sureli/00336_01726_1929M0225_181065.pdf	
NSS015158	Cumhuriyet	1727	1929-02-26	https://katalog.ibb.gov.tr/kutuphane3/sureli/00336_01727_1929M0226_181066.pdf	
NSS015159	Cumhuriyet	1728	1929-02-27	https://katalog.ibb.gov.tr/kutuphane3/sureli/00336_01728_1929M0227_181067.pdf	
NSS015160	Cumhuriyet	1729	1929-02-28	https://katalog.ibb.gov.tr/kutuphane3/sureli/00336_01729_1929M0228_181068.pdf	
NSS015161	Cumhuriyet	1730	1929-03-01	https://katalog.ibb.gov.tr/kutuphane3/sureli/00336_01730_1929M0301_181069.pdf	
NSS015162	Cumhuriyet	1731	1929-03-02	https://katalog.ibb.gov.tr/kutuphane3/sureli/00336_01731_1929M0302_181070.pdf	
NSS015163	Cumhuriyet	1732	1929-03-03	https://katalog.ibb.gov.tr/kutuphane3/sureli/00336_01732_1929M0303_181071.pdf	
NSS015164	Cumhuriyet	1733	1929-03-04	https://katalog.ibb.gov.tr/kutuphane3/sureli/00336_01733_1929M0304_181072.pdf	
NSS015165	Cumhuriyet	1734	1929-03-05	https://katalog.ibb.gov.tr/kutuphane3/sureli/00336_01734_1929M0305_181073.pdf	
NSS015166	Cumhuriyet	1735	1929-03-06	https://katalog.ibb.gov.tr/kutuphane3/sureli/00336_01735_1929M0306_181074.pdf	
NSS015167	Cumhuriyet	1736	1929-03-07	https://katalog.ibb.gov.tr/kutuphane3/sureli/00336_01736_1929M0307_181075.pdf	
NSS015168	Cumhuriyet	1737	1929-03-08	https://katalog.ibb.gov.tr/kutuphane3/sureli/00336_01737_1929M0308_181076.pdf	
NSS015169	Cumhuriyet	1738	1929-03-09	https://katalog.ibb.gov.tr/kutuphane3/sureli/00336_01738_1929M0309_181077.pdf	
NSS015170	Cumhuriyet	1739	1929-03-10	https://katalog.ibb.gov.tr/kutuphane3/sureli/00336_01739_1929M0310_181078.pdf	
NSS015171	Cumhuriyet	1740	1929-03-11	https://katalog.ibb.gov.tr/kutuphane3/sureli/00336_01740_1929M0311_181079.pdf	
NSS015172	Cumhuriyet	1741	1929-03-12	https://katalog.ibb.gov.tr/kutuphane3/sureli/00336_01741_1929M0312_181080.pdf	
NSS015173	Cumhuriyet	1742	1929-03-13	https://katalog.ibb.gov.tr/kutuphane3/sureli/00336_01742_1929M0313_181081.pdf	
NSS015174	Cumhuriyet	1743	1929-03-16	https://katalog.ibb.gov.tr/kutuphane3/sureli/00336_01743_1929M0316_181082.pdf	
NSS015175	Cumhuriyet	1744	1929-03-17	https://katalog.ibb.gov.tr/kutuphane3/sureli/00336_01744_1929M0317_181083.pdf	
NSS015176	Cumhuriyet	1745	1929-03-18	https://katalog.ibb.gov.tr/kutuphane3/sureli/00336_01745_1929M0318_181084.pdf	
NSS015177	Cumhuriyet	1746	1929-03-19	https://katalog.ibb.gov.tr/kutuphane3/sureli/00336_01746_1929M0319_181085.pdf	
NSS015178	Cumhuriyet	1747	1929-03-20	https://katalog.ibb.gov.tr/kutuphane3/sureli/00336_01747_1929M0320_181086.pdf	
NSS015179	Cumhuriyet	1748	1929-03-21	https://katalog.ibb.gov.tr/kutuphane3/sureli/00336_01748_1929M0321_181087.pdf	
NSS015180	Cumhuriyet	1749	1929-03-22	https://katalog.ibb.gov.tr/kutuphane3/sureli/00336_01749_1929M0322_181088.pdf	
NSS015181	Cumhuriyet	1750	1929-03-23	https://katalog.ibb.gov.tr/kutuphane3/sureli/00336_01750_1929M0323_181089.pdf	
NSS015182	Cumhuriyet	1751	1929-03-24	https://katalog.ibb.gov.tr/kutuphane3/sureli/00336_01751_1929M0324_181090.pdf	
NSS015183	Cumhuriyet	1752	1929-03-25	https://katalog.ibb.gov.tr/kutuphane3/sureli/00336_01752_1929M0325_181091.pdf	
NSS015184	Cumhuriyet	1753	1929-03-26	https://katalog.ibb.gov.tr/kutuphane3/sureli/00336_01753_1929M0326_181092.pdf	
NSS015185	Cumhuriyet	1754	1929-03-27	https://katalog.ibb.gov.tr/kutuphane3/sureli/00336_01754_1929M0327_181093.pdf	
NSS015186	Cumhuriyet	1755	1929-03-28	https://katalog.ibb.gov.tr/kutuphane3/sureli/00336_01755_1929M0328_181094.pdf	
NSS015187	Cumhuriyet	1756	1929-03-29	https://katalog.ibb.gov.tr/kutuphane3/sureli/00336_01756_1929M0329_181095.pdf	
NSS015188	Cumhuriyet	1757	1929-03-30	https://katalog.ibb.gov.tr/kutuphane3/sureli/00336_01757_1929M0330_181096.pdf	
NSS015189	Cumhuriyet	1758	1929-03-31	https://katalog.ibb.gov.tr/kutuphane3/sureli/00336_01758_1929M0331_181097.pdf	
NSS018591	Cumhuriyet	1759	1929-04-01	https://katalog.ibb.gov.tr/kutuphane3/sureli/00336_01759_1929M0401_185043.pdf	
NSS018592	Cumhuriyet	1760	1929-04-02	https://katalog.ibb.gov.tr/kutuphane3/sureli/00336_01760_1929M0402_185050.pdf	
NSS018593	Cumhuriyet	1761	1929-04-03	https://katalog.ibb.gov.tr/kutuphane3/sureli/00336_01761_1929M0403_185051.pdf	
NSS018594	Cumhuriyet	1762	1929-04-04	https://katalog.ibb.gov.tr/kutuphane3/sureli/00336_01762_1929M0404_185052.pdf	
NSS015462	Cumhuriyet	2119	1930-03-31	https://katalog.ibb.gov.tr/kutuphane3/sureli/00336_02119_1930M0331_181371.pdf	
NSS015463	Cumhuriyet	2120	1930-04-01	https://katalog.ibb.gov.tr/kutuphane3/sureli/00336_02120_1930M0401_181372.pdf	
NSS015464	Cumhuriyet	2121	1930-04-02	https://katalog.ibb.gov.tr/kutuphane3/sureli/00336_02121_1930M0402_181373.pdf	
NSS015465	Cumhuriyet	2122	1930-04-03	https://katalog.ibb.gov.tr/kutuphane3/sureli/00336_02122_1930M0403_181374.pdf	
NSS015466	Cumhuriyet	2123	1930-04-04	https://katalog.ibb.gov.tr/kutuphane3/sureli/00336_02123_1930M0404_181375.pdf	
NSS015467	Cumhuriyet	2124	1930-04-05	https://katalog.ibb.gov.tr/kutuphane3/sureli/00336_02124_1930M0405_181376.pdf	
NSS015468	Cumhuriyet	2125	1930-04-06	https://katalog.ibb.gov.tr/kutuphane3/sureli/00336_02125_1930M0406_181377.pdf	
NSS015469	Cumhuriyet	2126	1930-04-07	https://katalog.ibb.gov.tr/kutuphane3/sureli/00336_02126_1930M0407_181378.pdf	
NSS015470	Cumhuriyet	2127	1930-04-08	https://katalog.ibb.gov.tr/kutuphane3/sureli/00336_02127_1930M0408_181379.pdf	
NSS015471	Cumhuriyet	2128	1930-04-09	https://katalog.ibb.gov.tr/kutuphane3/sureli/00336_02128_1930M0409_181380.pdf	
NSS015472	Cumhuriyet	2129	1930-04-10	https://katalog.ibb.gov.tr/kutuphane3/sureli/00336_02129_1930M0410_181381.pdf	
NSS015473	Cumhuriyet	2130	1930-04-11	https://katalog.ibb.gov.tr/kutuphane3/sureli/00336_02130_1930M0411_181382.pdf	
NSS015474	Cumhuriyet	2131	1930-04-12	https://katalog.ibb.gov.tr/kutuphane3/sureli/00336_02131_1930M0412_181383.pdf	
NSS015475	Cumhuriyet	2132	1930-04-13	https://katalog.ibb.gov.tr/kutuphane3/sureli/00336_02132_1930M0413_181384.pdf	
NSS015476	Cumhuriyet	2133	1930-04-14	https://katalog.ibb.gov.tr/kutuphane3/sureli/00336_02133_1930M0414_181385.pdf	
NSS015477	Cumhuriyet	2134	1930-04-15	https://katalog.ibb.gov.tr/kutuphane3/sureli/00336_02134_1930M0415_181386.pdf	
NSS015478	Cumhuriyet	2135	1930-04-16	https://katalog.ibb.gov.tr/kutuphane3/sureli/00336_02135_1930M0416_181387.pdf	
NSS015479	Cumhuriyet	2136	1930-04-17	https://katalog.ibb.gov.tr/kutuphane3/sureli/00336_02136_1930M0417_181388.pdf	
NSS015480	Cumhuriyet	2137	1930-04-18	https://katalog.ibb.gov.tr/kutuphane3/sureli/00336_02137_1930M0418_181389.pdf	
NSS015481	Cumhuriyet	2138	1930-04-19	https://katalog.ibb.gov.tr/kutuphane3/sureli/00336_02138_1930M0419_181390.pdf	
NSS015482	Cumhuriyet	2139	1930-04-20	https://katalog.ibb.gov.tr/kutuphane3/sureli/00336_02139_1930M0420_181391.pdf	
NSS015483	Cumhuriyet	2140	1930-04-21	https://katalog.ibb.gov.tr/kutuphane3/sureli/00336_02140_1930M0421_181392.pdf	
NSS015484	Cumhuriyet	2141	1930-04-22	https://katalog.ibb.gov.tr/kutuphane3/sureli/00336_02141_1930M0422_181393.pdf	
NSS015485	Cumhuriyet	2142	1930-04-23	https://katalog.ibb.gov.tr/kutuphane3/sureli/00336_02142_1930M0423_181394.pdf	
NSS015486	Cumhuriyet	2143	1930-04-24	https://katalog.ibb.gov.tr/kutuphane3/sureli/00336_02143_1930M0424_181395.pdf	
NSS015487	Cumhuriyet	2144	1930-04-25	https://katalog.ibb.gov.tr/kutuphane3/sureli/00336_02144_1930M0425_181396.pdf	
NSS015488	Cumhuriyet	2145	1930-04-26	https://katalog.ibb.gov.tr/kutuphane3/sureli/00336_02145_1930M0426_181397.pdf	
NSS015489	Cumhuriyet	2146	1930-04-27	https://katalog.ibb.gov.tr/kutuphane3/sureli/00336_02146_1930M0427_181398.pdf	
NSS015490	Cumhuriyet	2147	1930-04-28	https://katalog.ibb.gov.tr/kutuphane3/sureli/00336_02147_1930M0428_181399.pdf	
NSS015491	Cumhuriyet	2148	1930-04-29	https://katalog.ibb.gov.tr/kutuphane3/sureli/00336_02148_1930M0429_181400.pdf	
NSS015492	Cumhuriyet	2149	1930-04-30	https://katalog.ibb.gov.tr/kutuphane3/sureli/00336_02149_1930M0430_181401.pdf	
NSS015493	Cumhuriyet	2150	1930-05-01	https://katalog.ibb.gov.tr/kutuphane3/sureli/00336_02150_1930M0501_181402.pdf	
NSS015494	Cumhuriyet	2151	1930-05-02	https://katalog.ibb.gov.tr/kutuphane3/sureli/00336_02151_1930M0502_181403.pdf	
NSS015495	Cumhuriyet	2152	1930-05-03	https://katalog.ibb.gov.tr/kutuphane3/sureli/00336_02152_1930M0503_181404.pdf	
NSS015496	Cumhuriyet	2153	1930-05-04	https://katalog.ibb.gov.tr/kutuphane3/sureli/00336_02153_1930M0504_181405.pdf	
NSS015497	Cumhuriyet	2154	1930-05-05	https://katalog.ibb.gov.tr/kutuphane3/sureli/00336_02154_1930M0505_181406.pdf	
NSS015498	Cumhuriyet	2155	1930-05-06	https://katalog.ibb.gov.tr/kutuphane3/sureli/00336_02155_1930M0506_181407.pdf	
NSS015499	Cumhuriyet	2156	1930-05-07	https://katalog.ibb.gov.tr/kutuphane3/sureli/00336_02156_1930M0507_181408.pdf	
NSS015500	Cumhuriyet	2157	1930-05-08	https://katalog.ibb.gov.tr/kutuphane3/sureli/00336_02157_1930M0508_181409.pdf	
NSS015501	Cumhuriyet	2158	1930-05-09	https://katalog.ibb.gov.tr/kutuphane3/sureli/00336_02158_1930M0509_181410.pdf	
NSS015502	Cumhuriyet	2159	1930-05-13	https://katalog.ibb.gov.tr/kutuphane3/sureli/00336_02159_1930M0513_181411.pdf	
NSS015503	Cumhuriyet	2160	1930-05-14	https://katalog.ibb.gov.tr/kutuphane3/sureli/00336_02160_1930M0514_181412.pdf	
NSS015504	Cumhuriyet	2161	1930-05-15	https://katalog.ibb.gov.tr/kutuphane3/sureli/00336_02161_1930M0515_181413.pdf	
NSS015505	Cumhuriyet	2162	1930-05-16	https://katalog.ibb.gov.tr/kutuphane3/sureli/00336_02162_1930M0516_181414.pdf	
NSS015506	Cumhuriyet	2163	1930-05-17	https://katalog.ibb.gov.tr/kutuphane3/sureli/00336_02163_1930M0517_181415.pdf	
NSS015507	Cumhuriyet	2164	1930-05-18	https://katalog.ibb.gov.tr/kutuphane3/sureli/00336_02164_1930M0518_181416.pdf	
NSS015508	Cumhuriyet	2165	1930-05-19	https://katalog.ibb.gov.tr/kutuphane3/sureli/00336_02165_1930M0519_181417.pdf	
NSS015840	Cumhuriyet	2897	1932-06-01	https://katalog.ibb.gov.tr/kutuphane3/sureli/00336_02897_1932M0601_181751.pdf	
NSS015841	Cumhuriyet	2898	1932-06-02	https://katalog.ibb.gov.tr/kutuphane3/sureli/00336_02898_1932M0602_181752.pdf	
NSS015842	Cumhuriyet	2899	1932-06-03	https://katalog.ibb.gov.tr/kutuphane3/sureli/00336_02899_1932M0603_181753.pdf	
NSS015843	Cumhuriyet	2900	1932-06-04	https://katalog.ibb.gov.tr/kutuphane3/sureli/00336_02900_1932M0604_181754.pdf	
NSS015844	Cumhuriyet	2902	1932-06-06	https://katalog.ibb.gov.tr/kutuphane3/sureli/00336_02902_1932M0606_181755.pdf	
NSS015845	Cumhuriyet	2903	1932-06-07	https://katalog.ibb.gov.tr/kutuphane3/sureli/00336_02903_1932M0607_181756.pdf	
NSS015846	Cumhuriyet	2904	1932-06-08	https://katalog.ibb.gov.tr/kutuphane3/sureli/00336_02904_1932M0608_181757.pdf	
NSS015847	Cumhuriyet	2905	1932-06-09	https://katalog.ibb.gov.tr/kutuphane3/sureli/00336_02905_1932M0609_181758.pdf	
NSS015848	Cumhuriyet	2906	1932-06-10	https://katalog.ibb.gov.tr/kutuphane3/sureli/00336_02906_1932M0610_181759.pdf	
NSS015849	Cumhuriyet	2907	1932-06-11	https://katalog.ibb.gov.tr/kutuphane3/sureli/00336_02907_1932M0611_181760.pdf	
NSS015850	Cumhuriyet	2908	1932-06-12	https://katalog.ibb.gov.tr/kutuphane3/sureli/00336_02908_1932M0612_181761.pdf	
NSS015851	Cumhuriyet	2909	1932-06-13	https://katalog.ibb.gov.tr/kutuphane3/sureli/00336_02909_1932M0613_181762.pdf	
NSS015852	Cumhuriyet	2910	1932-06-14	https://katalog.ibb.gov.tr/kutuphane3/sureli/00336_02910_1932M0614_181763.pdf	
NSS015853	Cumhuriyet	2911	1932-06-15	https://katalog.ibb.gov.tr/kutuphane3/sureli/00336_02911_1932M0615_181764.pdf	
NSS015854	Cumhuriyet	2912	1932-06-16	https://katalog.ibb.gov.tr/kutuphane3/sureli/00336_02912_1932M0616_181765.pdf	
NSS015855	Cumhuriyet	2913	1932-06-17	https://katalog.ibb.gov.tr/kutuphane3/sureli/00336_02913_1932M0617_181766.pdf	
NSS015856	Cumhuriyet	2914	1932-06-18	https://katalog.ibb.gov.tr/kutuphane3/sureli/00336_02914_1932M0618_181767.pdf	
NSS015857	Cumhuriyet	2915	1932-06-19	https://katalog.ibb.gov.tr/kutuphane3/sureli/00336_02915_1932M0619_181768.pdf	
NSS015858	Cumhuriyet	2916	1932-06-20	https://katalog.ibb.gov.tr/kutuphane3/sureli/00336_02916_1932M0620_181769.pdf	
NSS015859	Cumhuriyet	2917	1932-06-21	https://katalog.ibb.gov.tr/kutuphane3/sureli/00336_02917_1932M0621_181770.pdf	
NSS015860	Cumhuriyet	2918	1932-06-22	https://katalog.ibb.gov.tr/kutuphane3/sureli/00336_02918_1932M0622_181771.pdf	
NSS015861	Cumhuriyet	2919	1932-06-23	https://katalog.ibb.gov.tr/kutuphane3/sureli/00336_02919_1932M0623_181772.pdf	
NSS015862	Cumhuriyet	2920	1932-06-24	https://katalog.ibb.gov.tr/kutuphane3/sureli/00336_02920_1932M0624_181773.pdf	
NSS015863	Cumhuriyet	2922	1932-06-26	https://katalog.ibb.gov.tr/kutuphane3/sureli/00336_02922_1932M0626_181774.pdf	
NSS015864	Cumhuriyet	2924	1932-06-28	https://katalog.ibb.gov.tr/kutuphane3/sureli/00336_02924_1932M0628_181775.pdf	
NSS015865	Cumhuriyet	2925	1932-06-29	https://katalog.ibb.gov.tr/kutuphane3/sureli/00336_02925_1932M0629_181776.pdf	
NSS015866	Cumhuriyet	2926	1932-06-30	https://katalog.ibb.gov.tr/kutuphane3/sureli/00336_02926_1932M0630_181777.pdf	
NSS015867	Cumhuriyet	2927	1932-07-01	https://katalog.ibb.gov.tr/kutuphane3/sureli/00336_02927_1932M0701_181778.pdf	
NSS015868	Cumhuriyet	2928	1932-07-02	https://katalog.ibb.gov.tr/kutuphane3/sureli/00336_02928_1932M0702_181779.pdf	
NSS015869	Cumhuriyet	2929	1932-07-03	https://katalog.ibb.gov.tr/kutuphane3/sureli/00336_02929_1932M0703_181780.pdf	
NSS015870	Cumhuriyet	2930	1932-07-04	https://katalog.ibb.gov.tr/kutuphane3/sureli/00336_02930_1932M0704_181781.pdf	
NSS015871	Cumhuriyet	2931	1932-07-05	https://katalog.ibb.gov.tr/kutuphane3/sureli/00336_02931_1932M0705_181782.pdf	
NSS015872	Cumhuriyet	2932	1932-07-06	https://katalog.ibb.gov.tr/kutuphane3/sureli/00336_02932_1932M0706_181783.pdf	
NSS015873	Cumhuriyet	2934	1932-07-08	https://katalog.ibb.gov.tr/kutuphane3/sureli/00336_02934_1932M0708_181784.pdf	
NSS015874	Cumhuriyet	2935	1932-07-09	https://katalog.ibb.gov.tr/kutuphane3/sureli/00336_02935_1932M0709_181785.pdf	
NSS015875	Cumhuriyet	2936	1932-07-10	https://katalog.ibb.gov.tr/kutuphane3/sureli/00336_02936_1932M0710_181786.pdf	
NSS015876	Cumhuriyet	2937	1932-07-11	https://katalog.ibb.gov.tr/kutuphane3/sureli/00336_02937_1932M0711_181787.pdf	
NSS015877	Cumhuriyet	2938	1932-07-12	https://katalog.ibb.gov.tr/kutuphane3/sureli/00336_02938_1932M0712_181788.pdf	
NSS015878	Cumhuriyet	2939	1932-07-13	https://katalog.ibb.gov.tr/kutuphane3/sureli/00336_02939_1932M0713_181789.pdf	
NSS015879	Cumhuriyet	2940	1932-07-14	https://katalog.ibb.gov.tr/kutuphane3/sureli/00336_02940_1932M0714_181790.pdf	
NSS015880	Cumhuriyet	2941	1932-07-15	https://katalog.ibb.gov.tr/kutuphane3/sureli/00336_02941_1932M0715_181791.pdf	
NSS015881	Cumhuriyet	2942	1932-07-16	https://katalog.ibb.gov.tr/kutuphane3/sureli/00336_02942_1932M0716_181792.pdf	
NSS015882	Cumhuriyet	2943	1932-07-17	https://katalog.ibb.gov.tr/kutuphane3/sureli/00336_02943_1932M0717_181793.pdf	
NSS015883	Cumhuriyet	2944	1932-07-18	https://katalog.ibb.gov.tr/kutuphane3/sureli/00336_02944_1932M0718_181794.pdf	
NSS016026	Cumhuriyet	3250	1933-05-26	https://katalog.ibb.gov.tr/kutuphane3/sureli/00336_03250_1933M0526_181939.pdf	
NSS016027	Cumhuriyet	3251	1933-05-27	https://katalog.ibb.gov.tr/kutuphane3/sureli/00336_03251_1933M0527_181940.pdf	
NSS016028	Cumhuriyet	3255	1933-05-31	https://katalog.ibb.gov.tr/kutuphane3/sureli/00336_03255_1933M0531_181941.pdf	
NSS016029	Cumhuriyet	3262	1933-06-07	https://katalog.ibb.gov.tr/kutuphane3/sureli/00336_03262_1933M0607_181942.pdf	
NSS019537	Cumhuriyet	3263	1933-06-08	https://katalog.ibb.gov.tr/kutuphane3/sureli/00336_03263_1933M0608_200801.pdf	
NSS019538	Cumhuriyet	3264	1933-06-09	https://katalog.ibb.gov.tr/kutuphane3/sureli/00336_03264_1933M0609_200802.pdf	
NSS019540	Cumhuriyet	3265	1933-06-10	https://katalog.ibb.gov.tr/kutuphane3/sureli/00336_03265_1933M0610_200804.pdf	
NSS019539	Cumhuriyet	3266	1933-06-11	https://katalog.ibb.gov.tr/kutuphane3/sureli/00336_03266_1933M0611_200803.pdf	
NSS019536	Cumhuriyet	3267	1933-06-12	https://katalog.ibb.gov.tr/kutuphane3/sureli/00336_03267_1933M0612_200800.pdf	
NSS016030	Cumhuriyet	3268	1933-06-13	https://katalog.ibb.gov.tr/kutuphane3/sureli/00336_03268_1933M0613_181943.pdf	
NSS016031	Cumhuriyet	3269	1933-06-14	https://katalog.ibb.gov.tr/kutuphane3/sureli/00336_03269_1933M0614_181944.pdf	
NSS016032	Cumhuriyet	3272	1933-06-17	https://katalog.ibb.gov.tr/kutuphane3/sureli/00336_03272_1933M0617_181945.pdf	
NSS016033	Cumhuriyet	3274	1933-06-19	https://katalog.ibb.gov.tr/kutuphane3/sureli/00336_03274_1933M0619_181946.pdf	
NSS016034	Cumhuriyet	3275	1933-06-20	https://katalog.ibb.gov.tr/kutuphane3/sureli/00336_03275_1933M0620_181947.pdf	
NSS016035	Cumhuriyet	3276	1933-06-21	https://katalog.ibb.gov.tr/kutuphane3/sureli/00336_03276_1933M0621_181948.pdf	
NSS016036	Cumhuriyet	3277	1933-06-22	https://katalog.ibb.gov.tr/kutuphane3/sureli/00336_03277_1933M0622_181949.pdf	
NSS016037	Cumhuriyet	3279	1933-06-24	https://katalog.ibb.gov.tr/kutuphane3/sureli/00336_03279_1933M0624_181950.pdf	
NSS016038	Cumhuriyet	3280	1933-06-25	https://katalog.ibb.gov.tr/kutuphane3/sureli/00336_03280_1933M0625_181951.pdf	
NSS016039	Cumhuriyet	3281	1933-06-26	https://katalog.ibb.gov.tr/kutuphane3/sureli/00336_03281_1933M0626_181952.pdf	
NSS016040	Cumhuriyet	3282	1933-06-27	https://katalog.ibb.gov.tr/kutuphane3/sureli/00336_03282_1933M0627_181953.pdf	
NSS016041	Cumhuriyet	3283	1933-06-28	https://katalog.ibb.gov.tr/kutuphane3/sureli/00336_03283_1933M0628_181954.pdf	
NSS016042	Cumhuriyet	3284	1933-06-29	https://katalog.ibb.gov.tr/kutuphane3/sureli/00336_03284_1933M0629_181955.pdf	
NSS016043	Cumhuriyet	3286	1933-07-01	https://katalog.ibb.gov.tr/kutuphane3/sureli/00336_03286_1933M0701_181956.pdf	
NSS016044	Cumhuriyet	3292	1933-07-07	https://katalog.ibb.gov.tr/kutuphane3/sureli/00336_03292_1933M0707_181957.pdf	
NSS016045	Cumhuriyet	3293	1933-07-08	https://katalog.ibb.gov.tr/kutuphane3/sureli/00336_03293_1933M0708_181958.pdf	
NSS016046	Cumhuriyet	3294	1933-07-09	https://katalog.ibb.gov.tr/kutuphane3/sureli/00336_03294_1933M0709_181959.pdf	
NSS016047	Cumhuriyet	3295	1933-07-10	https://katalog.ibb.gov.tr/kutuphane3/sureli/00336_03295_1933M0710_181960.pdf	
NSS016048	Cumhuriyet	3296	1933-07-11	https://katalog.ibb.gov.tr/kutuphane3/sureli/00336_03296_1933M0711_181961.pdf	
NSS016049	Cumhuriyet	3297	1933-07-12	https://katalog.ibb.gov.tr/kutuphane3/sureli/00336_03297_1933M0712_181962.pdf	
NSS016327	Cumhuriyet	3580	1934-04-26	https://katalog.ibb.gov.tr/kutuphane3/sureli/00336_03580_1934M0426_182241.pdf	
NSS016328	Cumhuriyet	3581	1934-04-27	https://katalog.ibb.gov.tr/kutuphane3/sureli/00336_03581_1934M0427_182242.pdf	
NSS016329	Cumhuriyet	3582	1934-04-28	https://katalog.ibb.gov.tr/kutuphane3/sureli/00336_03582_1934M0428_182243.pdf	
NSS016330	Cumhuriyet	3583	1934-04-29	https://katalog.ibb.gov.tr/kutuphane3/sureli/00336_03583_1934M0429_182244.pdf	
NSS016331	Cumhuriyet	3584	1934-04-30	https://katalog.ibb.gov.tr/kutuphane3/sureli/00336_03584_1934M0430_182245.pdf	
NSS016332	Cumhuriyet	3585	1934-05-01	https://katalog.ibb.gov.tr/kutuphane3/sureli/00336_03585_1934M0501_182246.pdf	
NSS016333	Cumhuriyet	3586	1934-05-02	https://katalog.ibb.gov.tr/kutuphane3/sureli/00336_03586_1934M0502_182247.pdf	
NSS016334	Cumhuriyet	3587	1934-05-03	https://katalog.ibb.gov.tr/kutuphane3/sureli/00336_03587_1934M0503_182248.pdf	
NSS016335	Cumhuriyet	3588	1934-05-04	https://katalog.ibb.gov.tr/kutuphane3/sureli/00336_03588_1934M0504_182249.pdf	
NSS016336	Cumhuriyet	3589	1934-05-05	https://katalog.ibb.gov.tr/kutuphane3/sureli/00336_03589_1934M0505_182250.pdf	
NSS016337	Cumhuriyet	3590	1934-05-06	https://katalog.ibb.gov.tr/kutuphane3/sureli/00336_03590_1934M0506_182251.pdf	
NSS016338	Cumhuriyet	3591	1934-05-07	https://katalog.ibb.gov.tr/kutuphane3/sureli/00336_03591_1934M0507_182252.pdf	
NSS016339	Cumhuriyet	3592	1934-05-08	https://katalog.ibb.gov.tr/kutuphane3/sureli/00336_03592_1934M0508_182253.pdf	
NSS016340	Cumhuriyet	3593	1934-05-09	https://katalog.ibb.gov.tr/kutuphane3/sureli/00336_03593_1934M0509_182254.pdf	
NSS016341	Cumhuriyet	3594	1934-05-10	https://katalog.ibb.gov.tr/kutuphane3/sureli/00336_03594_1934M0510_182255.pdf	
NSS016342	Cumhuriyet	3595	1934-05-11	https://katalog.ibb.gov.tr/kutuphane3/sureli/00336_03595_1934M0511_182256.pdf	
NSS016343	Cumhuriyet	3596	1934-05-12	https://katalog.ibb.gov.tr/kutuphane3/sureli/00336_03596_1934M0512_182257.pdf	
NSS016344	Cumhuriyet	3597	1934-05-13	https://katalog.ibb.gov.tr/kutuphane3/sureli/00336_03597_1934M0513_182258.pdf	
NSS016345	Cumhuriyet	3598	1934-05-14	https://katalog.ibb.gov.tr/kutuphane3/sureli/00336_03598_1934M0514_182259.pdf	
NSS016346	Cumhuriyet	3599	1934-05-15	https://katalog.ibb.gov.tr/kutuphane3/sureli/00336_03599_1934M0515_182260.pdf	
NSS016347	Cumhuriyet	3600	1934-05-16	https://katalog.ibb.gov.tr/kutuphane3/sureli/00336_03600_1934M0516_182261.pdf	
NSS016348	Cumhuriyet	3601	1934-05-17	https://katalog.ibb.gov.tr/kutuphane3/sureli/00336_03601_1934M0517_182262.pdf	
NSS016349	Cumhuriyet	3602	1934-05-18	https://katalog.ibb.gov.tr/kutuphane3/sureli/00336_03602_1934M0518_182263.pdf	
NSS016350	Cumhuriyet	3603	1934-05-19	https://katalog.ibb.gov.tr/kutuphane3/sureli/00336_03603_1934M0519_182264.pdf	
NSS016351	Cumhuriyet	3604	1934-05-20	https://katalog.ibb.gov.tr/kutuphane3/sureli/00336_03604_1934M0520_182265.pdf	
NSS016352	Cumhuriyet	3605	1934-05-21	https://katalog.ibb.gov.tr/kutuphane3/sureli/00336_03605_1934M0521_182266.pdf	
NSS016353	Cumhuriyet	3606	1934-05-22	https://katalog.ibb.gov.tr/kutuphane3/sureli/00336_03606_1934M0522_182267.pdf	
NSS016354	Cumhuriyet	3607	1934-05-23	https://katalog.ibb.gov.tr/kutuphane3/sureli/00336_03607_1934M0523_182268.pdf	
NSS016355	Cumhuriyet	3608	1934-05-24	https://katalog.ibb.gov.tr/kutuphane3/sureli/00336_03608_1934M0524_182269.pdf	
NSS016356	Cumhuriyet	3609	1934-05-25	https://katalog.ibb.gov.tr/kutuphane3/sureli/00336_03609_1934M0525_182270.pdf	
NSS016357	Cumhuriyet	3610	1934-05-26	https://katalog.ibb.gov.tr/kutuphane3/sureli/00336_03610_1934M0526_182271.pdf	
NSS016358	Cumhuriyet	3611	1934-05-27	https://katalog.ibb.gov.tr/kutuphane3/sureli/00336_03611_1934M0527_182272.pdf	
NSS016359	Cumhuriyet	3612	1934-05-28	https://katalog.ibb.gov.tr/kutuphane3/sureli/00336_03612_1934M0528_182273.pdf	
NSS016360	Cumhuriyet	3613	1934-05-29	https://katalog.ibb.gov.tr/kutuphane3/sureli/00336_03613_1934M0529_182274.pdf	
NSS016361	Cumhuriyet	3614	1934-05-30	https://katalog.ibb.gov.tr/kutuphane3/sureli/00336_03614_1934M0530_182275.pdf	
NSS016362	Cumhuriyet	3615	1934-05-31	https://katalog.ibb.gov.tr/kutuphane3/sureli/00336_03615_1934M0531_182276.pdf	
NSS016363	Cumhuriyet	3616	1934-06-01	https://katalog.ibb.gov.tr/kutuphane3/sureli/00336_03616_1934M0601_182277.pdf	
NSS016364	Cumhuriyet	3617	1934-06-02	https://katalog.ibb.gov.tr/kutuphane3/sureli/00336_03617_1934M0602_182278.pdf	
NSS016365	Cumhuriyet	3618	1934-06-03	https://katalog.ibb.gov.tr/kutuphane3/sureli/00336_03618_1934M0603_182279.pdf	
NSS016366	Cumhuriyet	3619	1934-06-04	https://katalog.ibb.gov.tr/kutuphane3/sureli/00336_03619_1934M0604_182280.pdf	
NSS016367	Cumhuriyet	3620	1934-06-05	https://katalog.ibb.gov.tr/kutuphane3/sureli/00336_03620_1934M0605_182281.pdf	
NSS016368	Cumhuriyet	3621	1934-06-06	https://katalog.ibb.gov.tr/kutuphane3/sureli/00336_03621_1934M0606_182282.pdf	
NSS016369	Cumhuriyet	3622	1934-06-07	https://katalog.ibb.gov.tr/kutuphane3/sureli/00336_03622_1934M0607_182283.pdf	
NSS016370	Cumhuriyet	3623	1934-06-08	https://katalog.ibb.gov.tr/kutuphane3/sureli/00336_03623_1934M0608_182284.pdf	
NSS016371	Cumhuriyet	3624	1934-06-09	https://katalog.ibb.gov.tr/kutuphane3/sureli/00336_03624_1934M0609_182285.pdf	
NSS016372	Cumhuriyet	3625	1934-06-10	https://katalog.ibb.gov.tr/kutuphane3/sureli/00336_03625_1934M0610_182286.pdf	
NSS016373	Cumhuriyet	3626	1934-06-11	https://katalog.ibb.gov.tr/kutuphane3/sureli/00336_03626_1934M0611_182287.pdf	
NSS016374	Cumhuriyet	3627	1934-06-12	https://katalog.ibb.gov.tr/kutuphane3/sureli/00336_03627_1934M0612_182288.pdf	
NSS016375	Cumhuriyet	3628	1934-06-13	https://katalog.ibb.gov.tr/kutuphane3/sureli/00336_03628_1934M0613_182289.pdf	
NSS016376	Cumhuriyet	3629	1934-06-14	https://katalog.ibb.gov.tr/kutuphane3/sureli/00336_03629_1934M0614_182290.pdf	
NSS016377	Cumhuriyet	3630	1934-06-15	https://katalog.ibb.gov.tr/kutuphane3/sureli/00336_03630_1934M0615_182291.pdf	
NSS016378	Cumhuriyet	3631	1934-06-16	https://katalog.ibb.gov.tr/kutuphane3/sureli/00336_03631_1934M0616_182292.pdf	
NSS016379	Cumhuriyet	3632	1934-06-17	https://katalog.ibb.gov.tr/kutuphane3/sureli/00336_03632_1934M0617_182293.pdf	
NSS016380	Cumhuriyet	3633	1934-06-18	https://katalog.ibb.gov.tr/kutuphane3/sureli/00336_03633_1934M0618_182294.pdf	
NSS016381	Cumhuriyet	3634	1934-06-19	https://katalog.ibb.gov.tr/kutuphane3/sureli/00336_03634_1934M0619_182295.pdf	
NSS016382	Cumhuriyet	3635	1934-06-20	https://katalog.ibb.gov.tr/kutuphane3/sureli/00336_03635_1934M0620_182296.pdf	
NSS016383	Cumhuriyet	3636	1934-06-21	https://katalog.ibb.gov.tr/kutuphane3/sureli/00336_03636_1934M0621_182297.pdf	
NSS016384	Cumhuriyet	3637	1934-06-22	https://katalog.ibb.gov.tr/kutuphane3/sureli/00336_03637_1934M0622_182298.pdf	
NSS016385	Cumhuriyet	3638	1934-06-23	https://katalog.ibb.gov.tr/kutuphane3/sureli/00336_03638_1934M0623_182299.pdf	
NSS016386	Cumhuriyet	3639	1934-06-24	https://katalog.ibb.gov.tr/kutuphane3/sureli/00336_03639_1934M0624_182300.pdf	
NSS016387	Cumhuriyet	3640	1934-06-25	https://katalog.ibb.gov.tr/kutuphane3/sureli/00336_03640_1934M0625_182301.pdf	
NSS016388	Cumhuriyet	3641	1934-06-26	https://katalog.ibb.gov.tr/kutuphane3/sureli/00336_03641_1934M0626_182302.pdf	
NSS016389	Cumhuriyet	3642	1934-06-27	https://katalog.ibb.gov.tr/kutuphane3/sureli/00336_03642_1934M0627_182303.pdf	
NSS016390	Cumhuriyet	3643	1934-06-28	https://katalog.ibb.gov.tr/kutuphane3/sureli/00336_03643_1934M0628_182304.pdf	
NSS016391	Cumhuriyet	3644	1934-06-29	https://katalog.ibb.gov.tr/kutuphane3/sureli/00336_03644_1934M0629_182305.pdf	
NSS016392	Cumhuriyet	3645	1934-06-30	https://katalog.ibb.gov.tr/kutuphane3/sureli/00336_03645_1934M0630_182306.pdf	
NSS016393	Cumhuriyet	3646	1934-07-01	https://katalog.ibb.gov.tr/kutuphane3/sureli/00336_03646_1934M0701_182307.pdf	
NSS016394	Cumhuriyet	3647	1934-07-02	https://katalog.ibb.gov.tr/kutuphane3/sureli/00336_03647_1934M0702_182308.pdf	
NSS016395	Cumhuriyet	3648	1934-07-03	https://katalog.ibb.gov.tr/kutuphane3/sureli/00336_03648_1934M0703_182309.pdf	
NSS016396	Cumhuriyet	3649	1934-07-04	https://katalog.ibb.gov.tr/kutuphane3/sureli/00336_03649_1934M0704_182310.pdf	
NSS016397	Cumhuriyet	3650	1934-07-05	https://katalog.ibb.gov.tr/kutuphane3/sureli/00336_03650_1934M0705_182311.pdf	
NSS016750	Cumhuriyet	4178	1936-01-01	https://katalog.ibb.gov.tr/kutuphane3/sureli/00336_04178_1936M0101_182664.pdf	
NSS016751	Cumhuriyet	4179	1936-01-02	https://katalog.ibb.gov.tr/kutuphane3/sureli/00336_04179_1936M0102_182665.pdf	
NSS016752	Cumhuriyet	4180	1936-01-03	https://katalog.ibb.gov.tr/kutuphane3/sureli/00336_04180_1936M0103_182666.pdf	
NSS016753	Cumhuriyet	4181	1936-01-04	https://katalog.ibb.gov.tr/kutuphane3/sureli/00336_04181_1936M0104_182667.pdf	
NSS016754	Cumhuriyet	4182	1936-01-05	https://katalog.ibb.gov.tr/kutuphane3/sureli/00336_04182_1936M0105_182668.pdf	
NSS016755	Cumhuriyet	4183	1936-01-06	https://katalog.ibb.gov.tr/kutuphane3/sureli/00336_04183_1936M0106_182669.pdf	
NSS016756	Cumhuriyet	4184	1936-01-07	https://katalog.ibb.gov.tr/kutuphane3/sureli/00336_04184_1936M0107_182670.pdf	
NSS016757	Cumhuriyet	4185	1936-01-08	https://katalog.ibb.gov.tr/kutuphane3/sureli/00336_04185_1936M0108_182671.pdf	
NSS016758	Cumhuriyet	4186	1936-01-09	https://katalog.ibb.gov.tr/kutuphane3/sureli/00336_04186_1936M0109_182672.pdf	
NSS016759	Cumhuriyet	4187	1936-01-10	https://katalog.ibb.gov.tr/kutuphane3/sureli/00336_04187_1936M0110_182673.pdf	
NSS016760	Cumhuriyet	4188	1936-01-11	https://katalog.ibb.gov.tr/kutuphane3/sureli/00336_04188_1936M0111_182674.pdf	
NSS016761	Cumhuriyet	4189	1936-01-12	https://katalog.ibb.gov.tr/kutuphane3/sureli/00336_04189_1936M0112_182675.pdf	
NSS016762	Cumhuriyet	4190	1936-01-13	https://katalog.ibb.gov.tr/kutuphane3/sureli/00336_04190_1936M0113_182676.pdf	
NSS016763	Cumhuriyet	4191	1936-01-14	https://katalog.ibb.gov.tr/kutuphane3/sureli/00336_04191_1936M0114_182677.pdf	
NSS016764	Cumhuriyet	4192	1936-01-15	https://katalog.ibb.gov.tr/kutuphane3/sureli/00336_04192_1936M0115_182678.pdf	
NSS016765	Cumhuriyet	4193	1936-01-16	https://katalog.ibb.gov.tr/kutuphane3/sureli/00336_04193_1936M0116_182679.pdf	
NSS016766	Cumhuriyet	4194	1936-01-17	https://katalog.ibb.gov.tr/kutuphane3/sureli/00336_04194_1936M0117_182680.pdf	
NSS016767	Cumhuriyet	4195	1936-01-18	https://katalog.ibb.gov.tr/kutuphane3/sureli/00336_04195_1936M0118_182681.pdf	
NSS016768	Cumhuriyet	4196	1936-01-19	https://katalog.ibb.gov.tr/kutuphane3/sureli/00336_04196_1936M0119_182682.pdf	
NSS016769	Cumhuriyet	4197	1936-01-20	https://katalog.ibb.gov.tr/kutuphane3/sureli/00336_04197_1936M0120_182683.pdf	
NSS016770	Cumhuriyet	4198	1936-01-21	https://katalog.ibb.gov.tr/kutuphane3/sureli/00336_04198_1936M0121_182684.pdf	
NSS016771	Cumhuriyet	4199	1936-01-22	https://katalog.ibb.gov.tr/kutuphane3/sureli/00336_04199_1936M0122_182685.pdf	
NSS016772	Cumhuriyet	4200	1936-01-23	https://katalog.ibb.gov.tr/kutuphane3/sureli/00336_04200_1936M0123_182686.pdf	
NSS016773	Cumhuriyet	4201	1936-01-24	https://katalog.ibb.gov.tr/kutuphane3/sureli/00336_04201_1936M0124_182687.pdf	
NSS016774	Cumhuriyet	4202	1936-01-25	https://katalog.ibb.gov.tr/kutuphane3/sureli/00336_04202_1936M0125_182688.pdf	
NSS016775	Cumhuriyet	4203	1936-01-26	https://katalog.ibb.gov.tr/kutuphane3/sureli/00336_04203_1936M0126_182689.pdf	
NSS016776	Cumhuriyet	4204	1936-01-27	https://katalog.ibb.gov.tr/kutuphane3/sureli/00336_04204_1936M0127_182690.pdf	
NSS016777	Cumhuriyet	4205	1936-01-28	https://katalog.ibb.gov.tr/kutuphane3/sureli/00336_04205_1936M0128_182691.pdf	
NSS016778	Cumhuriyet	4206	1936-01-29	https://katalog.ibb.gov.tr/kutuphane3/sureli/00336_04206_1936M0129_182692.pdf	
NSS016779	Cumhuriyet	4207	1936-01-30	https://katalog.ibb.gov.tr/kutuphane3/sureli/00336_04207_1936M0130_182693.pdf	
NSS016780	Cumhuriyet	4208	1936-01-31	https://katalog.ibb.gov.tr/kutuphane3/sureli/00336_04208_1936M0131_182694.pdf	
NSS016781	Cumhuriyet	4209	1936-02-01	https://katalog.ibb.gov.tr/kutuphane3/sureli/00336_04209_1936M0201_182695.pdf	
NSS016782	Cumhuriyet	4210	1936-02-02	https://katalog.ibb.gov.tr/kutuphane3/sureli/00336_04210_1936M0202_182696.pdf	
NSS016783	Cumhuriyet	4211	1936-02-03	https://katalog.ibb.gov.tr/kutuphane3/sureli/00336_04211_1936M0203_182697.pdf	
NSS016784	Cumhuriyet	4212	1936-02-04	https://katalog.ibb.gov.tr/kutuphane3/sureli/00336_04212_1936M0204_182698.pdf	
NSS016785	Cumhuriyet	4213	1936-02-05	https://katalog.ibb.gov.tr/kutuphane3/sureli/00336_04213_1936M0205_182699.pdf	
NSS016786	Cumhuriyet	4214	1936-02-06	https://katalog.ibb.gov.tr/kutuphane3/sureli/00336_04214_1936M0206_182700.pdf	
NSS016787	Cumhuriyet	4215	1936-02-07	https://katalog.ibb.gov.tr/kutuphane3/sureli/00336_04215_1936M0207_182701.pdf	
NSS016788	Cumhuriyet	4216	1936-02-08	https://katalog.ibb.gov.tr/kutuphane3/sureli/00336_04216_1936M0208_182702.pdf	
NSS016789	Cumhuriyet	4217	1936-02-09	https://katalog.ibb.gov.tr/kutuphane3/sureli/00336_04217_1936M0209_182703.pdf	
NSS016790	Cumhuriyet	4218	1936-02-10	https://katalog.ibb.gov.tr/kutuphane3/sureli/00336_04218_1936M0210_182704.pdf	
NSS016791	Cumhuriyet	4219	1936-02-11	https://katalog.ibb.gov.tr/kutuphane3/sureli/00336_04219_1936M0211_182705.pdf	
NSS016792	Cumhuriyet	4220	1936-02-12	https://katalog.ibb.gov.tr/kutuphane3/sureli/00336_04220_1936M0212_182706.pdf	
NSS017046	Cumhuriyet	4476	1936-03-28	https://katalog.ibb.gov.tr/kutuphane3/sureli/00336_04476_1936M1028_182961.pdf	tahmini (katalog: 1936-10-28)
NSS017047	Cumhuriyet	4477	1936-03-29	https://katalog.ibb.gov.tr/kutuphane3/sureli/00336_04477_1936M1029_182962.pdf	tahmini (katalog: 1936-10-29)
NSS017048	Cumhuriyet	4478	1936-03-30	https://katalog.ibb.gov.tr/kutuphane3/sureli/00336_04478_1936M1030_182963.pdf	tahmini (katalog: 1936-10-30)
NSS017049	Cumhuriyet	4479	1936-03-31	https://katalog.ibb.gov.tr/kutuphane3/sureli/00336_04479_1936M1031_182964.pdf	tahmini (katalog: 1936-10-31)
NSS017050	Cumhuriyet	4480	1936-04-01	https://katalog.ibb.gov.tr/kutuphane3/sureli/00336_04480_1936M0401_182965.pdf	
NSS017051	Cumhuriyet	4481	1936-04-02	https://katalog.ibb.gov.tr/kutuphane3/sureli/00336_04481_1936M0402_182966.pdf	
NSS017052	Cumhuriyet	4482	1936-04-03	https://katalog.ibb.gov.tr/kutuphane3/sureli/00336_04482_1936M0403_182967.pdf	
NSS017053	Cumhuriyet	4483	1936-04-04	https://katalog.ibb.gov.tr/kutuphane3/sureli/00336_04483_1936M0404_182968.pdf	
NSS017054	Cumhuriyet	4484	1936-04-05	https://katalog.ibb.gov.tr/kutuphane3/sureli/00336_04484_1936M0405_182969.pdf	
NSS017055	Cumhuriyet	4485	1936-04-06	https://katalog.ibb.gov.tr/kutuphane3/sureli/00336_04485_1936M0406_182970.pdf	
NSS017056	Cumhuriyet	4486	1936-04-07	https://katalog.ibb.gov.tr/kutuphane3/sureli/00336_04486_1936M0407_182971.pdf	
NSS017057	Cumhuriyet	4487	1936-04-08	https://katalog.ibb.gov.tr/kutuphane3/sureli/00336_04487_1936M0408_182972.pdf	
NSS017058	Cumhuriyet	4488	1936-04-09	https://katalog.ibb.gov.tr/kutuphane3/sureli/00336_04488_1936M0409_182973.pdf	
NSS017059	Cumhuriyet	4489	1936-04-10	https://katalog.ibb.gov.tr/kutuphane3/sureli/00336_04489_1936M0410_182974.pdf	
NSS017060	Cumhuriyet	4490	1936-04-11	https://katalog.ibb.gov.tr/kutuphane3/sureli/00336_04490_1936M0411_182975.pdf	
NSS017061	Cumhuriyet	4491	1936-04-12	https://katalog.ibb.gov.tr/kutuphane3/sureli/00336_04491_1936M0412_182976.pdf	
NSS017062	Cumhuriyet	4492	1936-04-13	https://katalog.ibb.gov.tr/kutuphane3/sureli/00336_04492_1936M0413_182977.pdf	
NSS017063	Cumhuriyet	4493	1936-04-14	https://katalog.ibb.gov.tr/kutuphane3/sureli/00336_04493_1936M0414_182978.pdf	
NSS017064	Cumhuriyet	4494	1936-04-15	https://katalog.ibb.gov.tr/kutuphane3/sureli/00336_04494_1936M0415_182979.pdf	
NSS017065	Cumhuriyet	4495	1936-04-16	https://katalog.ibb.gov.tr/kutuphane3/sureli/00336_04495_1936M0416_182980.pdf	
NSS017066	Cumhuriyet	4496	1936-04-17	https://katalog.ibb.gov.tr/kutuphane3/sureli/00336_04496_1936M0417_182981.pdf	
NSS017067	Cumhuriyet	4497	1936-04-18	https://katalog.ibb.gov.tr/kutuphane3/sureli/00336_04497_1936M0418_182982.pdf	
NSS017068	Cumhuriyet	4498	1936-04-19	https://katalog.ibb.gov.tr/kutuphane3/sureli/00336_04498_1936M0419_182983.pdf	
NSS017069	Cumhuriyet	4499	1936-04-20	https://katalog.ibb.gov.tr/kutuphane3/sureli/00336_04499_1936M0420_182984.pdf	
NSS017070	Cumhuriyet	4500	1936-08-06	https://katalog.ibb.gov.tr/kutuphane3/sureli/00336_04500_1936M0421_182985.pdf	tahmini (katalog: 1936-04-21)
NSS017071	Cumhuriyet	4501	1936-11-22	https://katalog.ibb.gov.tr/kutuphane3/sureli/00336_04501_1936M0422_182986.pdf	tahmini (katalog: 1936-04-22)
NSS017072	Cumhuriyet	4502	1936-11-23	https://katalog.ibb.gov.tr/kutuphane3/sureli/00336_04502_1936M0423_182987.pdf	tahmini (katalog: 1936-04-23)
NSS017073	Cumhuriyet	4503	1936-11-24	https://katalog.ibb.gov.tr/kutuphane3/sureli/00336_04503_1936M0424_182988.pdf	tahmini (katalog: 1936-04-24)
NSS017074	Cumhuriyet	4504	1936-11-25	https://katalog.ibb.gov.tr/kutuphane3/sureli/00336_04504_1936M0425_182989.pdf	tahmini (katalog: 1936-04-25)
NSS017075	Cumhuriyet	4505	1936-11-26	https://katalog.ibb.gov.tr/kutuphane3/sureli/00336_04505_1936M0426_182990.pdf	tahmini (katalog: 1936-04-26)
NSS017076	Cumhuriyet	4506	1936-11-27	https://katalog.ibb.gov.tr/kutuphane3/sureli/00336_04506_1936M0427_182991.pdf	tahmini (katalog: 1936-04-27)
NSS017077	Cumhuriyet	4507	1936-11-28	https://katalog.ibb.gov.tr/kutuphane3/sureli/00336_04507_1936M0428_182992.pdf	tahmini (katalog: 1936-04-28)
NSS017078	Cumhuriyet	4508	1936-11-29	https://katalog.ibb.gov.tr/kutuphane3/sureli/00336_04508_1936M0429_182993.pdf	tahmini (katalog: 1936-04-29)
NSS017079	Cumhuriyet	4509	1936-11-30	https://katalog.ibb.gov.tr/kutuphane3/sureli/00336_04509_1936M0430_182994.pdf	tahmini (katalog: 1936-04-30)
NSS017080	Cumhuriyet	4510	1936-12-01	https://katalog.ibb.gov.tr/kutuphane3/sureli/00336_04510_1936M1201_182995.pdf	
NSS017081	Cumhuriyet	4511	1936-12-02	https://katalog.ibb.gov.tr/kutuphane3/sureli/00336_04511_1936M1202_182996.pdf	
NSS017082	Cumhuriyet	4512	1936-12-03	https://katalog.ibb.gov.tr/kutuphane3/sureli/00336_04512_1936M1203_182997.pdf	
NSS017083	Cumhuriyet	4513	1936-12-04	https://katalog.ibb.gov.tr/kutuphane3/sureli/00336_04513_1936M1204_182998.pdf	
NSS017084	Cumhuriyet	4514	1936-12-05	https://katalog.ibb.gov.tr/kutuphane3/sureli/00336_04514_1936M1205_182999.pdf	
NSS017085	Cumhuriyet	4515	1936-12-06	https://katalog.ibb.gov.tr/kutuphane3/sureli/00336_04515_1936M1206_183000.pdf	
NSS017086	Cumhuriyet	4516	1936-12-07	https://katalog.ibb.gov.tr/kutuphane3/sureli/00336_04516_1936M1207_183001.pdf	
NSS017087	Cumhuriyet	4517	1936-12-08	https://katalog.ibb.gov.tr/kutuphane3/sureli/00336_04517_1936M1208_183002.pdf	
NSS017088	Cumhuriyet	4518	1936-12-09	https://katalog.ibb.gov.tr/kutuphane3/sureli/00336_04518_1936M1209_183003.pdf	
NSS017089	Cumhuriyet	4519	1936-12-10	https://katalog.ibb.gov.tr/kutuphane3/sureli/00336_04519_1936M1210_183004.pdf	
NSS017090	Cumhuriyet	4520	1936-12-11	https://katalog.ibb.gov.tr/kutuphane3/sureli/00336_04520_1936M1211_183005.pdf	
NSS017091	Cumhuriyet	4521	1936-12-12	https://katalog.ibb.gov.tr/kutuphane3/sureli/00336_04521_1936M1212_183006.pdf	
NSS017092	Cumhuriyet	4522	1936-12-13	https://katalog.ibb.gov.tr/kutuphane3/sureli/00336_04522_1936M1213_183007.pdf	
NSS017093	Cumhuriyet	4523	1936-12-14	https://katalog.ibb.gov.tr/kutuphane3/sureli/00336_04523_1936M1214_183008.pdf	
NSS017120	Cumhuriyet	4550	1937-01-12	https://katalog.ibb.gov.tr/kutuphane3/sureli/00336_04550_1937M0112_183035.pdf	
NSS017121	Cumhuriyet	4551	1937-01-13	https://katalog.ibb.gov.tr/kutuphane3/sureli/00336_04551_1937M0113_183036.pdf	
NSS017122	Cumhuriyet	4552	1937-01-14	https://katalog.ibb.gov.tr/kutuphane3/sureli/00336_04552_1937M0114_183037.pdf	
NSS017123	Cumhuriyet	4553	1937-01-15	https://katalog.ibb.gov.tr/kutuphane3/sureli/00336_04553_1937M0115_183038.pdf	
NSS017124	Cumhuriyet	4554	1937-01-16	https://katalog.ibb.gov.tr/kutuphane3/sureli/00336_04554_1937M0116_183039.pdf	
NSS017125	Cumhuriyet	4555	1937-01-17	https://katalog.ibb.gov.tr/kutuphane3/sureli/00336_04555_1937M0117_183040.pdf	
NSS017126	Cumhuriyet	4556	1937-01-18	https://katalog.ibb.gov.tr/kutuphane3/sureli/00336_04556_1937M0118_183041.pdf	
NSS017127	Cumhuriyet	4557	1937-01-19	https://katalog.ibb.gov.tr/kutuphane3/sureli/00336_04557_1937M0119_183042.pdf	
NSS017128	Cumhuriyet	4558	1937-01-20	https://katalog.ibb.gov.tr/kutuphane3/sureli/00336_04558_1937M0120_183043.pdf	
NSS017129	Cumhuriyet	4559	1937-01-21	https://katalog.ibb.gov.tr/kutuphane3/sureli/00336_04559_1937M0121_183044.pdf	
NSS017130	Cumhuriyet	4560	1937-01-22	https://katalog.ibb.gov.tr/kutuphane3/sureli/00336_04560_1937M0122_183045.pdf	
NSS017131	Cumhuriyet	4561	1937-01-23	https://katalog.ibb.gov.tr/kutuphane3/sureli/00336_04561_1937M0123_183046.pdf	
NSS017132	Cumhuriyet	4562	1937-01-24	https://katalog.ibb.gov.tr/kutuphane3/sureli/00336_04562_1937M0124_183047.pdf	
NSS017133	Cumhuriyet	4563	1937-01-25	https://katalog.ibb.gov.tr/kutuphane3/sureli/00336_04563_1937M0125_183048.pdf	
NSS017134	Cumhuriyet	4564	1937-01-26	https://katalog.ibb.gov.tr/kutuphane3/sureli/00336_04564_1937M0126_183049.pdf	
NSS017135	Cumhuriyet	4565	1937-01-27	https://katalog.ibb.gov.tr/kutuphane3/sureli/00336_04565_1937M0127_183050.pdf	
NSS017136	Cumhuriyet	4566	1937-01-28	https://katalog.ibb.gov.tr/kutuphane3/sureli/00336_04566_1937M0128_183051.pdf	
NSS017137	Cumhuriyet	4567	1937-01-29	https://katalog.ibb.gov.tr/kutuphane3/sureli/00336_04567_1937M0129_183052.pdf	
NSS017138	Cumhuriyet	4568	1937-01-30	https://katalog.ibb.gov.tr/kutuphane3/sureli/00336_04568_1937M0130_183053.pdf	
NSS017139	Cumhuriyet	4569	1937-01-31	https://katalog.ibb.gov.tr/kutuphane3/sureli/00336_04569_1937M0131_183054.pdf	
NSS017140	Cumhuriyet	4570	1937-02-01	https://katalog.ibb.gov.tr/kutuphane3/sureli/00336_04570_1937M0201_183055.pdf	
NSS017141	Cumhuriyet	4571	1937-02-02	https://katalog.ibb.gov.tr/kutuphane3/sureli/00336_04571_1937M0202_183056.pdf	
NSS017142	Cumhuriyet	4572	1937-02-03	https://katalog.ibb.gov.tr/kutuphane3/sureli/00336_04572_1937M0203_183057.pdf	
NSS017143	Cumhuriyet	4573	1937-02-04	https://katalog.ibb.gov.tr/kutuphane3/sureli/00336_04573_1937M0204_183058.pdf	
NSS017144	Cumhuriyet	4574	1937-02-05	https://katalog.ibb.gov.tr/kutuphane3/sureli/00336_04574_1937M0205_183059.pdf	
NSS017145	Cumhuriyet	4575	1937-02-06	https://katalog.ibb.gov.tr/kutuphane3/sureli/00336_04575_1937M0206_183060.pdf	
NSS017146	Cumhuriyet	4576	1937-02-07	https://katalog.ibb.gov.tr/kutuphane3/sureli/00336_04576_1937M0207_183061.pdf	
NSS017147	Cumhuriyet	4577	1937-02-08	https://katalog.ibb.gov.tr/kutuphane3/sureli/00336_04577_1937M0208_183062.pdf	
NSS017148	Cumhuriyet	4578	1937-02-09	https://katalog.ibb.gov.tr/kutuphane3/sureli/00336_04578_1937M0209_183063.pdf	
NSS017149	Cumhuriyet	4579	1937-02-10	https://katalog.ibb.gov.tr/kutuphane3/sureli/00336_04579_1937M0210_183064.pdf	
NSS017150	Cumhuriyet	4580	1937-02-11	https://katalog.ibb.gov.tr/kutuphane3/sureli/00336_04580_1937M0211_183065.pdf	
NSS017151	Cumhuriyet	4581	1937-02-12	https://katalog.ibb.gov.tr/kutuphane3/sureli/00336_04581_1937M0212_183066.pdf	
NSS017152	Cumhuriyet	4582	1937-02-13	https://katalog.ibb.gov.tr/kutuphane3/sureli/00336_04582_1937M0213_183067.pdf	
NSS017153	Cumhuriyet	4583	1937-02-14	https://katalog.ibb.gov.tr/kutuphane3/sureli/00336_04583_1937M0214_183068.pdf	
NSS017154	Cumhuriyet	4584	1937-02-15	https://katalog.ibb.gov.tr/kutuphane3/sureli/00336_04584_1937M0215_183069.pdf	
NSS017155	Cumhuriyet	4585	1937-02-16	https://katalog.ibb.gov.tr/kutuphane3/sureli/00336_04585_1937M0216_183070.pdf	
NSS017156	Cumhuriyet	4586	1937-02-17	https://katalog.ibb.gov.tr/kutuphane3/sureli/00336_04586_1937M0217_183071.pdf	
NSS017157	Cumhuriyet	4587	1937-02-18	https://katalog.ibb.gov.tr/kutuphane3/sureli/00336_04587_1937M0218_183072.pdf	
NSS017158	Cumhuriyet	4588	1937-02-19	https://katalog.ibb.gov.tr/kutuphane3/sureli/00336_04588_1937M0219_183073.pdf	
NSS017159	Cumhuriyet	4589	1937-02-20	https://katalog.ibb.gov.tr/kutuphane3/sureli/00336_04589_1937M0220_183074.pdf	
NSS017160	Cumhuriyet	4590	1937-02-21	https://katalog.ibb.gov.tr/kutuphane3/sureli/00336_04590_1937M0221_183075.pdf	
NSS017161	Cumhuriyet	4591	1937-02-22	https://katalog.ibb.gov.tr/kutuphane3/sureli/00336_04591_1937M0222_183076.pdf	
NSS017162	Cumhuriyet	4592	1937-02-26	https://katalog.ibb.gov.tr/kutuphane3/sureli/00336_04592_1937M0226_183077.pdf	
NSS017163	Cumhuriyet	4593	1937-02-27	https://katalog.ibb.gov.tr/kutuphane3/sureli/00336_04593_1937M0227_183078.pdf	
NSS017164	Cumhuriyet	4594	1937-02-28	https://katalog.ibb.gov.tr/kutuphane3/sureli/00336_04594_1937M0228_183079.pdf	
NSS017165	Cumhuriyet	4595	1937-03-01	https://katalog.ibb.gov.tr/kutuphane3/sureli/00336_04595_1937M0301_183080.pdf	
NSS017166	Cumhuriyet	4596	1937-03-02	https://katalog.ibb.gov.tr/kutuphane3/sureli/00336_04596_1937M0302_183081.pdf	
NSS017167	Cumhuriyet	4597	1937-03-03	https://katalog.ibb.gov.tr/kutuphane3/sureli/00336_04597_1937M0303_183082.pdf	
NSS017222	Cumhuriyet	4652	1937-04-27	https://katalog.ibb.gov.tr/kutuphane3/sureli/00336_04652_1937M0427_183138.pdf	
NSS017223	Cumhuriyet	4653	1937-04-28	https://katalog.ibb.gov.tr/kutuphane3/sureli/00336_04653_1937M0428_183139.pdf	
NSS017224	Cumhuriyet	4654	1937-04-29	https://katalog.ibb.gov.tr/kutuphane3/sureli/00336_04654_1937M0429_183140.pdf	
NSS017225	Cumhuriyet	4655	1937-04-30	https://katalog.ibb.gov.tr/kutuphane3/sureli/00336_04655_1937M0430_183141.pdf	
NSS017226	Cumhuriyet	4656	1937-05-01	https://katalog.ibb.gov.tr/kutuphane3/sureli/00336_04656_1937M0501_183142.pdf	
NSS017227	Cumhuriyet	4657	1937-05-02	https://katalog.ibb.gov.tr/kutuphane3/sureli/00336_04657_1937M0502_183143.pdf	
NSS017228	Cumhuriyet	4658	1937-05-03	https://katalog.ibb.gov.tr/kutuphane3/sureli/00336_04658_1937M0503_183144.pdf	
NSS017229	Cumhuriyet	4659	1937-05-04	https://katalog.ibb.gov.tr/kutuphane3/sureli/00336_04659_1937M0504_183145.pdf	
NSS017230	Cumhuriyet	4660	1937-05-05	https://katalog.ibb.gov.tr/kutuphane3/sureli/00336_04660_1937M0505_183146.pdf	
NSS017231	Cumhuriyet	4661	1937-05-06	https://katalog.ibb.gov.tr/kutuphane3/sureli/00336_04661_1937M0506_183147.pdf	
NSS017232	Cumhuriyet	4662	1937-05-07	https://katalog.ibb.gov.tr/kutuphane3/sureli/00336_04662_1937M0507_183148.pdf	
NSS017233	Cumhuriyet	4663	1937-05-08	https://katalog.ibb.gov.tr/kutuphane3/sureli/00336_04663_1937M0508_183149.pdf	
NSS017234	Cumhuriyet	4664	1937-05-09	https://katalog.ibb.gov.tr/kutuphane3/sureli/00336_04664_1937M0509_183150.pdf	
NSS017235	Cumhuriyet	4665	1937-05-10	https://katalog.ibb.gov.tr/kutuphane3/sureli/00336_04665_1937M0510_183151.pdf	
NSS017236	Cumhuriyet	4666	1937-05-11	https://katalog.ibb.gov.tr/kutuphane3/sureli/00336_04666_1937M0511_183152.pdf	
NSS017237	Cumhuriyet	4667	1937-05-12	https://katalog.ibb.gov.tr/kutuphane3/sureli/00336_04667_1937M0512_183153.pdf	
NSS017238	Cumhuriyet	4668	1937-05-13	https://katalog.ibb.gov.tr/kutuphane3/sureli/00336_04668_1937M0513_183154.pdf	
NSS017239	Cumhuriyet	4669	1937-05-14	https://katalog.ibb.gov.tr/kutuphane3/sureli/00336_04669_1937M0514_183155.pdf	
NSS017240	Cumhuriyet	4670	1937-05-15	https://katalog.ibb.gov.tr/kutuphane3/sureli/00336_04670_1937M0515_183156.pdf	
NSS017241	Cumhuriyet	4671	1937-05-16	https://katalog.ibb.gov.tr/kutuphane3/sureli/00336_04671_1937M0516_183157.pdf	
NSS017242	Cumhuriyet	4672	1937-05-17	https://katalog.ibb.gov.tr/kutuphane3/sureli/00336_04672_1937M0517_183158.pdf	
NSS017243	Cumhuriyet	4673	1937-05-18	https://katalog.ibb.gov.tr/kutuphane3/sureli/00336_04673_1937M0518_183159.pdf	
NSS017244	Cumhuriyet	4674	1937-05-19	https://katalog.ibb.gov.tr/kutuphane3/sureli/00336_04674_1937M0519_183160.pdf	
NSS017245	Cumhuriyet	4675	1937-05-20	https://katalog.ibb.gov.tr/kutuphane3/sureli/00336_04675_1937M0520_183161.pdf	
NSS017246	Cumhuriyet	4676	1937-05-21	https://katalog.ibb.gov.tr/kutuphane3/sureli/00336_04676_1937M0521_183162.pdf	
NSS017247	Cumhuriyet	4677	1937-05-22	https://katalog.ibb.gov.tr/kutuphane3/sureli/00336_04677_1937M0522_183163.pdf	
NSS017248	Cumhuriyet	4678	1937-05-23	https://katalog.ibb.gov.tr/kutuphane3/sureli/00336_04678_1937M0523_183164.pdf	
NSS017249	Cumhuriyet	4679	1937-05-24	https://katalog.ibb.gov.tr/kutuphane3/sureli/00336_04679_1937M0524_183165.pdf	
NSS017250	Cumhuriyet	4680	1937-05-25	https://katalog.ibb.gov.tr/kutuphane3/sureli/00336_04680_1937M0525_183166.pdf	
NSS017251	Cumhuriyet	4681	1937-05-26	https://katalog.ibb.gov.tr/kutuphane3/sureli/00336_04681_1937M0526_183167.pdf	
NSS017252	Cumhuriyet	4682	1937-05-27	https://katalog.ibb.gov.tr/kutuphane3/sureli/00336_04682_1937M0527_183168.pdf	
NSS017253	Cumhuriyet	4683	1937-05-28	https://katalog.ibb.gov.tr/kutuphane3/sureli/00336_04683_1937M0528_183169.pdf	
NSS017254	Cumhuriyet	4684	1937-05-29	https://katalog.ibb.gov.tr/kutuphane3/sureli/00336_04684_1937M0529_183170.pdf	
NSS017255	Cumhuriyet	4685	1937-05-30	https://katalog.ibb.gov.tr/kutuphane3/sureli/00336_04685_1937M0530_183171.pdf	
NSS017256	Cumhuriyet	4686	1937-05-31	https://katalog.ibb.gov.tr/kutuphane3/sureli/00336_04686_1937M0531_183172.pdf	
NSS017257	Cumhuriyet	4687	1937-06-01	https://katalog.ibb.gov.tr/kutuphane3/sureli/00336_04687_1937M0601_183173.pdf	
NSS017258	Cumhuriyet	4688	1937-06-02	https://katalog.ibb.gov.tr/kutuphane3/sureli/00336_04688_1937M0602_183174.pdf	
NSS017259	Cumhuriyet	4689	1937-06-03	https://katalog.ibb.gov.tr/kutuphane3/sureli/00336_04689_1937M0603_183175.pdf	
NSS017260	Cumhuriyet	4690	1937-06-04	https://katalog.ibb.gov.tr/kutuphane3/sureli/00336_04690_1937M0604_183176.pdf	
NSS017261	Cumhuriyet	4691	1937-06-05	https://katalog.ibb.gov.tr/kutuphane3/sureli/00336_04691_1937M0605_183177.pdf	
NSS017262	Cumhuriyet	4692	1937-06-06	https://katalog.ibb.gov.tr/kutuphane3/sureli/00336_04692_1937M0606_183178.pdf	
NSS017263	Cumhuriyet	4693	1937-06-07	https://katalog.ibb.gov.tr/kutuphane3/sureli/00336_04693_1937M0607_183179.pdf	
NSS017264	Cumhuriyet	4694	1937-06-08	https://katalog.ibb.gov.tr/kutuphane3/sureli/00336_04694_1937M0608_183180.pdf	
NSS017265	Cumhuriyet	4695	1937-06-09	https://katalog.ibb.gov.tr/kutuphane3/sureli/00336_04695_1937M0609_183181.pdf	
NSS017266	Cumhuriyet	4696	1937-06-10	https://katalog.ibb.gov.tr/kutuphane3/sureli/00336_04696_1937M0610_183182.pdf	
NSS017267	Cumhuriyet	4697	1937-06-11	https://katalog.ibb.gov.tr/kutuphane3/sureli/00336_04697_1937M0611_183183.pdf	
NSS017268	Cumhuriyet	4698	1937-06-12	https://katalog.ibb.gov.tr/kutuphane3/sureli/00336_04698_1937M0612_183184.pdf	
NSS017269	Cumhuriyet	4699	1937-06-13	https://katalog.ibb.gov.tr/kutuphane3/sureli/00336_04699_1937M0613_183185.pdf	
NSS017270	Cumhuriyet	4700	1937-06-14	https://katalog.ibb.gov.tr/kutuphane3/sureli/00336_04700_1937M0614_183186.pdf	
NSS017271	Cumhuriyet	4701	1937-06-15	https://katalog.ibb.gov.tr/kutuphane3/sureli/00336_04701_1937M0615_183187.pdf	
NSS017272	Cumhuriyet	4702	1937-06-16	https://katalog.ibb.gov.tr/kutuphane3/sureli/00336_04702_1937M0616_183188.pdf	
NSS017273	Cumhuriyet	4703	1937-06-17	https://katalog.ibb.gov.tr/kutuphane3/sureli/00336_04703_1937M0617_183189.pdf	
NSS017274	Cumhuriyet	4704	1937-06-18	https://katalog.ibb.gov.tr/kutuphane3/sureli/00336_04704_1937M0618_183190.pdf	
NSS017275	Cumhuriyet	4705	1937-06-19	https://katalog.ibb.gov.tr/kutuphane3/sureli/00336_04705_1937M0619_183191.pdf	
NSS017276	Cumhuriyet	4706	1937-06-20	https://katalog.ibb.gov.tr/kutuphane3/sureli/00336_04706_1937M0620_183192.pdf	
NSS017277	Cumhuriyet	4707	1937-06-21	https://katalog.ibb.gov.tr/kutuphane3/sureli/00336_04707_1937M0621_183193.pdf	
NSS017278	Cumhuriyet	4708	1937-06-22	https://katalog.ibb.gov.tr/kutuphane3/sureli/00336_04708_1937M0622_183194.pdf	
NSS017279	Cumhuriyet	4709	1937-06-23	https://katalog.ibb.gov.tr/kutuphane3/sureli/00336_04709_1937M0623_183195.pdf	
NSS017280	Cumhuriyet	4710	1937-06-24	https://katalog.ibb.gov.tr/kutuphane3/sureli/00336_04710_1937M0624_183196.pdf	
NSS017281	Cumhuriyet	4711	1937-06-25	https://katalog.ibb.gov.tr/kutuphane3/sureli/00336_04711_1937M0625_183197.pdf	
NSS017282	Cumhuriyet	4712	1937-06-26	https://katalog.ibb.gov.tr/kutuphane3/sureli/00336_04712_1937M0626_183198.pdf	
NSS017283	Cumhuriyet	4713	1937-06-27	https://katalog.ibb.gov.tr/kutuphane3/sureli/00336_04713_1937M0627_183199.pdf	
NSS017284	Cumhuriyet	4714	1937-06-28	https://katalog.ibb.gov.tr/kutuphane3/sureli/00336_04714_1937M0628_183200.pdf	
NSS017285	Cumhuriyet	4715	1937-06-29	https://katalog.ibb.gov.tr/kutuphane3/sureli/00336_04715_1937M0629_183201.pdf	
NSS017286	Cumhuriyet	4716	1937-06-30	https://katalog.ibb.gov.tr/kutuphane3/sureli/00336_04716_1937M0630_183202.pdf	
NSS017287	Cumhuriyet	4717	1937-07-01	https://katalog.ibb.gov.tr/kutuphane3/sureli/00336_04717_1937M0701_183203.pdf	
NSS017288	Cumhuriyet	4718	1937-07-02	https://katalog.ibb.gov.tr/kutuphane3/sureli/00336_04718_1937M0702_183204.pdf	
NSS017289	Cumhuriyet	4719	1937-07-03	https://katalog.ibb.gov.tr/kutuphane3/sureli/00336_04719_1937M0703_183205.pdf	
NSS017290	Cumhuriyet	4720	1937-07-04	https://katalog.ibb.gov.tr/kutuphane3/sureli/00336_04720_1937M0704_183206.pdf	
NSS017291	Cumhuriyet	4721	1937-07-05	https://katalog.ibb.gov.tr/kutuphane3/sureli/00336_04721_1937M0705_183207.pdf	
NSS017292	Cumhuriyet	4722	1937-07-06	https://katalog.ibb.gov.tr/kutuphane3/sureli/00336_04722_1937M0706_183208.pdf	
NSS017293	Cumhuriyet	4723	1937-07-07	https://katalog.ibb.gov.tr/kutuphane3/sureli/00336_04723_1937M0707_183209.pdf	
NSS017294	Cumhuriyet	4724	1937-07-08	https://katalog.ibb.gov.tr/kutuphane3/sureli/00336_04724_1937M0708_183210.pdf	
NSS017295	Cumhuriyet	4725	1937-07-09	https://katalog.ibb.gov.tr/kutuphane3/sureli/00336_04725_1937M0709_183211.pdf	
NSS017296	Cumhuriyet	4726	1937-07-10	https://katalog.ibb.gov.tr/kutuphane3/sureli/00336_04726_1937M0710_183212.pdf	
NSS017297	Cumhuriyet	4727	1937-07-11	https://katalog.ibb.gov.tr/kutuphane3/sureli/00336_04727_1937M0711_183213.pdf	
NSS017298	Cumhuriyet	4728	1937-07-12	https://katalog.ibb.gov.tr/kutuphane3/sureli/00336_04728_1937M0712_183214.pdf	
NSS017508	Cumhuriyet	4937	1938-02-09	https://katalog.ibb.gov.tr/kutuphane3/sureli/00336_04937_1938M0209_183424.pdf	
NSS017509	Cumhuriyet	4938	1938-02-10	https://katalog.ibb.gov.tr/kutuphane3/sureli/00336_04938_1938M0210_183425.pdf	
NSS017510	Cumhuriyet	4939	1938-02-11	https://katalog.ibb.gov.tr/kutuphane3/sureli/00336_04939_1938M0211_183426.pdf	
NSS017511	Cumhuriyet	4940	1938-02-15	https://katalog.ibb.gov.tr/kutuphane3/sureli/00336_04940_1938M0215_183427.pdf	
NSS017512	Cumhuriyet	4941	1938-02-16	https://katalog.ibb.gov.tr/kutuphane3/sureli/00336_04941_1938M0216_183428.pdf	
NSS017513	Cumhuriyet	4942	1938-02-17	https://katalog.ibb.gov.tr/kutuphane3/sureli/00336_04942_1938M0217_183429.pdf	
NSS017514	Cumhuriyet	4943	1938-02-18	https://katalog.ibb.gov.tr/kutuphane3/sureli/00336_04943_1938M0218_183430.pdf	
NSS017515	Cumhuriyet	4944	1938-02-19	https://katalog.ibb.gov.tr/kutuphane3/sureli/00336_04944_1938M0219_183431.pdf	
NSS017516	Cumhuriyet	4945	1938-02-20	https://katalog.ibb.gov.tr/kutuphane3/sureli/00336_04945_1938M0220_183432.pdf	
NSS017517	Cumhuriyet	4946	1938-02-21	https://katalog.ibb.gov.tr/kutuphane3/sureli/00336_04946_1938M0221_183433.pdf	
NSS017518	Cumhuriyet	4947	1938-02-22	https://katalog.ibb.gov.tr/kutuphane3/sureli/00336_04947_1938M0222_183434.pdf	
NSS017519	Cumhuriyet	4948	1938-02-23	https://katalog.ibb.gov.tr/kutuphane3/sureli/00336_04948_1938M0223_183435.pdf	
NSS017520	Cumhuriyet	4949	1938-02-24	https://katalog.ibb.gov.tr/kutuphane3/sureli/00336_04949_1938M0224_183436.pdf	
NSS017521	Cumhuriyet	4950	1938-02-25	https://katalog.ibb.gov.tr/kutuphane3/sureli/00336_04950_1938M0225_183437.pdf	
NSS017522	Cumhuriyet	4951	1938-02-26	https://katalog.ibb.gov.tr/kutuphane3/sureli/00336_04951_1938M0226_183438.pdf	
NSS017523	Cumhuriyet	4952	1938-02-27	https://katalog.ibb.gov.tr/kutuphane3/sureli/00336_04952_1938M0227_183439.pdf	
NSS017524	Cumhuriyet	4953	1938-02-28	https://katalog.ibb.gov.tr/kutuphane3/sureli/00336_04953_1938M0228_183440.pdf	
NSS017525	Cumhuriyet	4954	1938-03-01	https://katalog.ibb.gov.tr/kutuphane3/sureli/00336_04954_1938M0301_183441.pdf	
NSS017526	Cumhuriyet	4955	1938-03-02	https://katalog.ibb.gov.tr/kutuphane3/sureli/00336_04955_1938M0302_183442.pdf	
NSS017527	Cumhuriyet	4956	1938-03-03	https://katalog.ibb.gov.tr/kutuphane3/sureli/00336_04956_1938M0303_183443.pdf	
NSS017528	Cumhuriyet	4957	1938-03-04	https://katalog.ibb.gov.tr/kutuphane3/sureli/00336_04957_1938M0304_183444.pdf	
NSS017529	Cumhuriyet	4958	1938-03-05	https://katalog.ibb.gov.tr/kutuphane3/sureli/00336_04958_1938M0305_183445.pdf	
NSS017530	Cumhuriyet	4959	1938-03-06	https://katalog.ibb.gov.tr/kutuphane3/sureli/00336_04959_1938M0306_183446.pdf	
NSS017531	Cumhuriyet	4960	1938-03-07	https://katalog.ibb.gov.tr/kutuphane3/sureli/00336_04960_1938M0307_183447.pdf	
NSS017532	Cumhuriyet	4961	1938-03-08	https://katalog.ibb.gov.tr/kutuphane3/sureli/00336_04961_1938M0308_183448.pdf	
NSS017533	Cumhuriyet	4962	1938-03-09	https://katalog.ibb.gov.tr/kutuphane3/sureli/00336_04962_1938M0309_183449.pdf	
NSS017534	Cumhuriyet	4963	1938-03-10	https://katalog.ibb.gov.tr/kutuphane3/sureli/00336_04963_1938M0310_183450.pdf	
NSS017535	Cumhuriyet	4964	1938-03-11	https://katalog.ibb.gov.tr/kutuphane3/sureli/00336_04964_1938M0311_183451.pdf	
NSS017536	Cumhuriyet	4965	1938-03-12	https://katalog.ibb.gov.tr/kutuphane3/sureli/00336_04965_1938M0312_183452.pdf	
NSS017537	Cumhuriyet	4966	1938-03-13	https://katalog.ibb.gov.tr/kutuphane3/sureli/00336_04966_1938M0313_183453.pdf	
NSS017538	Cumhuriyet	4967	1938-03-14	https://katalog.ibb.gov.tr/kutuphane3/sureli/00336_04967_1938M0314_183454.pdf	
NSS017539	Cumhuriyet	4968	1938-03-15	https://katalog.ibb.gov.tr/kutuphane3/sureli/00336_04968_1938M0315_183455.pdf	
NSS017540	Cumhuriyet	4969	1938-03-16	https://katalog.ibb.gov.tr/kutuphane3/sureli/00336_04969_1938M0316_183456.pdf	
NSS017541	Cumhuriyet	4970	1938-03-17	https://katalog.ibb.gov.tr/kutuphane3/sureli/00336_04970_1938M0317_183457.pdf	
NSS017542	Cumhuriyet	4971	1938-03-18	https://katalog.ibb.gov.tr/kutuphane3/sureli/00336_04971_1938M0318_183458.pdf	
NSS017543	Cumhuriyet	4972	1938-03-19	https://katalog.ibb.gov.tr/kutuphane3/sureli/00336_04972_1938M0319_183459.pdf	
NSS017544	Cumhuriyet	4973	1938-03-20	https://katalog.ibb.gov.tr/kutuphane3/sureli/00336_04973_1938M0320_183460.pdf	
NSS017545	Cumhuriyet	4974	1938-03-21	https://katalog.ibb.gov.tr/kutuphane3/sureli/00336_04974_1938M0321_183461.pdf	
NSS017546	Cumhuriyet	4975	1938-03-22	https://katalog.ibb.gov.tr/kutuphane3/sureli/00336_04975_1938M0322_183462.pdf	
NSS017547	Cumhuriyet	4976	1938-03-23	https://katalog.ibb.gov.tr/kutuphane3/sureli/00336_04976_1938M0323_183463.pdf	
NSS017548	Cumhuriyet	4977	1938-03-24	https://katalog.ibb.gov.tr/kutuphane3/sureli/00336_04977_1938M0324_183464.pdf	
NSS017549	Cumhuriyet	4978	1938-03-25	https://katalog.ibb.gov.tr/kutuphane3/sureli/00336_04978_1938M0325_183465.pdf	
NSS017550	Cumhuriyet	4979	1938-03-26	https://katalog.ibb.gov.tr/kutuphane3/sureli/00336_04979_1938M0326_183466.pdf	
NSS017551	Cumhuriyet	4980	1938-03-27	https://katalog.ibb.gov.tr/kutuphane3/sureli/00336_04980_1938M0327_183467.pdf	
NSS017552	Cumhuriyet	4981	1938-03-28	https://katalog.ibb.gov.tr/kutuphane3/sureli/00336_04981_1938M0328_183468.pdf	
NSS017553	Cumhuriyet	4982	1938-03-29	https://katalog.ibb.gov.tr/kutuphane3/sureli/00336_04982_1938M0329_183469.pdf	
NSS017554	Cumhuriyet	4983	1938-03-30	https://katalog.ibb.gov.tr/kutuphane3/sureli/00336_04983_1938M0330_183470.pdf	
NSS017555	Cumhuriyet	4984	1938-03-31	https://katalog.ibb.gov.tr/kutuphane3/sureli/00336_04984_1938M0331_183471.pdf	
NSS017556	Cumhuriyet	4985	1938-04-01	https://katalog.ibb.gov.tr/kutuphane3/sureli/00336_04985_1938M0401_183472.pdf	
NSS017557	Cumhuriyet	4986	1938-04-02	https://katalog.ibb.gov.tr/kutuphane3/sureli/00336_04986_1938M0402_183473.pdf	
NSS017558	Cumhuriyet	4987	1938-04-03	https://katalog.ibb.gov.tr/kutuphane3/sureli/00336_04987_1938M0403_183474.pdf	
NSS017559	Cumhuriyet	4988	1938-04-04	https://katalog.ibb.gov.tr/kutuphane3/sureli/00336_04988_1938M0404_183475.pdf	
NSS017560	Cumhuriyet	4989	1938-04-05	https://katalog.ibb.gov.tr/kutuphane3/sureli/00336_04989_1938M0405_183476.pdf	
NSS017561	Cumhuriyet	4990	1938-04-06	https://katalog.ibb.gov.tr/kutuphane3/sureli/00336_04990_1938M0406_183477.pdf	
NSS017562	Cumhuriyet	4991	1938-04-07	https://katalog.ibb.gov.tr/kutuphane3/sureli/00336_04991_1938M0407_183478.pdf	
NSS017563	Cumhuriyet	4992	1938-04-08	https://katalog.ibb.gov.tr/kutuphane3/sureli/00336_04992_1938M0408_183479.pdf	
NSS017564	Cumhuriyet	4993	1938-04-09	https://katalog.ibb.gov.tr/kutuphane3/sureli/00336_04993_1938M0409_183480.pdf	
NSS017565	Cumhuriyet	4994	1938-04-10	https://katalog.ibb.gov.tr/kutuphane3/sureli/00336_04994_1938M0410_183481.pdf	
NSS017566	Cumhuriyet	4995	1938-04-11	https://katalog.ibb.gov.tr/kutuphane3/sureli/00336_04995_1938M0411_183482.pdf	
NSS017567	Cumhuriyet	4996	1938-04-12	https://katalog.ibb.gov.tr/kutuphane3/sureli/00336_04996_1938M0412_183483.pdf	
NSS017568	Cumhuriyet	4997	1938-04-13	https://katalog.ibb.gov.tr/kutuphane3/sureli/00336_04997_1938M0413_183484.pdf	
NSS017569	Cumhuriyet	4998	1938-04-14	https://katalog.ibb.gov.tr/kutuphane3/sureli/00336_04998_1938M0414_183485.pdf	
NSS017570	Cumhuriyet	4999	1938-04-15	https://katalog.ibb.gov.tr/kutuphane3/sureli/00336_04999_1938M0415_183486.pdf	
NSS017571	Cumhuriyet	5000	1938-04-16	https://katalog.ibb.gov.tr/kutuphane3/sureli/00336_05000_1938M0416_183487.pdf	
NSS017572	Cumhuriyet	5001	1938-04-17	https://katalog.ibb.gov.tr/kutuphane3/sureli/00336_05001_1938M0417_183488.pdf	
NSS017573	Cumhuriyet	5002	1938-04-18	https://katalog.ibb.gov.tr/kutuphane3/sureli/00336_05002_1938M0418_183489.pdf	
NSS017574	Cumhuriyet	5003	1938-04-19	https://katalog.ibb.gov.tr/kutuphane3/sureli/00336_05003_1938M0419_183490.pdf	
NSS017575	Cumhuriyet	5004	1938-04-20	https://katalog.ibb.gov.tr/kutuphane3/sureli/00336_05004_1938M0420_183491.pdf	
NSS017576	Cumhuriyet	5006	1938-04-22	https://katalog.ibb.gov.tr/kutuphane3/sureli/00336_05006_1938M0422_183492.pdf	
NSS017577	Cumhuriyet	5007	1938-04-23	https://katalog.ibb.gov.tr/kutuphane3/sureli/00336_05007_1938M0423_183493.pdf	
NSS017578	Cumhuriyet	5008	1938-04-24	https://katalog.ibb.gov.tr/kutuphane3/sureli/00336_05008_1938M0424_183494.pdf	
NSS017592	Cumhuriyet	5022	1938-05-08	https://katalog.ibb.gov.tr/kutuphane3/sureli/00336_05022_1938M0508_183509.pdf	
NSS017593	Cumhuriyet	5023	1938-05-09	https://katalog.ibb.gov.tr/kutuphane3/sureli/00336_05023_1938M0509_183510.pdf	
NSS017594	Cumhuriyet	5024	1938-05-10	https://katalog.ibb.gov.tr/kutuphane3/sureli/00336_05024_1938M0510_183511.pdf	
NSS017595	Cumhuriyet	5025	1938-05-11	https://katalog.ibb.gov.tr/kutuphane3/sureli/00336_05025_1938M0511_183512.pdf	
NSS017596	Cumhuriyet	5026	1938-05-12	https://katalog.ibb.gov.tr/kutuphane3/sureli/00336_05026_1938M0512_183513.pdf	
NSS017597	Cumhuriyet	5027	1938-05-13	https://katalog.ibb.gov.tr/kutuphane3/sureli/00336_05027_1938M0513_183514.pdf	
NSS017598	Cumhuriyet	5028	1938-05-14	https://katalog.ibb.gov.tr/kutuphane3/sureli/00336_05028_1938M0514_183515.pdf	
NSS017599	Cumhuriyet	5029	1938-05-15	https://katalog.ibb.gov.tr/kutuphane3/sureli/00336_05029_1938M0515_183516.pdf	
NSS017600	Cumhuriyet	5030	1938-05-16	https://katalog.ibb.gov.tr/kutuphane3/sureli/00336_05030_1938M0516_183517.pdf	
NSS017601	Cumhuriyet	5031	1938-05-17	https://katalog.ibb.gov.tr/kutuphane3/sureli/00336_05031_1938M0517_183518.pdf	
NSS017602	Cumhuriyet	5032	1938-05-18	https://katalog.ibb.gov.tr/kutuphane3/sureli/00336_05032_1938M0518_183519.pdf	
NSS017603	Cumhuriyet	5033	1938-05-19	https://katalog.ibb.gov.tr/kutuphane3/sureli/00336_05033_1938M0519_183520.pdf	
NSS017604	Cumhuriyet	5034	1938-05-20	https://katalog.ibb.gov.tr/kutuphane3/sureli/00336_05034_1938M0520_183521.pdf	
NSS017605	Cumhuriyet	5035	1938-05-21	https://katalog.ibb.gov.tr/kutuphane3/sureli/00336_05035_1938M0521_183522.pdf	
NSS017606	Cumhuriyet	5036	1938-05-22	https://katalog.ibb.gov.tr/kutuphane3/sureli/00336_05036_1938M0522_183523.pdf	
NSS017607	Cumhuriyet	5037	1938-05-23	https://katalog.ibb.gov.tr/kutuphane3/sureli/00336_05037_1938M0523_183524.pdf	
NSS017608	Cumhuriyet	5038	1938-05-24	https://katalog.ibb.gov.tr/kutuphane3/sureli/00336_05038_1938M0524_183525.pdf	
NSS017609	Cumhuriyet	5039	1938-05-25	https://katalog.ibb.gov.tr/kutuphane3/sureli/00336_05039_1938M0525_183526.pdf	
NSS017610	Cumhuriyet	5040	1938-05-26	https://katalog.ibb.gov.tr/kutuphane3/sureli/00336_05040_1938M0526_183527.pdf	
NSS017611	Cumhuriyet	5041	1938-05-27	https://katalog.ibb.gov.tr/kutuphane3/sureli/00336_05041_1938M0527_183528.pdf	
NSS017612	Cumhuriyet	5042	1938-05-28	https://katalog.ibb.gov.tr/kutuphane3/sureli/00336_05042_1938M0528_183529.pdf	
NSS017613	Cumhuriyet	5043	1938-05-29	https://katalog.ibb.gov.tr/kutuphane3/sureli/00336_05043_1938M0529_183530.pdf	
NSS017614	Cumhuriyet	5044	1938-05-30	https://katalog.ibb.gov.tr/kutuphane3/sureli/00336_05044_1938M0530_183531.pdf	
NSS017615	Cumhuriyet	5045	1938-05-31	https://katalog.ibb.gov.tr/kutuphane3/sureli/00336_05045_1938M0531_183532.pdf	
NSS017616	Cumhuriyet	5046	1938-06-01	https://katalog.ibb.gov.tr/kutuphane3/sureli/00336_05046_1938M0601_183533.pdf	
NSS017617	Cumhuriyet	5047	1938-06-02	https://katalog.ibb.gov.tr/kutuphane3/sureli/00336_05047_1938M0602_183534.pdf	
NSS017618	Cumhuriyet	5048	1938-06-03	https://katalog.ibb.gov.tr/kutuphane3/sureli/00336_05048_1938M0603_183535.pdf	
NSS017619	Cumhuriyet	5049	1938-06-04	https://katalog.ibb.gov.tr/kutuphane3/sureli/00336_05049_1938M0604_183536.pdf	
NSS017620	Cumhuriyet	5050	1938-06-05	https://katalog.ibb.gov.tr/kutuphane3/sureli/00336_05050_1938M0605_183537.pdf	
NSS017621	Cumhuriyet	5051	1938-06-06	https://katalog.ibb.gov.tr/kutuphane3/sureli/00336_05051_1938M0606_183538.pdf	
NSS017622	Cumhuriyet	5052	1938-06-07	https://katalog.ibb.gov.tr/kutuphane3/sureli/00336_05052_1938M0607_183539.pdf	
NSS017623	Cumhuriyet	5053	1938-06-08	https://katalog.ibb.gov.tr/kutuphane3/sureli/00336_05053_1938M0608_183540.pdf	
NSS017624	Cumhuriyet	5054	1938-06-09	https://katalog.ibb.gov.tr/kutuphane3/sureli/00336_05054_1938M0609_183541.pdf	
NSS017625	Cumhuriyet	5055	1938-06-10	https://katalog.ibb.gov.tr/kutuphane3/sureli/00336_05055_1938M0610_183542.pdf	
NSS017626	Cumhuriyet	5056	1938-06-11	https://katalog.ibb.gov.tr/kutuphane3/sureli/00336_05056_1938M0611_183543.pdf	
NSS017627	Cumhuriyet	5057	1938-06-12	https://katalog.ibb.gov.tr/kutuphane3/sureli/00336_05057_1938M0612_183544.pdf	
NSS017628	Cumhuriyet	5058	1938-06-13	https://katalog.ibb.gov.tr/kutuphane3/sureli/00336_05058_1938M0613_183545.pdf	
NSS017629	Cumhuriyet	5059	1938-06-14	https://katalog.ibb.gov.tr/kutuphane3/sureli/00336_05059_1938M0614_183546.pdf	
NSS017630	Cumhuriyet	5060	1938-06-15	https://katalog.ibb.gov.tr/kutuphane3/sureli/00336_05060_1938M0615_183547.pdf	
NSS017631	Cumhuriyet	5061	1938-06-16	https://katalog.ibb.gov.tr/kutuphane3/sureli/00336_05061_1938M0616_183548.pdf	
NSS017632	Cumhuriyet	5062	1938-06-17	https://katalog.ibb.gov.tr/kutuphane3/sureli/00336_05062_1938M0617_183549.pdf	
NSS017633	Cumhuriyet	5063	1938-06-18	https://katalog.ibb.gov.tr/kutuphane3/sureli/00336_05063_1938M0618_183550.pdf	
NSS017634	Cumhuriyet	5064	1938-06-19	https://katalog.ibb.gov.tr/kutuphane3/sureli/00336_05064_1938M0619_183551.pdf	
NSS017635	Cumhuriyet	5065	1938-06-20	https://katalog.ibb.gov.tr/kutuphane3/sureli/00336_05065_1938M0620_183552.pdf	
NSS017636	Cumhuriyet	5066	1938-06-21	https://katalog.ibb.gov.tr/kutuphane3/sureli/00336_05066_1938M0621_183553.pdf	
NSS017637	Cumhuriyet	5067	1938-06-22	https://katalog.ibb.gov.tr/kutuphane3/sureli/00336_05067_1938M0622_183554.pdf	
NSS017638	Cumhuriyet	5068	1938-06-23	https://katalog.ibb.gov.tr/kutuphane3/sureli/00336_05068_1938M0623_183555.pdf	
NSS017770	Cumhuriyet	5202	1938-11-06	https://katalog.ibb.gov.tr/kutuphane3/sureli/00336_05202_1938M0404_183687.pdf	tahmini (katalog: 1938-04-04)
NSS017771	Cumhuriyet	5203	1938-11-07	https://katalog.ibb.gov.tr/kutuphane3/sureli/00336_05203_1938M0405_183688.pdf	tahmini (katalog: 1938-04-05)
NSS017772	Cumhuriyet	5204	1938-11-08	https://katalog.ibb.gov.tr/kutuphane3/sureli/00336_05204_1938M0406_183689.pdf	tahmini (katalog: 1938-04-06)
NSS017773	Cumhuriyet	5205	1938-11-09	https://katalog.ibb.gov.tr/kutuphane3/sureli/00336_05205_1938M0407_183690.pdf	tahmini (katalog: 1938-04-07)
NSS017774	Cumhuriyet	5206	1938-11-10	https://katalog.ibb.gov.tr/kutuphane3/sureli/00336_05206_1938M0408_183691.pdf	tahmini (katalog: 1938-04-08)
NSS017775	Cumhuriyet	5207	1938-11-11	https://katalog.ibb.gov.tr/kutuphane3/sureli/00336_05207_1938M0409_183692.pdf	tahmini (katalog: 1938-04-09)
NSS017776	Cumhuriyet	5208	1938-11-12	https://katalog.ibb.gov.tr/kutuphane3/sureli/00336_05208_1938M0410_183693.pdf	tahmini (katalog: 1938-04-10)
NSS017777	Cumhuriyet	5209	1938-11-13	https://katalog.ibb.gov.tr/kutuphane3/sureli/00336_05209_1938M0411_183694.pdf	tahmini (katalog: 1938-04-11)
NSS017778	Cumhuriyet	5210	1938-11-14	https://katalog.ibb.gov.tr/kutuphane3/sureli/00336_05210_1938M0412_183695.pdf	tahmini (katalog: 1938-04-12)
NSS017779	Cumhuriyet	5211	1938-11-15	https://katalog.ibb.gov.tr/kutuphane3/sureli/00336_05211_1938M0413_183696.pdf	tahmini (katalog: 1938-04-13)
NSS017780	Cumhuriyet	5212	1938-11-16	https://katalog.ibb.gov.tr/kutuphane3/sureli/00336_05212_1938M0414_183697.pdf	tahmini (katalog: 1938-04-14)
NSS017781	Cumhuriyet	5213	1938-11-17	https://katalog.ibb.gov.tr/kutuphane3/sureli/00336_05213_1938M0415_183698.pdf	tahmini (katalog: 1938-04-15)
NSS017782	Cumhuriyet	5214	1938-11-18	https://katalog.ibb.gov.tr/kutuphane3/sureli/00336_05214_1938M0416_183699.pdf	tahmini (katalog: 1938-04-16)
NSS017783	Cumhuriyet	5215	1938-11-19	https://katalog.ibb.gov.tr/kutuphane3/sureli/00336_05215_1938M0417_183700.pdf	tahmini (katalog: 1938-04-17)
NSS017784	Cumhuriyet	5216	1938-11-20	https://katalog.ibb.gov.tr/kutuphane3/sureli/00336_05216_1938M0418_183701.pdf	tahmini (katalog: 1938-04-18)
NSS017785	Cumhuriyet	5217	1938-11-21	https://katalog.ibb.gov.tr/kutuphane3/sureli/00336_05217_1938M0419_183702.pdf	tahmini (katalog: 1938-04-19)
NSS017786	Cumhuriyet	5218	1938-11-22	https://katalog.ibb.gov.tr/kutuphane3/sureli/00336_05218_1938M0420_183703.pdf	tahmini (katalog: 1938-04-20)
NSS017787	Cumhuriyet	5219	1938-11-23	https://katalog.ibb.gov.tr/kutuphane3/sureli/00336_05219_1938M0421_183704.pdf	tahmini (katalog: 1938-04-21)
NSS017788	Cumhuriyet	5220	1938-11-24	https://katalog.ibb.gov.tr/kutuphane3/sureli/00336_05220_1938M0422_183705.pdf	tahmini (katalog: 1938-04-22)
NSS017789	Cumhuriyet	5221	1938-11-25	https://katalog.ibb.gov.tr/kutuphane3/sureli/00336_05221_1938M0423_183706.pdf	tahmini (katalog: 1938-04-23)
NSS017790	Cumhuriyet	5222	1938-11-26	https://katalog.ibb.gov.tr/kutuphane3/sureli/00336_05222_1938M0426_183707.pdf	tahmini (katalog: 1938-04-26)
NSS017791	Cumhuriyet	5223	1938-11-27	https://katalog.ibb.gov.tr/kutuphane3/sureli/00336_05223_1938M0427_183708.pdf	tahmini (katalog: 1938-04-27)
NSS017792	Cumhuriyet	5224	1938-11-28	https://katalog.ibb.gov.tr/kutuphane3/sureli/00336_05224_1938M0428_183709.pdf	tahmini (katalog: 1938-04-28)
NSS017793	Cumhuriyet	5225	1938-11-29	https://katalog.ibb.gov.tr/kutuphane3/sureli/00336_05225_1938M0429_183710.pdf	tahmini (katalog: 1938-04-29)
NSS017794	Cumhuriyet	5226	1938-11-30	https://katalog.ibb.gov.tr/kutuphane3/sureli/00336_05226_1938M0430_183711.pdf	tahmini (katalog: 1938-04-30)
NSS017795	Cumhuriyet	5227	1938-12-01	https://katalog.ibb.gov.tr/kutuphane3/sureli/00336_05227_1938M1201_183712.pdf	
NSS017796	Cumhuriyet	5228	1938-12-02	https://katalog.ibb.gov.tr/kutuphane3/sureli/00336_05228_1938M1202_183713.pdf	
NSS017797	Cumhuriyet	5229	1938-12-03	https://katalog.ibb.gov.tr/kutuphane3/sureli/00336_05229_1938M1203_183714.pdf	
NSS017798	Cumhuriyet	5230	1938-12-04	https://katalog.ibb.gov.tr/kutuphane3/sureli/00336_05230_1938M1204_183715.pdf	
NSS017799	Cumhuriyet	5231	1938-12-05	https://katalog.ibb.gov.tr/kutuphane3/sureli/00336_05231_1938M1205_183716.pdf	
NSS017800	Cumhuriyet	5232	1938-12-06	https://katalog.ibb.gov.tr/kutuphane3/sureli/00336_05232_1938M1206_183717.pdf	
NSS017801	Cumhuriyet	5233	1938-12-07	https://katalog.ibb.gov.tr/kutuphane3/sureli/00336_05233_1938M1207_183718.pdf	
NSS017802	Cumhuriyet	5234	1938-12-08	https://katalog.ibb.gov.tr/kutuphane3/sureli/00336_05234_1938M1208_183719.pdf	
NSS017803	Cumhuriyet	5235	1938-12-09	https://katalog.ibb.gov.tr/kutuphane3/sureli/00336_05235_1938M1209_183720.pdf	
NSS017804	Cumhuriyet	5236	1938-12-10	https://katalog.ibb.gov.tr/kutuphane3/sureli/00336_05236_1938M1210_183721.pdf	
NSS017805	Cumhuriyet	5237	1938-12-11	https://katalog.ibb.gov.tr/kutuphane3/sureli/00336_05237_1938M1211_183722.pdf	
NSS017806	Cumhuriyet	5238	1938-12-12	https://katalog.ibb.gov.tr/kutuphane3/sureli/00336_05238_1938M1212_183723.pdf	
NSS017807	Cumhuriyet	5239	1938-12-13	https://katalog.ibb.gov.tr/kutuphane3/sureli/00336_05239_1938M1213_183724.pdf	
NSS017808	Cumhuriyet	5240	1938-12-14	https://katalog.ibb.gov.tr/kutuphane3/sureli/00336_05240_1938M1214_183725.pdf	
NSS017809	Cumhuriyet	5241	1938-12-15	https://katalog.ibb.gov.tr/kutuphane3/sureli/00336_05241_1938M1215_183726.pdf	
NSS017810	Cumhuriyet	5242	1938-12-16	https://katalog.ibb.gov.tr/kutuphane3/sureli/00336_05242_1938M1216_183727.pdf	
NSS017811	Cumhuriyet	5243	1938-12-17	https://katalog.ibb.gov.tr/kutuphane3/sureli/00336_05243_1938M1217_183728.pdf	
NSS017812	Cumhuriyet	5244	1938-12-18	https://katalog.ibb.gov.tr/kutuphane3/sureli/00336_05244_1938M1218_183729.pdf	
NSS017813	Cumhuriyet	5245	1938-12-19	https://katalog.ibb.gov.tr/kutuphane3/sureli/00336_05245_1938M1219_183730.pdf	
NSS017814	Cumhuriyet	5246	1938-12-20	https://katalog.ibb.gov.tr/kutuphane3/sureli/00336_05246_1938M1220_183731.pdf	
NSS017815	Cumhuriyet	5247	1938-12-21	https://katalog.ibb.gov.tr/kutuphane3/sureli/00336_05247_1938M1221_183732.pdf	
NSS017816	Cumhuriyet	5248	1938-12-22	https://katalog.ibb.gov.tr/kutuphane3/sureli/00336_05248_1938M1222_183733.pdf	
NSS017817	Cumhuriyet	5249	1938-12-23	https://katalog.ibb.gov.tr/kutuphane3/sureli/00336_05249_1938M1223_183734.pdf	
NSS017818	Cumhuriyet	5250	1938-12-24	https://katalog.ibb.gov.tr/kutuphane3/sureli/00336_05250_1938M1224_183735.pdf	
NSS017819	Cumhuriyet	5251	1938-12-25	https://katalog.ibb.gov.tr/kutuphane3/sureli/00336_05251_1938M1225_183736.pdf	
NSS017820	Cumhuriyet	5252	1938-12-26	https://katalog.ibb.gov.tr/kutuphane3/sureli/00336_05252_1938M1226_183737.pdf	
NSS017821	Cumhuriyet	5253	1938-12-27	https://katalog.ibb.gov.tr/kutuphane3/sureli/00336_05253_1938M1227_183738.pdf	
NSS017822	Cumhuriyet	5254	1938-12-28	https://katalog.ibb.gov.tr/kutuphane3/sureli/00336_05254_1938M1228_183739.pdf	
NSS017823	Cumhuriyet	5255	1938-12-29	https://katalog.ibb.gov.tr/kutuphane3/sureli/00336_05255_1938M1229_183740.pdf	
NSS017824	Cumhuriyet	5256	1938-12-30	https://katalog.ibb.gov.tr/kutuphane3/sureli/00336_05256_1938M1230_183741.pdf	
NSS017825	Cumhuriyet	5257	1938-12-31	https://katalog.ibb.gov.tr/kutuphane3/sureli/00336_05257_1938M1231_183742.pdf	
NSS017829	Cumhuriyet	5258	1939-01-01	https://katalog.ibb.gov.tr/kutuphane3/sureli/00336_05258_1939M0101_183747.pdf	
NSS017830	Cumhuriyet	5259	1939-01-02	https://katalog.ibb.gov.tr/kutuphane3/sureli/00336_05259_1939M0102_183748.pdf	
NSS017831	Cumhuriyet	5260	1939-01-03	https://katalog.ibb.gov.tr/kutuphane3/sureli/00336_05260_1939M0103_183749.pdf	
NSS017832	Cumhuriyet	5261	1939-01-04	https://katalog.ibb.gov.tr/kutuphane3/sureli/00336_05261_1939M0104_183750.pdf	
NSS017833	Cumhuriyet	5262	1939-01-05	https://katalog.ibb.gov.tr/kutuphane3/sureli/00336_05262_1939M0105_183751.pdf	
NSS017834	Cumhuriyet	5263	1939-01-06	https://katalog.ibb.gov.tr/kutuphane3/sureli/00336_05263_1939M0106_183752.pdf	
NSS017835	Cumhuriyet	5264	1939-01-07	https://katalog.ibb.gov.tr/kutuphane3/sureli/00336_05264_1939M0107_183753.pdf	
NSS017836	Cumhuriyet	5265	1939-01-08	https://katalog.ibb.gov.tr/kutuphane3/sureli/00336_05265_1939M0108_183754.pdf	
NSS017837	Cumhuriyet	5266	1939-01-09	https://katalog.ibb.gov.tr/kutuphane3/sureli/00336_05266_1939M0109_183755.pdf	
NSS017838	Cumhuriyet	5267	1939-01-10	https://katalog.ibb.gov.tr/kutuphane3/sureli/00336_05267_1939M0110_183756.pdf	
NSS017839	Cumhuriyet	5268	1939-01-11	https://katalog.ibb.gov.tr/kutuphane3/sureli/00336_05268_1939M0111_183757.pdf	
NSS017840	Cumhuriyet	5269	1939-01-12	https://katalog.ibb.gov.tr/kutuphane3/sureli/00336_05269_1939M0112_183758.pdf	
NSS017841	Cumhuriyet	5270	1939-01-13	https://katalog.ibb.gov.tr/kutuphane3/sureli/00336_05270_1939M0113_183759.pdf	
NSS017842	Cumhuriyet	5271	1939-01-14	https://katalog.ibb.gov.tr/kutuphane3/sureli/00336_05271_1939M0114_183760.pdf	
NSS017843	Cumhuriyet	5272	1939-01-15	https://katalog.ibb.gov.tr/kutuphane3/sureli/00336_05272_1939M0115_183761.pdf	
NSS017844	Cumhuriyet	5273	1939-01-16	https://katalog.ibb.gov.tr/kutuphane3/sureli/00336_05273_1939M0116_183762.pdf	
NSS017845	Cumhuriyet	5274	1939-01-17	https://katalog.ibb.gov.tr/kutuphane3/sureli/00336_05274_1939M0117_183763.pdf	
NSS017846	Cumhuriyet	5275	1939-01-18	https://katalog.ibb.gov.tr/kutuphane3/sureli/00336_05275_1939M0118_183764.pdf	
NSS017847	Cumhuriyet	5276	1939-01-19	https://katalog.ibb.gov.tr/kutuphane3/sureli/00336_05276_1939M0119_183765.pdf	
NSS017848	Cumhuriyet	5277	1939-01-20	https://katalog.ibb.gov.tr/kutuphane3/sureli/00336_05277_1939M0120_183766.pdf	
NSS017849	Cumhuriyet	5278	1939-01-21	https://katalog.ibb.gov.tr/kutuphane3/sureli/00336_05278_1939M0121_183767.pdf	
NSS017850	Cumhuriyet	5279	1939-01-22	https://katalog.ibb.gov.tr/kutuphane3/sureli/00336_05279_1939M0122_183768.pdf	
NSS017851	Cumhuriyet	5280	1939-01-23	https://katalog.ibb.gov.tr/kutuphane3/sureli/00336_05280_1939M0123_183769.pdf	
NSS017852	Cumhuriyet	5281	1939-01-24	https://katalog.ibb.gov.tr/kutuphane3/sureli/00336_05281_1939M0124_183770.pdf	
NSS017853	Cumhuriyet	5282	1939-01-25	https://katalog.ibb.gov.tr/kutuphane3/sureli/00336_05282_1939M0125_183771.pdf	
NSS017854	Cumhuriyet	5283	1939-01-26	https://katalog.ibb.gov.tr/kutuphane3/sureli/00336_05283_1939M0126_183772.pdf	
NSS017855	Cumhuriyet	5284	1939-01-27	https://katalog.ibb.gov.tr/kutuphane3/sureli/00336_05284_1939M0127_183773.pdf	
NSS017856	Cumhuriyet	5285	1939-01-28	https://katalog.ibb.gov.tr/kutuphane3/sureli/00336_05285_1939M0128_183774.pdf	
NSS017857	Cumhuriyet	5286	1939-01-29	https://katalog.ibb.gov.tr/kutuphane3/sureli/00336_05286_1939M0129_183775.pdf	
NSS017858	Cumhuriyet	5287	1939-01-30	https://katalog.ibb.gov.tr/kutuphane3/sureli/00336_05287_1939M0130_183776.pdf	
NSS017859	Cumhuriyet	5288	1939-01-31	https://katalog.ibb.gov.tr/kutuphane3/sureli/00336_05288_1939M0131_183777.pdf	
NSS017860	Cumhuriyet	5289	1939-02-04	https://katalog.ibb.gov.tr/kutuphane3/sureli/00336_05289_1939M0204_183778.pdf	
NSS017861	Cumhuriyet	5290	1939-02-05	https://katalog.ibb.gov.tr/kutuphane3/sureli/00336_05290_1939M0205_183779.pdf	
NSS017862	Cumhuriyet	5291	1939-02-06	https://katalog.ibb.gov.tr/kutuphane3/sureli/00336_05291_1939M0206_183780.pdf	
NSS017863	Cumhuriyet	5292	1939-02-07	https://katalog.ibb.gov.tr/kutuphane3/sureli/00336_05292_1939M0207_183781.pdf	
NSS017864	Cumhuriyet	5293	1939-02-08	https://katalog.ibb.gov.tr/kutuphane3/sureli/00336_05293_1939M0208_183782.pdf	
NSS017865	Cumhuriyet	5294	1939-02-09	https://katalog.ibb.gov.tr/kutuphane3/sureli/00336_05294_1939M0209_183783.pdf	
NSS017866	Cumhuriyet	5295	1939-02-10	https://katalog.ibb.gov.tr/kutuphane3/sureli/00336_05295_1939M0210_183784.pdf	
NSS017867	Cumhuriyet	5296	1939-02-11	https://katalog.ibb.gov.tr/kutuphane3/sureli/00336_05296_1939M0211_183785.pdf	
NSS017868	Cumhuriyet	5297	1939-02-12	https://katalog.ibb.gov.tr/kutuphane3/sureli/00336_05297_1939M0212_183786.pdf	
NSS017869	Cumhuriyet	5298	1939-02-13	https://katalog.ibb.gov.tr/kutuphane3/sureli/00336_05298_1939M0213_183787.pdf	
NSS017870	Cumhuriyet	5299	1939-02-14	https://katalog.ibb.gov.tr/kutuphane3/sureli/00336_05299_1939M0214_183788.pdf	
NSS017871	Cumhuriyet	5300	1939-02-15	https://katalog.ibb.gov.tr/kutuphane3/sureli/00336_05300_1939M0215_183789.pdf	
NSS017872	Cumhuriyet	5301	1939-02-16	https://katalog.ibb.gov.tr/kutuphane3/sureli/00336_05301_1939M0216_183790.pdf	
NSS017873	Cumhuriyet	5302	1939-02-17	https://katalog.ibb.gov.tr/kutuphane3/sureli/00336_05302_1939M0217_183791.pdf	
NSS017874	Cumhuriyet	5303	1939-02-18	https://katalog.ibb.gov.tr/kutuphane3/sureli/00336_05303_1939M0218_183792.pdf	
NSS017875	Cumhuriyet	5304	1939-02-19	https://katalog.ibb.gov.tr/kutuphane3/sureli/00336_05304_1939M0219_183793.pdf	
NSS017876	Cumhuriyet	5305	1939-02-20	https://katalog.ibb.gov.tr/kutuphane3/sureli/00336_05305_1939M0220_183794.pdf	
NSS017877	Cumhuriyet	5306	1939-02-21	https://katalog.ibb.gov.tr/kutuphane3/sureli/00336_05306_1939M0221_183795.pdf	
NSS017878	Cumhuriyet	5307	1939-02-22	https://katalog.ibb.gov.tr/kutuphane3/sureli/00336_05307_1939M0222_183796.pdf	
NSS017879	Cumhuriyet	5308	1939-02-23	https://katalog.ibb.gov.tr/kutuphane3/sureli/00336_05308_1939M0223_183797.pdf	
NSS017880	Cumhuriyet	5309	1939-02-24	https://katalog.ibb.gov.tr/kutuphane3/sureli/00336_05309_1939M0224_183798.pdf	
NSS017881	Cumhuriyet	5310	1939-02-25	https://katalog.ibb.gov.tr/kutuphane3/sureli/00336_05310_1939M0225_183799.pdf	
NSS017882	Cumhuriyet	5311	1939-02-26	https://katalog.ibb.gov.tr/kutuphane3/sureli/00336_05311_1939M0226_183800.pdf	
NSS017883	Cumhuriyet	5312	1939-02-27	https://katalog.ibb.gov.tr/kutuphane3/sureli/00336_05312_1939M0227_183801.pdf	
NSS017884	Cumhuriyet	5313	1939-02-28	https://katalog.ibb.gov.tr/kutuphane3/sureli/00336_05313_1939M0228_183802.pdf	
NSS017885	Cumhuriyet	5314	1939-03-01	https://katalog.ibb.gov.tr/kutuphane3/sureli/00336_05314_1939M0301_183803.pdf	
NSS017886	Cumhuriyet	5315	1939-03-02	https://katalog.ibb.gov.tr/kutuphane3/sureli/00336_05315_1939M0302_183804.pdf	
NSS017887	Cumhuriyet	5316	1939-03-03	https://katalog.ibb.gov.tr/kutuphane3/sureli/00336_05316_1939M0303_183805.pdf	
NSS017888	Cumhuriyet	5317	1939-03-04	https://katalog.ibb.gov.tr/kutuphane3/sureli/00336_05317_1939M0304_183806.pdf	
NSS017889	Cumhuriyet	5318	1939-03-05	https://katalog.ibb.gov.tr/kutuphane3/sureli/00336_05318_1939M0305_183807.pdf	
NSS017890	Cumhuriyet	5319	1939-03-06	https://katalog.ibb.gov.tr/kutuphane3/sureli/00336_05319_1939M0306_183808.pdf	
NSS017891	Cumhuriyet	5320	1939-03-07	https://katalog.ibb.gov.tr/kutuphane3/sureli/00336_05320_1939M0307_183809.pdf	
NSS017892	Cumhuriyet	5321	1939-03-08	https://katalog.ibb.gov.tr/kutuphane3/sureli/00336_05321_1939M0308_183810.pdf	
NSS017893	Cumhuriyet	5322	1939-03-09	https://katalog.ibb.gov.tr/kutuphane3/sureli/00336_05322_1939M0309_183811.pdf	
NSS017894	Cumhuriyet	5323	1939-03-10	https://katalog.ibb.gov.tr/kutuphane3/sureli/00336_05323_1939M0310_183812.pdf	
NSS017895	Cumhuriyet	5324	1939-03-11	https://katalog.ibb.gov.tr/kutuphane3/sureli/00336_05324_1939M0311_183813.pdf	
NSS017896	Cumhuriyet	5325	1939-03-12	https://katalog.ibb.gov.tr/kutuphane3/sureli/00336_05325_1939M0312_183814.pdf	
NSS017944	Cumhuriyet	5374	1939-04-30	https://katalog.ibb.gov.tr/kutuphane3/sureli/00336_05374_1939M0430_183862.pdf	
NSS017945	Cumhuriyet	5375	1939-05-01	https://katalog.ibb.gov.tr/kutuphane3/sureli/00336_05375_1939M0501_183863.pdf	
NSS017946	Cumhuriyet	5376	1939-05-02	https://katalog.ibb.gov.tr/kutuphane3/sureli/00336_05376_1939M0502_183864.pdf	
NSS017947	Cumhuriyet	5377	1939-05-03	https://katalog.ibb.gov.tr/kutuphane3/sureli/00336_05377_1939M0503_183865.pdf	
NSS017948	Cumhuriyet	5378	1939-05-04	https://katalog.ibb.gov.tr/kutuphane3/sureli/00336_05378_1939M0504_183866.pdf	
NSS017949	Cumhuriyet	5379	1939-05-05	https://katalog.ibb.gov.tr/kutuphane3/sureli/00336_05379_1939M0505_183867.pdf	
NSS017950	Cumhuriyet	5380	1939-05-06	https://katalog.ibb.gov.tr/kutuphane3/sureli/00336_05380_1939M0506_183868.pdf	
NSS017951	Cumhuriyet	5381	1939-05-07	https://katalog.ibb.gov.tr/kutuphane3/sureli/00336_05381_1939M0507_183869.pdf	
NSS017952	Cumhuriyet	5382	1939-05-08	https://katalog.ibb.gov.tr/kutuphane3/sureli/00336_05382_1939M0508_183870.pdf	
NSS017953	Cumhuriyet	5383	1939-05-09	https://katalog.ibb.gov.tr/kutuphane3/sureli/00336_05383_1939M0509_183871.pdf	
NSS017954	Cumhuriyet	5384	1939-05-10	https://katalog.ibb.gov.tr/kutuphane3/sureli/00336_05384_1939M0510_183872.pdf	
NSS017955	Cumhuriyet	5385	1939-05-11	https://katalog.ibb.gov.tr/kutuphane3/sureli/00336_05385_1939M0511_183873.pdf	
NSS017956	Cumhuriyet	5386	1939-05-12	https://katalog.ibb.gov.tr/kutuphane3/sureli/00336_05386_1939M0512_183874.pdf	
NSS017957	Cumhuriyet	5387	1939-05-13	https://katalog.ibb.gov.tr/kutuphane3/sureli/00336_05387_1939M0513_183875.pdf	
NSS017958	Cumhuriyet	5388	1939-05-14	https://katalog.ibb.gov.tr/kutuphane3/sureli/00336_05388_1939M0514_183876.pdf	
NSS017959	Cumhuriyet	5389	1939-05-15	https://katalog.ibb.gov.tr/kutuphane3/sureli/00336_05389_1939M0515_183877.pdf	
NSS017960	Cumhuriyet	5390	1939-05-16	https://katalog.ibb.gov.tr/kutuphane3/sureli/00336_05390_1939M0516_183878.pdf	
NSS017961	Cumhuriyet	5391	1939-05-17	https://katalog.ibb.gov.tr/kutuphane3/sureli/00336_05391_1939M0517_183879.pdf	
NSS017962	Cumhuriyet	5392	1939-05-18	https://katalog.ibb.gov.tr/kutuphane3/sureli/00336_05392_1939M0518_183880.pdf	
NSS017963	Cumhuriyet	5393	1939-05-19	https://katalog.ibb.gov.tr/kutuphane3/sureli/00336_05393_1939M0519_183881.pdf	
NSS017964	Cumhuriyet	5394	1939-05-20	https://katalog.ibb.gov.tr/kutuphane3/sureli/00336_05394_1939M0520_183882.pdf	
NSS017965	Cumhuriyet	5395	1939-05-21	https://katalog.ibb.gov.tr/kutuphane3/sureli/00336_05395_1939M0521_183883.pdf	
NSS017966	Cumhuriyet	5396	1939-05-22	https://katalog.ibb.gov.tr/kutuphane3/sureli/00336_05396_1939M0522_183884.pdf	
NSS017967	Cumhuriyet	5397	1939-05-23	https://katalog.ibb.gov.tr/kutuphane3/sureli/00336_05397_1939M0523_183885.pdf	
NSS017968	Cumhuriyet	5398	1939-05-24	https://katalog.ibb.gov.tr/kutuphane3/sureli/00336_05398_1939M0524_183886.pdf	
NSS017969	Cumhuriyet	5399	1939-05-25	https://katalog.ibb.gov.tr/kutuphane3/sureli/00336_05399_1939M0525_183887.pdf	
NSS017970	Cumhuriyet	5400	1939-05-26	https://katalog.ibb.gov.tr/kutuphane3/sureli/00336_05400_1939M0526_183888.pdf	
NSS017971	Cumhuriyet	5401	1939-05-27	https://katalog.ibb.gov.tr/kutuphane3/sureli/00336_05401_1939M0527_183889.pdf	
NSS017972	Cumhuriyet	5402	1939-05-28	https://katalog.ibb.gov.tr/kutuphane3/sureli/00336_05402_1939M0528_183890.pdf	
NSS017973	Cumhuriyet	5403	1939-05-29	https://katalog.ibb.gov.tr/kutuphane3/sureli/00336_05403_1939M0529_183891.pdf	
NSS017974	Cumhuriyet	5404	1939-05-30	https://katalog.ibb.gov.tr/kutuphane3/sureli/00336_05404_1939M0530_183892.pdf	
NSS017975	Cumhuriyet	5405	1939-05-31	https://katalog.ibb.gov.tr/kutuphane3/sureli/00336_05405_1939M0531_183893.pdf	
NSS017976	Cumhuriyet	5406	1939-06-01	https://katalog.ibb.gov.tr/kutuphane3/sureli/00336_05406_1939M0601_183894.pdf	
NSS017977	Cumhuriyet	5407	1939-06-02	https://katalog.ibb.gov.tr/kutuphane3/sureli/00336_05407_1939M0602_183895.pdf	
NSS017978	Cumhuriyet	5408	1939-06-03	https://katalog.ibb.gov.tr/kutuphane3/sureli/00336_05408_1939M0603_183896.pdf	
NSS017979	Cumhuriyet	5409	1939-06-04	https://katalog.ibb.gov.tr/kutuphane3/sureli/00336_05409_1939M0604_183897.pdf	
NSS017980	Cumhuriyet	5410	1939-06-05	https://katalog.ibb.gov.tr/kutuphane3/sureli/00336_05410_1939M0605_183898.pdf	
NSS017981	Cumhuriyet	5411	1939-06-06	https://katalog.ibb.gov.tr/kutuphane3/sureli/00336_05411_1939M0606_183899.pdf	
NSS017982	Cumhuriyet	5412	1939-06-07	https://katalog.ibb.gov.tr/kutuphane3/sureli/00336_05412_1939M0607_183900.pdf	
NSS017983	Cumhuriyet	5413	1939-06-08	https://katalog.ibb.gov.tr/kutuphane3/sureli/00336_05413_1939M0608_183901.pdf	
NSS017984	Cumhuriyet	5414	1939-06-09	https://katalog.ibb.gov.tr/kutuphane3/sureli/00336_05414_1939M0609_183902.pdf	
NSS017985	Cumhuriyet	5415	1939-06-10	https://katalog.ibb.gov.tr/kutuphane3/sureli/00336_05415_1939M0610_183903.pdf	
NSS017986	Cumhuriyet	5416	1939-06-11	https://katalog.ibb.gov.tr/kutuphane3/sureli/00336_05416_1939M0611_183904.pdf	
NSS017987	Cumhuriyet	5417	1939-06-12	https://katalog.ibb.gov.tr/kutuphane3/sureli/00336_05417_1939M0612_183905.pdf	
NSS017988	Cumhuriyet	5418	1939-06-13	https://katalog.ibb.gov.tr/kutuphane3/sureli/00336_05418_1939M0613_183906.pdf	
NSS017989	Cumhuriyet	5419	1939-06-14	https://katalog.ibb.gov.tr/kutuphane3/sureli/00336_05419_1939M0614_183907.pdf	
NSS017990	Cumhuriyet	5420	1939-06-15	https://katalog.ibb.gov.tr/kutuphane3/sureli/00336_05420_1939M0615_183908.pdf	
NSS017991	Cumhuriyet	5421	1939-06-16	https://katalog.ibb.gov.tr/kutuphane3/sureli/00336_05421_1939M0616_183909.pdf	
NSS017992	Cumhuriyet	5422	1939-06-17	https://katalog.ibb.gov.tr/kutuphane3/sureli/00336_05422_1939M0617_183910.pdf	
NSS017993	Cumhuriyet	5423	1939-06-18	https://katalog.ibb.gov.tr/kutuphane3/sureli/00336_05423_1939M0618_183911.pdf	
NSS017994	Cumhuriyet	5424	1939-06-19	https://katalog.ibb.gov.tr/kutuphane3/sureli/00336_05424_1939M0619_183912.pdf	
NSS017995	Cumhuriyet	5425	1939-06-20	https://katalog.ibb.gov.tr/kutuphane3/sureli/00336_05425_1939M0620_183913.pdf	
NSS017996	Cumhuriyet	5426	1939-06-21	https://katalog.ibb.gov.tr/kutuphane3/sureli/00336_05426_1939M0621_183914.pdf	
NSS017997	Cumhuriyet	5427	1939-06-22	https://katalog.ibb.gov.tr/kutuphane3/sureli/00336_05427_1939M0622_183915.pdf	
NSS017998	Cumhuriyet	5428	1939-06-23	https://katalog.ibb.gov.tr/kutuphane3/sureli/00336_05428_1939M0623_183916.pdf	
NSS017999	Cumhuriyet	5429	1939-06-24	https://katalog.ibb.gov.tr/kutuphane3/sureli/00336_05429_1939M0624_183917.pdf	
NSS018000	Cumhuriyet	5430	1939-06-25	https://katalog.ibb.gov.tr/kutuphane3/sureli/00336_05430_1939M0625_183918.pdf	
NSS018001	Cumhuriyet	5431	1939-06-26	https://katalog.ibb.gov.tr/kutuphane3/sureli/00336_05431_1939M0626_183919.pdf	
NSS018002	Cumhuriyet	5432	1939-06-27	https://katalog.ibb.gov.tr/kutuphane3/sureli/00336_05432_1939M0627_183920.pdf	
NSS018003	Cumhuriyet	5433	1939-06-28	https://katalog.ibb.gov.tr/kutuphane3/sureli/00336_05433_1939M0628_183921.pdf	
NSS018004	Cumhuriyet	5434	1939-06-29	https://katalog.ibb.gov.tr/kutuphane3/sureli/00336_05434_1939M0629_183922.pdf	
NSS018311	Cumhuriyet	5724	1940-04-19	https://katalog.ibb.gov.tr/kutuphane3/sureli/00336_05724_1940M0419_184230.pdf	
NSS018313	Cumhuriyet	5725	1940-04-20	https://katalog.ibb.gov.tr/kutuphane3/sureli/00336_05725_1940M0420_184232.pdf	
NSS018315	Cumhuriyet	5726	1940-04-21	https://katalog.ibb.gov.tr/kutuphane3/sureli/00336_05726_1940M0421_184234.pdf	
NSS018317	Cumhuriyet	5727	1940-04-22	https://katalog.ibb.gov.tr/kutuphane3/sureli/00336_05727_1940M0422_184236.pdf	
NSS018319	Cumhuriyet	5728	1940-04-23	https://katalog.ibb.gov.tr/kutuphane3/sureli/00336_05728_1940M0423_184238.pdf	
NSS018323	Cumhuriyet	5729	1940-04-24	https://katalog.ibb.gov.tr/kutuphane3/sureli/00336_05729_1940M0424_184242.pdf	
NSS018324	Cumhuriyet	5730	1940-04-25	https://katalog.ibb.gov.tr/kutuphane3/sureli/00336_05730_1940M0425_184243.pdf	
NSS018326	Cumhuriyet	5731	1940-04-26	https://katalog.ibb.gov.tr/kutuphane3/sureli/00336_05731_1940M0426_184245.pdf	
NSS018330	Cumhuriyet	5732	1940-04-27	https://katalog.ibb.gov.tr/kutuphane3/sureli/00336_05732_1940M0427_184250.pdf	
NSS018333	Cumhuriyet	5733	1940-04-28	https://katalog.ibb.gov.tr/kutuphane3/sureli/00336_05733_1940M0428_184253.pdf	
NSS018336	Cumhuriyet	5734	1940-04-29	https://katalog.ibb.gov.tr/kutuphane3/sureli/00336_05734_1940M0429_184256.pdf	
NSS018339	Cumhuriyet	5735	1940-04-30	https://katalog.ibb.gov.tr/kutuphane3/sureli/00336_05735_1940M0430_184259.pdf	
NSS018344	Cumhuriyet	5736	1940-05-01	https://katalog.ibb.gov.tr/kutuphane3/sureli/00336_05736_1940M0501_184264.pdf	
NSS018346	Cumhuriyet	5737	1940-05-02	https://katalog.ibb.gov.tr/kutuphane3/sureli/00336_05737_1940M0502_184266.pdf	
NSS018348	Cumhuriyet	5738	1940-05-03	https://katalog.ibb.gov.tr/kutuphane3/sureli/00336_05738_1940M0503_184268.pdf	
NSS018349	Cumhuriyet	5739	1940-05-04	https://katalog.ibb.gov.tr/kutuphane3/sureli/00336_05739_1940M0504_184269.pdf	
NSS018351	Cumhuriyet	5740	1940-05-05	https://katalog.ibb.gov.tr/kutuphane3/sureli/00336_05740_1940M0505_184271.pdf	
NSS018353	Cumhuriyet	5741	1940-05-06	https://katalog.ibb.gov.tr/kutuphane3/sureli/00336_05741_1940M0506_184273.pdf	
NSS018354	Cumhuriyet	5742	1940-05-07	https://katalog.ibb.gov.tr/kutuphane3/sureli/00336_05742_1940M0507_184274.pdf	
NSS018355	Cumhuriyet	5743	1940-05-08	https://katalog.ibb.gov.tr/kutuphane3/sureli/00336_05743_1940M0508_184275.pdf	
NSS018357	Cumhuriyet	5744	1940-05-09	https://katalog.ibb.gov.tr/kutuphane3/sureli/00336_05744_1940M0509_184278.pdf	
NSS018364	Cumhuriyet	5745	1940-05-10	https://katalog.ibb.gov.tr/kutuphane3/sureli/00336_05745_1940M0510_184290.pdf	
NSS018367	Cumhuriyet	5746	1940-05-11	https://katalog.ibb.gov.tr/kutuphane3/sureli/00336_05746_1940M0511_184294.pdf	
NSS018370	Cumhuriyet	5747	1940-05-12	https://katalog.ibb.gov.tr/kutuphane3/sureli/00336_05747_1940M0512_184299.pdf	
NSS018371	Cumhuriyet	5748	1940-05-13	https://katalog.ibb.gov.tr/kutuphane3/sureli/00336_05748_1940M0513_184300.pdf	
NSS018372	Cumhuriyet	5749	1940-05-14	https://katalog.ibb.gov.tr/kutuphane3/sureli/00336_05749_1940M0514_184301.pdf	
NSS018373	Cumhuriyet	5750	1940-05-15	https://katalog.ibb.gov.tr/kutuphane3/sureli/00336_05750_1940M0515_184302.pdf	
NSS018374	Cumhuriyet	5751	1940-05-16	https://katalog.ibb.gov.tr/kutuphane3/sureli/00336_05751_1940M0516_184303.pdf	
NSS018376	Cumhuriyet	5752	1940-05-17	https://katalog.ibb.gov.tr/kutuphane3/sureli/00336_05752_1940M0517_184305.pdf	
NSS018378	Cumhuriyet	5753	1940-05-18	https://katalog.ibb.gov.tr/kutuphane3/sureli/00336_05753_1940M0518_184307.pdf	
NSS018385	Cumhuriyet	5754	1940-05-19	https://katalog.ibb.gov.tr/kutuphane3/sureli/00336_05754_1940M0519_184316.pdf	
NSS018393	Cumhuriyet	5755	1940-05-20	https://katalog.ibb.gov.tr/kutuphane3/sureli/00336_05755_1940M0520_184329.pdf	
NSS018401	Cumhuriyet	5756	1940-05-21	https://katalog.ibb.gov.tr/kutuphane3/sureli/00336_05756_1940M0521_184337.pdf	
NSS018404	Cumhuriyet	5757	1940-05-22	https://katalog.ibb.gov.tr/kutuphane3/sureli/00336_05757_1940M0522_184341.pdf	
NSS018407	Cumhuriyet	5758	1940-05-23	https://katalog.ibb.gov.tr/kutuphane3/sureli/00336_05758_1940M0523_184345.pdf	
NSS018410	Cumhuriyet	5759	1940-05-24	https://katalog.ibb.gov.tr/kutuphane3/sureli/00336_05759_1940M0524_184349.pdf	
NSS018413	Cumhuriyet	5760	1940-05-25	https://katalog.ibb.gov.tr/kutuphane3/sureli/00336_05760_1940M0525_184352.pdf	
NSS018419	Cumhuriyet	5761	1940-05-26	https://katalog.ibb.gov.tr/kutuphane3/sureli/00336_05761_1940M0526_184361.pdf	
NSS018425	Cumhuriyet	5762	1940-05-27	https://katalog.ibb.gov.tr/kutuphane3/sureli/00336_05762_1940M0527_184374.pdf	
NSS018426	Cumhuriyet	5763	1940-05-28	https://katalog.ibb.gov.tr/kutuphane3/sureli/00336_05763_1940M0528_184376.pdf	
NSS018760	Cumhuriyet	5972	1941-03-26	https://katalog.ibb.gov.tr/kutuphane3/sureli/00336_05972_1941M0326_198008.pdf	
NSS018761	Cumhuriyet	5973	1941-03-27	https://katalog.ibb.gov.tr/kutuphane3/sureli/00336_05973_1941M0327_198009.pdf	
NSS018762	Cumhuriyet	5974	1941-03-28	https://katalog.ibb.gov.tr/kutuphane3/sureli/00336_05974_1941M0328_198010.pdf	
NSS018763	Cumhuriyet	5975	1941-03-29	https://katalog.ibb.gov.tr/kutuphane3/sureli/00336_05975_1941M0329_198011.pdf	
NSS018764	Cumhuriyet	5976	1941-03-30	https://katalog.ibb.gov.tr/kutuphane3/sureli/00336_05976_1941M0330_198012.pdf	
NSS018765	Cumhuriyet	5977	1941-03-31	https://katalog.ibb.gov.tr/kutuphane3/sureli/00336_05977_1941M0331_198013.pdf	
NSS018766	Cumhuriyet	5978	1941-04-01	https://katalog.ibb.gov.tr/kutuphane3/sureli/00336_05978_1941M0401_198014.pdf	
NSS018767	Cumhuriyet	5979	1941-04-02	https://katalog.ibb.gov.tr/kutuphane3/sureli/00336_05979_1941M0402_198015.pdf	
NSS018768	Cumhuriyet	5980	1941-04-03	https://katalog.ibb.gov.tr/kutuphane3/sureli/00336_05980_1941M0403_198016.pdf	
NSS018769	Cumhuriyet	5981	1941-04-04	https://katalog.ibb.gov.tr/kutuphane3/sureli/00336_05981_1941M0404_198017.pdf	
NSS018770	Cumhuriyet	5982	1941-04-05	https://katalog.ibb.gov.tr/kutuphane3/sureli/00336_05982_1941M0405_198018.pdf	
NSS018771	Cumhuriyet	5983	1941-04-06	https://katalog.ibb.gov.tr/kutuphane3/sureli/00336_05983_1941M0406_198019.pdf	
NSS018772	Cumhuriyet	5984	1941-04-07	https://katalog.ibb.gov.tr/kutuphane3/sureli/00336_05984_1941M0407_198020.pdf	
NSS018773	Cumhuriyet	5985	1941-04-08	https://katalog.ibb.gov.tr/kutuphane3/sureli/00336_05985_1941M0408_198021.pdf	
NSS018774	Cumhuriyet	5986	1941-04-09	https://katalog.ibb.gov.tr/kutuphane3/sureli/00336_05986_1941M0409_198022.pdf	
NSS018775	Cumhuriyet	5987	1941-04-10	https://katalog.ibb.gov.tr/kutuphane3/sureli/00336_05987_1941M0410_198023.pdf	
NSS018776	Cumhuriyet	5988	1941-04-11	https://katalog.ibb.gov.tr/kutuphane3/sureli/00336_05988_1941M0411_198024.pdf	
NSS018777	Cumhuriyet	5989	1941-04-12	https://katalog.ibb.gov.tr/kutuphane3/sureli/00336_05989_1941M0412_198025.pdf	
NSS018778	Cumhuriyet	5990	1941-04-13	https://katalog.ibb.gov.tr/kutuphane3/sureli/00336_05990_1941M0413_198026.pdf	
NSS018779	Cumhuriyet	5991	1941-04-14	https://katalog.ibb.gov.tr/kutuphane3/sureli/00336_05991_1941M0414_198027.pdf	
NSS018781	Cumhuriyet	5992	1941-04-15	https://katalog.ibb.gov.tr/kutuphane3/sureli/00336_05992_1941M0415_198029.pdf	
NSS018780	Cumhuriyet	5993	1941-04-16	https://katalog.ibb.gov.tr/kutuphane3/sureli/00336_05993_1941M0416_198028.pdf	
NSS018782	Cumhuriyet	5994	1941-04-17	https://katalog.ibb.gov.tr/kutuphane3/sureli/00336_05994_1941M0417_198030.pdf	
NSS018783	Cumhuriyet	5995	1941-04-18	https://katalog.ibb.gov.tr/kutuphane3/sureli/00336_05995_1941M0418_198031.pdf	
NSS018784	Cumhuriyet	5996	1941-04-19	https://katalog.ibb.gov.tr/kutuphane3/sureli/00336_05996_1941M0419_198032.pdf	
NSS018785	Cumhuriyet	5997	1941-04-20	https://katalog.ibb.gov.tr/kutuphane3/sureli/00336_05997_1941M0420_198033.pdf	
NSS018786	Cumhuriyet	5998	1941-04-21	https://katalog.ibb.gov.tr/kutuphane3/sureli/00336_05998_1941M0421_198034.pdf	
NSS018787	Cumhuriyet	5999	1941-04-22	https://katalog.ibb.gov.tr/kutuphane3/sureli/00336_05999_1941M0422_198035.pdf	
NSS018788	Cumhuriyet	6000	1941-04-23	https://katalog.ibb.gov.tr/kutuphane3/sureli/00336_06000_1941M0423_198036.pdf	
NSS018789	Cumhuriyet	6001	1941-04-24	https://katalog.ibb.gov.tr/kutuphane3/sureli/00336_06001_1941M0424_198037.pdf	
NSS018790	Cumhuriyet	6002	1941-04-25	https://katalog.ibb.gov.tr/kutuphane3/sureli/00336_06002_1941M0425_198038.pdf	
NSS018791	Cumhuriyet	6003	1941-04-26	https://katalog.ibb.gov.tr/kutuphane3/sureli/00336_06003_1941M0426_198039.pdf	
NSS018792	Cumhuriyet	6004	1941-04-27	https://katalog.ibb.gov.tr/kutuphane3/sureli/00336_06004_1941M0427_198040.pdf	
NSS018793	Cumhuriyet	6005	1941-04-28	https://katalog.ibb.gov.tr/kutuphane3/sureli/00336_06005_1941M0428_198041.pdf	
NSS018794	Cumhuriyet	6006	1941-04-29	https://katalog.ibb.gov.tr/kutuphane3/sureli/00336_06006_1941M0429_198042.pdf	
NSS018795	Cumhuriyet	6007	1941-04-30	https://katalog.ibb.gov.tr/kutuphane3/sureli/00336_06007_1941M0430_198043.pdf	
NSS018919	Cumhuriyet	6008	1941-05-01	https://katalog.ibb.gov.tr/kutuphane3/sureli/00336_06008_1941M0501_199203.pdf	
NSS018920	Cumhuriyet	6009	1941-05-02	https://katalog.ibb.gov.tr/kutuphane3/sureli/00336_06009_1941M0502_199204.pdf	
NSS018921	Cumhuriyet	6010	1941-05-03	https://katalog.ibb.gov.tr/kutuphane3/sureli/00336_06010_1941M0503_199205.pdf	
NSS018922	Cumhuriyet	6011	1941-05-04	https://katalog.ibb.gov.tr/kutuphane3/sureli/00336_06011_1941M0504_199206.pdf	
NSS018923	Cumhuriyet	6012	1941-05-05	https://katalog.ibb.gov.tr/kutuphane3/sureli/00336_06012_1941M0505_199207.pdf	
NSS018924	Cumhuriyet	6013	1941-05-06	https://katalog.ibb.gov.tr/kutuphane3/sureli/00336_06013_1941M0506_199208.pdf	
NSS018925	Cumhuriyet	6014	1941-05-07	https://katalog.ibb.gov.tr/kutuphane3/sureli/00336_06014_1941M0507_199209.pdf	
NSS018926	Cumhuriyet	6015	1941-05-08	https://katalog.ibb.gov.tr/kutuphane3/sureli/00336_06015_1941M0508_199210.pdf	
NSS018927	Cumhuriyet	6016	1941-05-09	https://katalog.ibb.gov.tr/kutuphane3/sureli/00336_06016_1941M0509_199211.pdf	
NSS018928	Cumhuriyet	6017	1941-05-10	https://katalog.ibb.gov.tr/kutuphane3/sureli/00336_06017_1941M0510_199212.pdf	
NSS018929	Cumhuriyet	6018	1941-05-11	https://katalog.ibb.gov.tr/kutuphane3/sureli/00336_06018_1941M0511_199213.pdf	
NSS018930	Cumhuriyet	6019	1941-05-12	https://katalog.ibb.gov.tr/kutuphane3/sureli/00336_06019_1941M0512_199214.pdf	
NSS018931	Cumhuriyet	6020	1941-05-13	https://katalog.ibb.gov.tr/kutuphane3/sureli/00336_06020_1941M0513_199215.pdf	
NSS018932	Cumhuriyet	6021	1941-05-14	https://katalog.ibb.gov.tr/kutuphane3/sureli/00336_06021_1941M0514_199216.pdf	
NSS018933	Cumhuriyet	6022	1941-05-15	https://katalog.ibb.gov.tr/kutuphane3/sureli/00336_06022_1941M0515_199217.pdf	
NSS018934	Cumhuriyet	6023	1941-05-16	https://katalog.ibb.gov.tr/kutuphane3/sureli/00336_06023_1941M0516_199218.pdf	
NSS018935	Cumhuriyet	6024	1941-05-17	https://katalog.ibb.gov.tr/kutuphane3/sureli/00336_06024_1941M0517_199219.pdf	
NSS018936	Cumhuriyet	6025	1941-05-18	https://katalog.ibb.gov.tr/kutuphane3/sureli/00336_06025_1941M0518_199220.pdf	
NSS018937	Cumhuriyet	6026	1941-05-19	https://katalog.ibb.gov.tr/kutuphane3/sureli/00336_06026_1941M0519_199221.pdf	
NSS018938	Cumhuriyet	6027	1941-05-20	https://katalog.ibb.gov.tr/kutuphane3/sureli/00336_06027_1941M0520_199222.pdf	
NSS018939	Cumhuriyet	6028	1941-05-21	https://katalog.ibb.gov.tr/kutuphane3/sureli/00336_06028_1941M0521_199223.pdf	
NSS018940	Cumhuriyet	6029	1941-05-22	https://katalog.ibb.gov.tr/kutuphane3/sureli/00336_06029_1941M0522_199224.pdf	
NSS018941	Cumhuriyet	6030	1941-05-23	https://katalog.ibb.gov.tr/kutuphane3/sureli/00336_06030_1941M0523_199225.pdf	
NSS018942	Cumhuriyet	6031	1941-05-24	https://katalog.ibb.gov.tr/kutuphane3/sureli/00336_06031_1941M0524_199226.pdf	
NSS018943	Cumhuriyet	6032	1941-05-25	https://katalog.ibb.gov.tr/kutuphane3/sureli/00336_06032_1941M0525_199227.pdf	
NSS018944	Cumhuriyet	6033	1941-05-26	https://katalog.ibb.gov.tr/kutuphane3/sureli/00336_06033_1941M0526_199228.pdf	
NSS018945	Cumhuriyet	6034	1941-05-27	https://katalog.ibb.gov.tr/kutuphane3/sureli/00336_06034_1941M0527_199229.pdf	
NSS018946	Cumhuriyet	6035	1941-05-28	https://katalog.ibb.gov.tr/kutuphane3/sureli/00336_06035_1941M0528_199230.pdf	
NSS018947	Cumhuriyet	6036	1941-05-29	https://katalog.ibb.gov.tr/kutuphane3/sureli/00336_06036_1941M0529_199231.pdf	
NSS018948	Cumhuriyet	6037	1941-05-30	https://katalog.ibb.gov.tr/kutuphane3/sureli/00336_06037_1941M0530_199232.pdf	
NSS018949	Cumhuriyet	6038	1941-05-31	https://katalog.ibb.gov.tr/kutuphane3/sureli/00336_06038_1941M0531_199233.pdf	
NSS018950	Cumhuriyet	6039	1941-06-01	https://katalog.ibb.gov.tr/kutuphane3/sureli/00336_06039_1941M0601_199234.pdf	
NSS018951	Cumhuriyet	6040	1941-06-02	https://katalog.ibb.gov.tr/kutuphane3/sureli/00336_06040_1941M0602_199235.pdf	
NSS018952	Cumhuriyet	6041	1941-06-03	https://katalog.ibb.gov.tr/kutuphane3/sureli/00336_06041_1941M0603_199236.pdf	
NSS018953	Cumhuriyet	6042	1941-06-04	https://katalog.ibb.gov.tr/kutuphane3/sureli/00336_06042_1941M0604_199237.pdf	
NSS019149	Cumhuriyet	6240	1942-01-02	https://katalog.ibb.gov.tr/kutuphane3/sureli/00336_06240_1942M0102_199673.pdf	
NSS019150	Cumhuriyet	6241	1942-01-03	https://katalog.ibb.gov.tr/kutuphane3/sureli/00336_06241_1942M0103_199674.pdf	
NSS019151	Cumhuriyet	6242	1942-01-04	https://katalog.ibb.gov.tr/kutuphane3/sureli/00336_06242_1942M0104_199675.pdf	
NSS019152	Cumhuriyet	6243	1942-01-05	https://katalog.ibb.gov.tr/kutuphane3/sureli/00336_06243_1942M0105_199676.pdf	
NSS019153	Cumhuriyet	6244	1942-01-06	https://katalog.ibb.gov.tr/kutuphane3/sureli/00336_06244_1942M0106_199677.pdf	
NSS019154	Cumhuriyet	6245	1942-01-07	https://katalog.ibb.gov.tr/kutuphane3/sureli/00336_06245_1942M0107_199678.pdf	
NSS019155	Cumhuriyet	6246	1942-01-08	https://katalog.ibb.gov.tr/kutuphane3/sureli/00336_06246_1942M0108_199679.pdf	
NSS019156	Cumhuriyet	6247	1942-01-09	https://katalog.ibb.gov.tr/kutuphane3/sureli/00336_06247_1942M0109_199680.pdf	
NSS019157	Cumhuriyet	6248	1942-01-10	https://katalog.ibb.gov.tr/kutuphane3/sureli/00336_06248_1942M0110_199681.pdf	
NSS019158	Cumhuriyet	6249	1942-01-11	https://katalog.ibb.gov.tr/kutuphane3/sureli/00336_06249_1942M0111_199682.pdf	
NSS019159	Cumhuriyet	6250	1942-01-12	https://katalog.ibb.gov.tr/kutuphane3/sureli/00336_06250_1942M0112_199683.pdf	
NSS019160	Cumhuriyet	6251	1942-01-13	https://katalog.ibb.gov.tr/kutuphane3/sureli/00336_06251_1942M0113_199684.pdf	
NSS019161	Cumhuriyet	6252	1942-01-14	https://katalog.ibb.gov.tr/kutuphane3/sureli/00336_06252_1942M0114_199685.pdf	
NSS019162	Cumhuriyet	6253	1942-01-15	https://katalog.ibb.gov.tr/kutuphane3/sureli/00336_06253_1942M0115_199686.pdf	
NSS019163	Cumhuriyet	6254	1942-01-16	https://katalog.ibb.gov.tr/kutuphane3/sureli/00336_06254_1942M0116_199687.pdf	
NSS019164	Cumhuriyet	6255	1942-01-17	https://katalog.ibb.gov.tr/kutuphane3/sureli/00336_06255_1942M0117_199688.pdf	
NSS019165	Cumhuriyet	6256	1942-01-18	https://katalog.ibb.gov.tr/kutuphane3/sureli/00336_06256_1942M0118_199689.pdf	
NSS019166	Cumhuriyet	6257	1942-01-19	https://katalog.ibb.gov.tr/kutuphane3/sureli/00336_06257_1942M0119_199690.pdf	
NSS019167	Cumhuriyet	6258	1942-01-20	https://katalog.ibb.gov.tr/kutuphane3/sureli/00336_06258_1942M0120_199691.pdf	
NSS019168	Cumhuriyet	6259	1942-01-21	https://katalog.ibb.gov.tr/kutuphane3/sureli/00336_06259_1942M0121_199692.pdf	
NSS019169	Cumhuriyet	6260	1942-01-22	https://katalog.ibb.gov.tr/kutuphane3/sureli/00336_06260_1942M0122_199693.pdf	
NSS019170	Cumhuriyet	6261	1942-01-23	https://katalog.ibb.gov.tr/kutuphane3/sureli/00336_06261_1942M0123_199694.pdf	
NSS019171	Cumhuriyet	6262	1942-01-24	https://katalog.ibb.gov.tr/kutuphane3/sureli/00336_06262_1942M0124_199695.pdf	
NSS019172	Cumhuriyet	6263	1942-01-25	https://katalog.ibb.gov.tr/kutuphane3/sureli/00336_06263_1942M0125_199696.pdf	
NSS019173	Cumhuriyet	6264	1942-01-26	https://katalog.ibb.gov.tr/kutuphane3/sureli/00336_06264_1942M0126_199697.pdf	
NSS019174	Cumhuriyet	6265	1942-01-27	https://katalog.ibb.gov.tr/kutuphane3/sureli/00336_06265_1942M0127_199698.pdf	
NSS019175	Cumhuriyet	6266	1942-01-28	https://katalog.ibb.gov.tr/kutuphane3/sureli/00336_06266_1942M0128_199699.pdf	
NSS019176	Cumhuriyet	6267	1942-01-29	https://katalog.ibb.gov.tr/kutuphane3/sureli/00336_06267_1942M0129_199700.pdf	
NSS019177	Cumhuriyet	6268	1942-01-30	https://katalog.ibb.gov.tr/kutuphane3/sureli/00336_06268_1942M0130_199701.pdf	
NSS019178	Cumhuriyet	6269	1942-01-31	https://katalog.ibb.gov.tr/kutuphane3/sureli/00336_06269_1942M0131_199702.pdf	
NSS019179	Cumhuriyet	6270	1942-02-01	https://katalog.ibb.gov.tr/kutuphane3/sureli/00336_06270_1942M0201_199703.pdf	
NSS019180	Cumhuriyet	6271	1942-02-02	https://katalog.ibb.gov.tr/kutuphane3/sureli/00336_06271_1942M0202_199704.pdf	
NSS019181	Cumhuriyet	6272	1942-02-03	https://katalog.ibb.gov.tr/kutuphane3/sureli/00336_06272_1942M0203_199705.pdf	
NSS019182	Cumhuriyet	6273	1942-02-04	https://katalog.ibb.gov.tr/kutuphane3/sureli/00336_06273_1942M0204_199706.pdf	
NSS019183	Cumhuriyet	6274	1942-02-05	https://katalog.ibb.gov.tr/kutuphane3/sureli/00336_06274_1942M0205_199707.pdf	
NSS019184	Cumhuriyet	6275	1942-02-06	https://katalog.ibb.gov.tr/kutuphane3/sureli/00336_06275_1942M0206_199708.pdf	
NSS019185	Cumhuriyet	6276	1942-02-07	https://katalog.ibb.gov.tr/kutuphane3/sureli/00336_06276_1942M0207_199709.pdf	
NSS019186	Cumhuriyet	6277	1942-02-08	https://katalog.ibb.gov.tr/kutuphane3/sureli/00336_06277_1942M0208_199710.pdf	
NSS019187	Cumhuriyet	6278	1942-02-09	https://katalog.ibb.gov.tr/kutuphane3/sureli/00336_06278_1942M0209_199711.pdf	
NSS019188	Cumhuriyet	6279	1942-02-10	https://katalog.ibb.gov.tr/kutuphane3/sureli/00336_06279_1942M0210_199712.pdf	
NSS019189	Cumhuriyet	6280	1942-02-11	https://katalog.ibb.gov.tr/kutuphane3/sureli/00336_06280_1942M0211_199713.pdf	
NSS019190	Cumhuriyet	6281	1942-02-12	https://katalog.ibb.gov.tr/kutuphane3/sureli/00336_06281_1942M0212_199714.pdf	
NSS019191	Cumhuriyet	6282	1942-02-13	https://katalog.ibb.gov.tr/kutuphane3/sureli/00336_06282_1942M0213_199715.pdf	
NSS019192	Cumhuriyet	6283	1942-02-14	https://katalog.ibb.gov.tr/kutuphane3/sureli/00336_06283_1942M0214_199716.pdf	
NSS127100	Haber Akşam Postası	2427	1938-11-08	https://katalog.ibb.gov.tr/kutuphane3/sureli/02946_02427_1938M0406_180196.pdf	tahmini (katalog: 1938-04-06)
NSS127101	Haber Akşam Postası	2428	1938-11-09	https://katalog.ibb.gov.tr/kutuphane3/sureli/02946_02428_1938M0407_180197.pdf	tahmini (katalog: 1938-04-07)
NSS127102	Haber Akşam Postası	2429	1938-11-10	https://katalog.ibb.gov.tr/kutuphane3/sureli/02946_02429_1938M0408_180198.pdf	tahmini (katalog: 1938-04-08)
NSS127103	Haber Akşam Postası	2430	1938-11-11	https://katalog.ibb.gov.tr/kutuphane3/sureli/02946_02430_1938M0409_180199.pdf	tahmini (katalog: 1938-04-09)
NSS127104	Haber Akşam Postası	2431	1938-11-12	https://katalog.ibb.gov.tr/kutuphane3/sureli/02946_02431_1938M0410_180200.pdf	tahmini (katalog: 1938-04-10)
NSS127105	Haber Akşam Postası	2432	1938-11-13	https://katalog.ibb.gov.tr/kutuphane3/sureli/02946_02432_1938M0411_180201.pdf	tahmini (katalog: 1938-04-11)
NSS127106	Haber Akşam Postası	2433	1938-11-14	https://katalog.ibb.gov.tr/kutuphane3/sureli/02946_02433_1938M0412_180202.pdf	tahmini (katalog: 1938-04-12)
NSS127107	Haber Akşam Postası	2434	1938-11-15	https://katalog.ibb.gov.tr/kutuphane3/sureli/02946_02434_1938M0413_180203.pdf	tahmini (katalog: 1938-04-13)
NSS127108	Haber Akşam Postası	2435	1938-11-16	https://katalog.ibb.gov.tr/kutuphane3/sureli/02946_02435_1938M0414_180204.pdf	tahmini (katalog: 1938-04-14)
NSS127109	Haber Akşam Postası	2436	1938-11-17	https://katalog.ibb.gov.tr/kutuphane3/sureli/02946_02436_1938M0415_180205.pdf	tahmini (katalog: 1938-04-15)
NSS127110	Haber Akşam Postası	2437	1938-11-18	https://katalog.ibb.gov.tr/kutuphane3/sureli/02946_02437_1938M0416_180206.pdf	tahmini (katalog: 1938-04-16)
NSS127111	Haber Akşam Postası	2438	1938-11-19	https://katalog.ibb.gov.tr/kutuphane3/sureli/02946_02438_1938M0417_180207.pdf	tahmini (katalog: 1938-04-17)
NSS127112	Haber Akşam Postası	2439	1938-11-20	https://katalog.ibb.gov.tr/kutuphane3/sureli/02946_02439_1938M0418_180208.pdf	tahmini (katalog: 1938-04-18)
NSS127113	Haber Akşam Postası	2440	1938-11-21	https://katalog.ibb.gov.tr/kutuphane3/sureli/02946_02440_1938M0419_180209.pdf	tahmini (katalog: 1938-04-19)
NSS127114	Haber Akşam Postası	2441	1938-11-22	https://katalog.ibb.gov.tr/kutuphane3/sureli/02946_02441_1938M0420_180210.pdf	tahmini (katalog: 1938-04-20)
NSS127115	Haber Akşam Postası	2442	1938-11-23	https://katalog.ibb.gov.tr/kutuphane3/sureli/02946_02442_1938M0421_180211.pdf	tahmini (katalog: 1938-04-21)
NSS127116	Haber Akşam Postası	2443	1938-11-24	https://katalog.ibb.gov.tr/kutuphane3/sureli/02946_02443_1938M0422_180212.pdf	tahmini (katalog: 1938-04-22)
NSS127117	Haber Akşam Postası	2444	1938-11-25	https://katalog.ibb.gov.tr/kutuphane3/sureli/02946_02444_1938M0425_180213.pdf	tahmini (katalog: 1938-04-25)
NSS127118	Haber Akşam Postası	2445	1938-11-26	https://katalog.ibb.gov.tr/kutuphane3/sureli/02946_02445_1938M0426_180214.pdf	tahmini (katalog: 1938-04-26)
NSS127119	Haber Akşam Postası	2446	1938-11-27	https://katalog.ibb.gov.tr/kutuphane3/sureli/02946_02446_1938M0427_180215.pdf	tahmini (katalog: 1938-04-27)
NSS127120	Haber Akşam Postası	2447	1938-11-28	https://katalog.ibb.gov.tr/kutuphane3/sureli/02946_02447_1938M0428_180216.pdf	tahmini (katalog: 1938-04-28)
NSS127121	Haber Akşam Postası	2448	1938-11-29	https://katalog.ibb.gov.tr/kutuphane3/sureli/02946_02448_1938M0429_180217.pdf	tahmini (katalog: 1938-04-29)
NSS127122	Haber Akşam Postası	2449	1938-11-30	https://katalog.ibb.gov.tr/kutuphane3/sureli/02946_02449_1938M0430_180218.pdf	tahmini (katalog: 1938-04-30)
NSS127123	Haber Akşam Postası	2450	1938-12-01	https://katalog.ibb.gov.tr/kutuphane3/sureli/02946_02450_1938M1201_180219.pdf	
NSS127124	Haber Akşam Postası	2451	1938-12-02	https://katalog.ibb.gov.tr/kutuphane3/sureli/02946_02451_1938M1202_180220.pdf	
NSS127125	Haber Akşam Postası	2452	1938-12-03	https://katalog.ibb.gov.tr/kutuphane3/sureli/02946_02452_1938M1203_180221.pdf	
NSS127126	Haber Akşam Postası	2453	1938-12-04	https://katalog.ibb.gov.tr/kutuphane3/sureli/02946_02453_1938M1204_180222.pdf	
NSS127127	Haber Akşam Postası	2454	1938-12-05	https://katalog.ibb.gov.tr/kutuphane3/sureli/02946_02454_1938M1205_180223.pdf	
NSS127128	Haber Akşam Postası	2455	1938-12-06	https://katalog.ibb.gov.tr/kutuphane3/sureli/02946_02455_1938M1206_180224.pdf	
NSS127129	Haber Akşam Postası	2456	1938-12-07	https://katalog.ibb.gov.tr/kutuphane3/sureli/02946_02456_1938M1207_180225.pdf	
NSS127130	Haber Akşam Postası	2457	1938-12-08	https://katalog.ibb.gov.tr/kutuphane3/sureli/02946_02457_1938M1208_180226.pdf	
NSS127131	Haber Akşam Postası	2458	1938-12-09	https://katalog.ibb.gov.tr/kutuphane3/sureli/02946_02458_1938M1209_180227.pdf	
NSS127132	Haber Akşam Postası	2459	1938-12-10	https://katalog.ibb.gov.tr/kutuphane3/sureli/02946_02459_1938M1210_180228.pdf	
NSS127133	Haber Akşam Postası	2460	1938-12-11	https://katalog.ibb.gov.tr/kutuphane3/sureli/02946_02460_1938M1211_180229.pdf	
NSS127134	Haber Akşam Postası	2461	1938-12-12	https://katalog.ibb.gov.tr/kutuphane3/sureli/02946_02461_1938M1212_180230.pdf	
NSS127135	Haber Akşam Postası	2462	1938-12-13	https://katalog.ibb.gov.tr/kutuphane3/sureli/02946_02462_1938M1213_180231.pdf	
NSS127136	Haber Akşam Postası	2463	1938-12-14	https://katalog.ibb.gov.tr/kutuphane3/sureli/02946_02463_1938M1214_180232.pdf	
NSS127137	Haber Akşam Postası	2464	1938-12-15	https://katalog.ibb.gov.tr/kutuphane3/sureli/02946_02464_1938M1215_180233.pdf	
NSS127138	Haber Akşam Postası	2465	1938-12-16	https://katalog.ibb.gov.tr/kutuphane3/sureli/02946_02465_1938M1216_180234.pdf	
NSS127139	Haber Akşam Postası	2466	1938-12-17	https://katalog.ibb.gov.tr/kutuphane3/sureli/02946_02466_1938M1217_180235.pdf	
NSS127140	Haber Akşam Postası	2467	1938-12-18	https://katalog.ibb.gov.tr/kutuphane3/sureli/02946_02467_1938M1218_180236.pdf	
NSS127141	Haber Akşam Postası	2468	1938-12-19	https://katalog.ibb.gov.tr/kutuphane3/sureli/02946_02468_1938M1219_180237.pdf	
NSS127142	Haber Akşam Postası	2469	1938-12-20	https://katalog.ibb.gov.tr/kutuphane3/sureli/02946_02469_1938M1220_180238.pdf	
NSS127143	Haber Akşam Postası	2470	1938-12-21	https://katalog.ibb.gov.tr/kutuphane3/sureli/02946_02470_1938M1221_180239.pdf	
NSS127144	Haber Akşam Postası	2471	1938-12-22	https://katalog.ibb.gov.tr/kutuphane3/sureli/02946_02471_1938M1222_180240.pdf	
NSS127145	Haber Akşam Postası	2472	1938-12-23	https://katalog.ibb.gov.tr/kutuphane3/sureli/02946_02472_1938M1223_180241.pdf	
NSS127146	Haber Akşam Postası	2473	1938-12-24	https://katalog.ibb.gov.tr/kutuphane3/sureli/02946_02473_1938M1224_180242.pdf	
NSS127147	Haber Akşam Postası	2474	1938-12-25	https://katalog.ibb.gov.tr/kutuphane3/sureli/02946_02474_1938M1225_180243.pdf	
NSS127148	Haber Akşam Postası	2475	1938-12-26	https://katalog.ibb.gov.tr/kutuphane3/sureli/02946_02475_1938M1226_180244.pdf	
NSS127149	Haber Akşam Postası	2476	1938-12-27	https://katalog.ibb.gov.tr/kutuphane3/sureli/02946_02476_1938M1227_180245.pdf	
NSS127150	Haber Akşam Postası	2477	1938-12-28	https://katalog.ibb.gov.tr/kutuphane3/sureli/02946_02477_1938M1228_180246.pdf	
NSS127151	Haber Akşam Postası	2478	1938-12-29	https://katalog.ibb.gov.tr/kutuphane3/sureli/02946_02478_1938M1229_180247.pdf	
NSS127152	Haber Akşam Postası	2479	1938-12-30	https://katalog.ibb.gov.tr/kutuphane3/sureli/02946_02479_1938M1230_180248.pdf	
NSS127153	Haber Akşam Postası	2480	1938-12-31	https://katalog.ibb.gov.tr/kutuphane3/sureli/02946_02480_1938M1231_180249.pdf	
NSS127154	Haber Akşam Postası	2481	1939-01-01	https://katalog.ibb.gov.tr/kutuphane3/sureli/02946_02481_1939M0101_180250.pdf	
NSS127155	Haber Akşam Postası	2482	1939-01-02	https://katalog.ibb.gov.tr/kutuphane3/sureli/02946_02482_1939M0102_180251.pdf	
NSS127156	Haber Akşam Postası	2483	1939-01-03	https://katalog.ibb.gov.tr/kutuphane3/sureli/02946_02483_1939M0103_180252.pdf	
NSS127157	Haber Akşam Postası	2484	1939-01-04	https://katalog.ibb.gov.tr/kutuphane3/sureli/02946_02484_1939M0104_180253.pdf	
NSS127158	Haber Akşam Postası	2485	1939-01-05	https://katalog.ibb.gov.tr/kutuphane3/sureli/02946_02485_1939M0105_180254.pdf	
NSS127159	Haber Akşam Postası	2486	1939-01-06	https://katalog.ibb.gov.tr/kutuphane3/sureli/02946_02486_1939M0106_180255.pdf	
NSS127160	Haber Akşam Postası	2487	1939-01-07	https://katalog.ibb.gov.tr/kutuphane3/sureli/02946_02487_1939M0107_180256.pdf	
NSS127161	Haber Akşam Postası	2488	1939-01-08	https://katalog.ibb.gov.tr/kutuphane3/sureli/02946_02488_1939M0108_180257.pdf	
NSS127162	Haber Akşam Postası	2489	1939-01-09	https://katalog.ibb.gov.tr/kutuphane3/sureli/02946_02489_1939M0109_180258.pdf	
NSS127163	Haber Akşam Postası	2490	1939-01-10	https://katalog.ibb.gov.tr/kutuphane3/sureli/02946_02490_1939M0110_180259.pdf	
NSS127164	Haber Akşam Postası	2491	1939-01-11	https://katalog.ibb.gov.tr/kutuphane3/sureli/02946_02491_1939M0111_180260.pdf	
NSS127165	Haber Akşam Postası	2492	1939-01-12	https://katalog.ibb.gov.tr/kutuphane3/sureli/02946_02492_1939M0112_180261.pdf	
NSS127166	Haber Akşam Postası	2493	1939-01-13	https://katalog.ibb.gov.tr/kutuphane3/sureli/02946_02493_1939M0113_180262.pdf	
NSS127167	Haber Akşam Postası	2494	1939-01-14	https://katalog.ibb.gov.tr/kutuphane3/sureli/02946_02494_1939M0114_180263.pdf	
NSS127168	Haber Akşam Postası	2495	1939-01-15	https://katalog.ibb.gov.tr/kutuphane3/sureli/02946_02495_1939M0115_180264.pdf	
NSS127169	Haber Akşam Postası	2496	1939-01-16	https://katalog.ibb.gov.tr/kutuphane3/sureli/02946_02496_1939M0116_180265.pdf	
NSS127170	Haber Akşam Postası	2497	1939-01-17	https://katalog.ibb.gov.tr/kutuphane3/sureli/02946_02497_1939M0117_180266.pdf	
NSS127171	Haber Akşam Postası	2498	1939-01-18	https://katalog.ibb.gov.tr/kutuphane3/sureli/02946_02498_1939M0118_180267.pdf	
NSS127172	Haber Akşam Postası	2499	1939-01-19	https://katalog.ibb.gov.tr/kutuphane3/sureli/02946_02499_1939M0119_180268.pdf	
NSS127173	Haber Akşam Postası	2500	1939-01-20	https://katalog.ibb.gov.tr/kutuphane3/sureli/02946_02500_1939M0120_180269.pdf	
NSS127174	Haber Akşam Postası	2501	1939-01-21	https://katalog.ibb.gov.tr/kutuphane3/sureli/02946_02501_1939M0121_180270.pdf	
NSS127175	Haber Akşam Postası	2502	1939-01-22	https://katalog.ibb.gov.tr/kutuphane3/sureli/02946_02502_1939M0122_180271.pdf	
NSS127176	Haber Akşam Postası	2503	1939-01-23	https://katalog.ibb.gov.tr/kutuphane3/sureli/02946_02503_1939M0123_180272.pdf	
NSS127177	Haber Akşam Postası	2504	1939-01-24	https://katalog.ibb.gov.tr/kutuphane3/sureli/02946_02504_1939M0124_180273.pdf	
NSS127178	Haber Akşam Postası	2505	1939-01-25	https://katalog.ibb.gov.tr/kutuphane3/sureli/02946_02505_1939M0125_180274.pdf	
NSS127179	Haber Akşam Postası	2506	1939-01-26	https://katalog.ibb.gov.tr/kutuphane3/sureli/02946_02506_1939M0126_180275.pdf	
NSS127180	Haber Akşam Postası	2507	1939-01-27	https://katalog.ibb.gov.tr/kutuphane3/sureli/02946_02507_1939M0127_180276.pdf	
NSS127181	Haber Akşam Postası	2508	1939-01-28	https://katalog.ibb.gov.tr/kutuphane3/sureli/02946_02508_1939M0128_180277.pdf	
NSS127182	Haber Akşam Postası	2509	1939-01-29	https://katalog.ibb.gov.tr/kutuphane3/sureli/02946_02509_1939M0129_180278.pdf	
NSS127183	Haber Akşam Postası	2510	1939-01-30	https://katalog.ibb.gov.tr/kutuphane3/sureli/02946_02510_1939M0130_180279.pdf	
NSS127184	Haber Akşam Postası	2512	1939-02-04	https://katalog.ibb.gov.tr/kutuphane3/sureli/02946_02512_1939M0204_180280.pdf	
NSS127185	Haber Akşam Postası	2513	1939-02-05	https://katalog.ibb.gov.tr/kutuphane3/sureli/02946_02513_1939M0205_180281.pdf	
NSS127186	Haber Akşam Postası	2514	1939-02-06	https://katalog.ibb.gov.tr/kutuphane3/sureli/02946_02514_1939M0206_180282.pdf	
NSS127187	Haber Akşam Postası	2515	1939-02-07	https://katalog.ibb.gov.tr/kutuphane3/sureli/02946_02515_1939M0207_180283.pdf	
NSS127188	Haber Akşam Postası	2516	1939-02-08	https://katalog.ibb.gov.tr/kutuphane3/sureli/02946_02516_1939M0208_180284.pdf	
NSS127189	Haber Akşam Postası	2517	1939-02-09	https://katalog.ibb.gov.tr/kutuphane3/sureli/02946_02517_1939M0209_180285.pdf	
NSS127190	Haber Akşam Postası	2518	1939-02-10	https://katalog.ibb.gov.tr/kutuphane3/sureli/02946_02518_1939M0210_180286.pdf	
NSS127191	Haber Akşam Postası	2519	1939-02-11	https://katalog.ibb.gov.tr/kutuphane3/sureli/02946_02519_1939M0211_180287.pdf	
NSS127192	Haber Akşam Postası	2520	1939-02-12	https://katalog.ibb.gov.tr/kutuphane3/sureli/02946_02520_1939M0212_180288.pdf	
NSS127193	Haber Akşam Postası	2521	1939-02-13	https://katalog.ibb.gov.tr/kutuphane3/sureli/02946_02521_1939M0213_180289.pdf	
NSS127194	Haber Akşam Postası	2522	1939-02-14	https://katalog.ibb.gov.tr/kutuphane3/sureli/02946_02522_1939M0214_180290.pdf	
NSS127195	Haber Akşam Postası	2523	1939-02-15	https://katalog.ibb.gov.tr/kutuphane3/sureli/02946_02523_1939M0215_180291.pdf	
NSS127196	Haber Akşam Postası	2524	1939-02-16	https://katalog.ibb.gov.tr/kutuphane3/sureli/02946_02524_1939M0216_180292.pdf	
NSS127197	Haber Akşam Postası	2525	1939-02-17	https://katalog.ibb.gov.tr/kutuphane3/sureli/02946_02525_1939M0217_180293.pdf	
NSS127198	Haber Akşam Postası	2526	1939-02-18	https://katalog.ibb.gov.tr/kutuphane3/sureli/02946_02526_1939M0218_180294.pdf	
NSS127199	Haber Akşam Postası	2527	1939-02-19	https://katalog.ibb.gov.tr/kutuphane3/sureli/02946_02527_1939M0219_180295.pdf	
NSS127200	Haber Akşam Postası	2528	1939-02-20	https://katalog.ibb.gov.tr/kutuphane3/sureli/02946_02528_1939M0220_180296.pdf	
NSS127201	Haber Akşam Postası	2529	1939-02-21	https://katalog.ibb.gov.tr/kutuphane3/sureli/02946_02529_1939M0221_180297.pdf	
NSS127202	Haber Akşam Postası	2530	1939-02-22	https://katalog.ibb.gov.tr/kutuphane3/sureli/02946_02530_1939M0222_180298.pdf	
NSS127203	Haber Akşam Postası	2531	1939-02-23	https://katalog.ibb.gov.tr/kutuphane3/sureli/02946_02531_1939M0223_180299.pdf	
NSS127204	Haber Akşam Postası	2532	1939-02-24	https://katalog.ibb.gov.tr/kutuphane3/sureli/02946_02532_1939M0224_180300.pdf	
NSS127205	Haber Akşam Postası	2533	1939-02-25	https://katalog.ibb.gov.tr/kutuphane3/sureli/02946_02533_1939M0225_180301.pdf	
NSS127206	Haber Akşam Postası	2534	1939-02-26	https://katalog.ibb.gov.tr/kutuphane3/sureli/02946_02534_1939M0226_180302.pdf	
NSS127207	Haber Akşam Postası	2534	1939-02-27	https://katalog.ibb.gov.tr/kutuphane3/sureli/02946_02534_1939M0227_180303.pdf	
NSS127208	Haber Akşam Postası	2535	1939-02-28	https://katalog.ibb.gov.tr/kutuphane3/sureli/02946_02535_1939M0228_180304.pdf	
NSS127209	Haber Akşam Postası	2536	1939-03-01	https://katalog.ibb.gov.tr/kutuphane3/sureli/02946_02536_1939M0301_180305.pdf	
NSS127210	Haber Akşam Postası	2539	1939-03-04	https://katalog.ibb.gov.tr/kutuphane3/sureli/02946_02539_1939M0304_180306.pdf	
NSS127211	Haber Akşam Postası	2543	1939-03-08	https://katalog.ibb.gov.tr/kutuphane3/sureli/02946_02543_1939M0308_180307.pdf	
NSS127212	Haber Akşam Postası	2543	1939-03-09	https://katalog.ibb.gov.tr/kutuphane3/sureli/02946_02543_1939M0309_180308.pdf	
NSS127213	Haber Akşam Postası	2544	1939-03-10	https://katalog.ibb.gov.tr/kutuphane3/sureli/02946_02544_1939M0310_180309.pdf	
NSS127214	Haber Akşam Postası	2545	1939-03-11	https://katalog.ibb.gov.tr/kutuphane3/sureli/02946_02545_1939M0311_180310.pdf	
NSS127215	Haber Akşam Postası	2546	1939-03-12	https://katalog.ibb.gov.tr/kutuphane3/sureli/02946_02546_1939M0312_180311.pdf	
NSS127216	Haber Akşam Postası	2547	1939-03-13	https://katalog.ibb.gov.tr/kutuphane3/sureli/02946_02547_1939M0313_180312.pdf	
NSS147342	Kurun	7479	1938-11-06	https://katalog.ibb.gov.tr/kutuphane3/sureli/05131_07479_1938M0404_189238.pdf	tahmini (katalog: 1938-04-04)
NSS147343	Kurun	7480	1938-11-07	https://katalog.ibb.gov.tr/kutuphane3/sureli/05131_07480_1938M0405_189239.pdf	tahmini (katalog: 1938-04-05)
NSS147344	Kurun	7481	1938-11-08	https://katalog.ibb.gov.tr/kutuphane3/sureli/05131_07481_1938M0406_189240.pdf	tahmini (katalog: 1938-04-06)
NSS147345	Kurun	7482	1938-11-09	https://katalog.ibb.gov.tr/kutuphane3/sureli/05131_07482_1938M0407_189241.pdf	tahmini (katalog: 1938-04-07)
NSS147346	Kurun	7483	1938-11-10	https://katalog.ibb.gov.tr/kutuphane3/sureli/05131_07483_1938M0408_189242.pdf	tahmini (katalog: 1938-04-08)
NSS147347	Kurun	7484	1938-11-11	https://katalog.ibb.gov.tr/kutuphane3/sureli/05131_07484_1938M0409_189244.pdf	tahmini (katalog: 1938-04-09)
NSS147348	Kurun	7485	1938-11-12	https://katalog.ibb.gov.tr/kutuphane3/sureli/05131_07485_1938M0410_189246.pdf	tahmini (katalog: 1938-04-10)
NSS147349	Kurun	7486	1938-11-13	https://katalog.ibb.gov.tr/kutuphane3/sureli/05131_07486_1938M0411_189247.pdf	tahmini (katalog: 1938-04-11)
NSS147351	Kurun	7487	1938-11-14	https://katalog.ibb.gov.tr/kutuphane3/sureli/05131_07487_1938M0412_189250.pdf	tahmini (katalog: 1938-04-12)
NSS147354	Kurun	7488	1938-11-15	https://katalog.ibb.gov.tr/kutuphane3/sureli/05131_07488_1938M0413_189253.pdf	tahmini (katalog: 1938-04-13)
NSS147353	Kurun	7489	1938-11-16	https://katalog.ibb.gov.tr/kutuphane3/sureli/05131_07489_1938M0414_189252.pdf	tahmini (katalog: 1938-04-14)
NSS147357	Kurun	7490	1938-11-17	https://katalog.ibb.gov.tr/kutuphane3/sureli/05131_07490_1938M0415_189257.pdf	tahmini (katalog: 1938-04-15)
NSS147360	Kurun	7491	1938-11-18	https://katalog.ibb.gov.tr/kutuphane3/sureli/05131_07491_1938M0416_189261.pdf	tahmini (katalog: 1938-04-16)
NSS147361	Kurun	7492	1938-11-19	https://katalog.ibb.gov.tr/kutuphane3/sureli/05131_07492_1938M0417_189262.pdf	tahmini (katalog: 1938-04-17)
NSS147362	Kurun	7493	1938-11-20	https://katalog.ibb.gov.tr/kutuphane3/sureli/05131_07493_1938M0418_189263.pdf	tahmini (katalog: 1938-04-18)
NSS147363	Kurun	7494	1938-11-21	https://katalog.ibb.gov.tr/kutuphane3/sureli/05131_07494_1938M0419_189266.pdf	tahmini (katalog: 1938-04-19)
NSS147364	Kurun	7495	1938-11-22	https://katalog.ibb.gov.tr/kutuphane3/sureli/05131_07495_1938M0420_189267.pdf	tahmini (katalog: 1938-04-20)
NSS147365	Kurun	7496	1938-11-23	https://katalog.ibb.gov.tr/kutuphane3/sureli/05131_07496_1938M0421_189269.pdf	tahmini (katalog: 1938-04-21)
NSS147367	Kurun	7497	1938-11-24	https://katalog.ibb.gov.tr/kutuphane3/sureli/05131_07497_1938M0422_189272.pdf	tahmini (katalog: 1938-04-22)
NSS147368	Kurun	7498	1938-11-25	https://katalog.ibb.gov.tr/kutuphane3/sureli/05131_07498_1938M0423_189274.pdf	tahmini (katalog: 1938-04-23)
NSS147369	Kurun	7499	1938-11-26	https://katalog.ibb.gov.tr/kutuphane3/sureli/05131_07499_1938M0426_189276.pdf	tahmini (katalog: 1938-04-26)
NSS147370	Kurun	7500	1938-11-27	https://katalog.ibb.gov.tr/kutuphane3/sureli/05131_07500_1938M0427_189279.pdf	tahmini (katalog: 1938-04-27)
NSS147371	Kurun	7501	1938-11-28	https://katalog.ibb.gov.tr/kutuphane3/sureli/05131_07501_1938M0428_189281.pdf	tahmini (katalog: 1938-04-28)
NSS147374	Kurun	7502	1938-11-29	https://katalog.ibb.gov.tr/kutuphane3/sureli/05131_07502_1938M0429_189289.pdf	tahmini (katalog: 1938-04-29)
NSS147375	Kurun	7503	1938-11-30	https://katalog.ibb.gov.tr/kutuphane3/sureli/05131_07503_1938M0430_189291.pdf	tahmini (katalog: 1938-04-30)
NSS147376	Kurun	7504	1938-12-01	https://katalog.ibb.gov.tr/kutuphane3/sureli/05131_07504_1938M1201_189293.pdf	
NSS147377	Kurun	7505	1938-12-02	https://katalog.ibb.gov.tr/kutuphane3/sureli/05131_07505_1938M1202_189294.pdf	
NSS147378	Kurun	7506	1938-12-03	https://katalog.ibb.gov.tr/kutuphane3/sureli/05131_07506_1938M1203_189295.pdf	
NSS147379	Kurun	7507	1938-12-04	https://katalog.ibb.gov.tr/kutuphane3/sureli/05131_07507_1938M1204_189296.pdf	
NSS147381	Kurun	7508	1938-12-05	https://katalog.ibb.gov.tr/kutuphane3/sureli/05131_07508_1938M1205_189299.pdf	
NSS147382	Kurun	7509	1938-12-06	https://katalog.ibb.gov.tr/kutuphane3/sureli/05131_07509_1938M1206_189302.pdf	
NSS147384	Kurun	7510	1938-12-07	https://katalog.ibb.gov.tr/kutuphane3/sureli/05131_07510_1938M1207_189304.pdf	
NSS147385	Kurun	7511	1938-12-08	https://katalog.ibb.gov.tr/kutuphane3/sureli/05131_07511_1938M1208_189306.pdf	
NSS147386	Kurun	7512	1938-12-09	https://katalog.ibb.gov.tr/kutuphane3/sureli/05131_07512_1938M1209_189309.pdf	
NSS147388	Kurun	7513	1938-12-10	https://katalog.ibb.gov.tr/kutuphane3/sureli/05131_07513_1938M1210_189311.pdf	
NSS147389	Kurun	7514	1938-12-11	https://katalog.ibb.gov.tr/kutuphane3/sureli/05131_07514_1938M1211_189313.pdf	
NSS147391	Kurun	7515	1938-12-12	https://katalog.ibb.gov.tr/kutuphane3/sureli/05131_07515_1938M1212_189316.pdf	
NSS147392	Kurun	7516	1938-12-13	https://katalog.ibb.gov.tr/kutuphane3/sureli/05131_07516_1938M1213_189318.pdf	
NSS147394	Kurun	7517	1938-12-14	https://katalog.ibb.gov.tr/kutuphane3/sureli/05131_07517_1938M1214_189320.pdf	
NSS147396	Kurun	7518	1938-12-15	https://katalog.ibb.gov.tr/kutuphane3/sureli/05131_07518_1938M1215_189324.pdf	
NSS147397	Kurun	7519	1938-12-16	https://katalog.ibb.gov.tr/kutuphane3/sureli/05131_07519_1938M1216_189326.pdf	
NSS147398	Kurun	7520	1938-12-17	https://katalog.ibb.gov.tr/kutuphane3/sureli/05131_07520_1938M1217_189327.pdf	
NSS147399	Kurun	7521	1938-12-18	https://katalog.ibb.gov.tr/kutuphane3/sureli/05131_07521_1938M1218_189329.pdf	
NSS147402	Kurun	7522	1938-12-19	https://katalog.ibb.gov.tr/kutuphane3/sureli/05131_07522_1938M1219_189335.pdf	
NSS147403	Kurun	7523	1938-12-20	https://katalog.ibb.gov.tr/kutuphane3/sureli/05131_07523_1938M1220_189337.pdf	
NSS147404	Kurun	7524	1938-12-21	https://katalog.ibb.gov.tr/kutuphane3/sureli/05131_07524_1938M1221_189339.pdf	
NSS147405	Kurun	7525	1938-12-22	https://katalog.ibb.gov.tr/kutuphane3/sureli/05131_07525_1938M1222_189342.pdf	
NSS147406	Kurun	7526	1938-12-23	https://katalog.ibb.gov.tr/kutuphane3/sureli/05131_07526_1938M1223_189344.pdf	
NSS147407	Kurun	7527	1938-12-24	https://katalog.ibb.gov.tr/kutuphane3/sureli/05131_07527_1938M1224_189346.pdf	
NSS147408	Kurun	7528	1938-12-25	https://katalog.ibb.gov.tr/kutuphane3/sureli/05131_07528_1938M1225_189348.pdf	
NSS147409	Kurun	7529	1938-12-26	https://katalog.ibb.gov.tr/kutuphane3/sureli/05131_07529_1938M1226_189349.pdf	
NSS147410	Kurun	7530	1938-12-27	https://katalog.ibb.gov.tr/kutuphane3/sureli/05131_07530_1938M1227_189350.pdf	
NSS147411	Kurun	7531	1938-12-28	https://katalog.ibb.gov.tr/kutuphane3/sureli/05131_07531_1938M1228_189351.pdf	
NSS147412	Kurun	7532	1938-12-29	https://katalog.ibb.gov.tr/kutuphane3/sureli/05131_07532_1938M1229_189352.pdf	
NSS147413	Kurun	7533	1938-12-30	https://katalog.ibb.gov.tr/kutuphane3/sureli/05131_07533_1938M1230_189353.pdf	
NSS147414	Kurun	7534	1938-12-31	https://katalog.ibb.gov.tr/kutuphane3/sureli/05131_07534_1938M1231_189354.pdf	
NSS144864	Son Posta	2970	1938-11-06	https://katalog.ibb.gov.tr/kutuphane3/sureli/05129_02970_1938M0404_177687.pdf	tahmini (katalog: 1938-04-04)
NSS144865	Son Posta	2971	1938-11-07	https://katalog.ibb.gov.tr/kutuphane3/sureli/05129_02971_1938M0405_177688.pdf	tahmini (katalog: 1938-04-05)
NSS144866	Son Posta	2972	1938-11-08	https://katalog.ibb.gov.tr/kutuphane3/sureli/05129_02972_1938M0406_177689.pdf	tahmini (katalog: 1938-04-06)
NSS144867	Son Posta	2973	1938-11-09	https://katalog.ibb.gov.tr/kutuphane3/sureli/05129_02973_1938M0407_177691.pdf	tahmini (katalog: 1938-04-07)
NSS144868	Son Posta	2974	1938-11-10	https://katalog.ibb.gov.tr/kutuphane3/sureli/05129_02974_1938M0408_177692.pdf	tahmini (katalog: 1938-04-08)
NSS144869	Son Posta	2975	1938-11-11	https://katalog.ibb.gov.tr/kutuphane3/sureli/05129_02975_1938M0409_177693.pdf	tahmini (katalog: 1938-04-09)
NSS144870	Son Posta	2976	1938-11-12	https://katalog.ibb.gov.tr/kutuphane3/sureli/05129_02976_1938M0410_177694.pdf	tahmini (katalog: 1938-04-10)
NSS144871	Son Posta	2977	1938-11-13	https://katalog.ibb.gov.tr/kutuphane3/sureli/05129_02977_1938M0411_177695.pdf	tahmini (katalog: 1938-04-11)
NSS144872	Son Posta	2978	1938-11-14	https://katalog.ibb.gov.tr/kutuphane3/sureli/05129_02978_1938M0412_177696.pdf	tahmini (katalog: 1938-04-12)
NSS144873	Son Posta	2979	1938-11-15	https://katalog.ibb.gov.tr/kutuphane3/sureli/05129_02979_1938M0413_177697.pdf	tahmini (katalog: 1938-04-13)
NSS144874	Son Posta	2980	1938-11-16	https://katalog.ibb.gov.tr/kutuphane3/sureli/05129_02980_1938M0414_177698.pdf	tahmini (katalog: 1938-04-14)
NSS144875	Son Posta	2981	1938-11-17	https://katalog.ibb.gov.tr/kutuphane3/sureli/05129_02981_1938M0415_177699.pdf	tahmini (katalog: 1938-04-15)
NSS144876	Son Posta	2982	1938-11-18	https://katalog.ibb.gov.tr/kutuphane3/sureli/05129_02982_1938M0416_177700.pdf	tahmini (katalog: 1938-04-16)
NSS144877	Son Posta	2983	1938-11-19	https://katalog.ibb.gov.tr/kutuphane3/sureli/05129_02983_1938M0417_177701.pdf	tahmini (katalog: 1938-04-17)
NSS144878	Son Posta	2984	1938-11-20	https://katalog.ibb.gov.tr/kutuphane3/sureli/05129_02984_1938M0418_177702.pdf	tahmini (katalog: 1938-04-18)
NSS144879	Son Posta	2985	1938-11-21	https://katalog.ibb.gov.tr/kutuphane3/sureli/05129_02985_1938M0419_177703.pdf	tahmini (katalog: 1938-04-19)
NSS144880	Son Posta	2986	1938-11-22	https://katalog.ibb.gov.tr/kutuphane3/sureli/05129_02986_1938M0420_177704.pdf	tahmini (katalog: 1938-04-20)
NSS144881	Son Posta	2987	1938-11-23	https://katalog.ibb.gov.tr/kutuphane3/sureli/05129_02987_1938M0421_177705.pdf	tahmini (katalog: 1938-04-21)
NSS144882	Son Posta	2988	1938-11-24	https://katalog.ibb.gov.tr/kutuphane3/sureli/05129_02988_1938M0422_177706.pdf	tahmini (katalog: 1938-04-22)
NSS144883	Son Posta	2989	1938-11-25	https://katalog.ibb.gov.tr/kutuphane3/sureli/05129_02989_1938M0425_177707.pdf	tahmini (katalog: 1938-04-25)
NSS144884	Son Posta	2990	1938-11-26	https://katalog.ibb.gov.tr/kutuphane3/sureli/05129_02990_1938M0426_177708.pdf	tahmini (katalog: 1938-04-26)
NSS144885	Son Posta	2991	1938-11-27	https://katalog.ibb.gov.tr/kutuphane3/sureli/05129_02991_1938M0427_177709.pdf	tahmini (katalog: 1938-04-27)
NSS144886	Son Posta	2992	1938-11-28	https://katalog.ibb.gov.tr/kutuphane3/sureli/05129_02992_1938M0428_177710.pdf	tahmini (katalog: 1938-04-28)
NSS144887	Son Posta	2993	1938-11-29	https://katalog.ibb.gov.tr/kutuphane3/sureli/05129_02993_1938M0429_177711.pdf	tahmini (katalog: 1938-04-29)
NSS144888	Son Posta	2994	1938-11-30	https://katalog.ibb.gov.tr/kutuphane3/sureli/05129_02994_1938M0430_177712.pdf	tahmini (katalog: 1938-04-30)
NSS144889	Son Posta	2995	1938-12-01	https://katalog.ibb.gov.tr/kutuphane3/sureli/05129_02995_1938M1201_177713.pdf	
NSS144890	Son Posta	2996	1938-12-02	https://katalog.ibb.gov.tr/kutuphane3/sureli/05129_02996_1938M1202_177714.pdf	
NSS144891	Son Posta	2997	1938-12-03	https://katalog.ibb.gov.tr/kutuphane3/sureli/05129_02997_1938M1203_177715.pdf	
NSS144892	Son Posta	2998	1938-12-04	https://katalog.ibb.gov.tr/kutuphane3/sureli/05129_02998_1938M1204_177716.pdf	
NSS144893	Son Posta	2999	1938-12-05	https://katalog.ibb.gov.tr/kutuphane3/sureli/05129_02999_1938M1205_177717.pdf	
NSS144894	Son Posta	3000	1938-12-06	https://katalog.ibb.gov.tr/kutuphane3/sureli/05129_03000_1938M1206_177718.pdf	
NSS144895	Son Posta	3001	1938-12-07	https://katalog.ibb.gov.tr/kutuphane3/sureli/05129_03001_1938M1207_177719.pdf	
NSS144896	Son Posta	3002	1938-12-08	https://katalog.ibb.gov.tr/kutuphane3/sureli/05129_03002_1938M1208_177720.pdf	
NSS144897	Son Posta	3003	1938-12-09	https://katalog.ibb.gov.tr/kutuphane3/sureli/05129_03003_1938M1209_177721.pdf	
NSS144898	Son Posta	3004	1938-12-10	https://katalog.ibb.gov.tr/kutuphane3/sureli/05129_03004_1938M1210_177722.pdf	
NSS144899	Son Posta	3005	1938-12-11	https://katalog.ibb.gov.tr/kutuphane3/sureli/05129_03005_1938M1211_177723.pdf	
NSS144900	Son Posta	3006	1938-12-12	https://katalog.ibb.gov.tr/kutuphane3/sureli/05129_03006_1938M1212_177724.pdf	
NSS144901	Son Posta	3007	1938-12-13	https://katalog.ibb.gov.tr/kutuphane3/sureli/05129_03007_1938M1213_177725.pdf	
NSS144902	Son Posta	3008	1938-12-14	https://katalog.ibb.gov.tr/kutuphane3/sureli/05129_03008_1938M1214_177726.pdf	
NSS144903	Son Posta	3009	1938-12-15	https://katalog.ibb.gov.tr/kutuphane3/sureli/05129_03009_1938M1215_177727.pdf	
NSS144904	Son Posta	3010	1938-12-16	https://katalog.ibb.gov.tr/kutuphane3/sureli/05129_03010_1938M1216_177728.pdf	
NSS144905	Son Posta	3011	1938-12-17	https://katalog.ibb.gov.tr/kutuphane3/sureli/05129_03011_1938M1217_177729.pdf	
NSS144906	Son Posta	3012	1938-12-18	https://katalog.ibb.gov.tr/kutuphane3/sureli/05129_03012_1938M1218_177730.pdf	
NSS144907	Son Posta	3013	1938-12-19	https://katalog.ibb.gov.tr/kutuphane3/sureli/05129_03013_1938M1219_177731.pdf	
NSS144908	Son Posta	3014	1938-12-20	https://katalog.ibb.gov.tr/kutuphane3/sureli/05129_03014_1938M1220_177732.pdf	
NSS144909	Son Posta	3015	1938-12-21	https://katalog.ibb.gov.tr/kutuphane3/sureli/05129_03015_1938M1221_177733.pdf	
NSS144910	Son Posta	3016	1938-12-22	https://katalog.ibb.gov.tr/kutuphane3/sureli/05129_03016_1938M1222_177734.pdf	
NSS144911	Son Posta	3017	1938-12-23	https://katalog.ibb.gov.tr/kutuphane3/sureli/05129_03017_1938M1223_177735.pdf	
NSS144912	Son Posta	3018	1938-12-24	https://katalog.ibb.gov.tr/kutuphane3/sureli/05129_03018_1938M1224_177736.pdf	
NSS144913	Son Posta	3019	1938-12-25	https://katalog.ibb.gov.tr/kutuphane3/sureli/05129_03019_1938M1225_177737.pdf	
NSS144914	Son Posta	3020	1938-12-26	https://katalog.ibb.gov.tr/kutuphane3/sureli/05129_03020_1938M1226_177738.pdf	
NSS144915	Son Posta	3021	1938-12-27	https://katalog.ibb.gov.tr/kutuphane3/sureli/05129_03021_1938M1227_177739.pdf	
NSS144916	Son Posta	3022	1938-12-28	https://katalog.ibb.gov.tr/kutuphane3/sureli/05129_03022_1938M1228_177740.pdf	
NSS144917	Son Posta	3023	1938-12-29	https://katalog.ibb.gov.tr/kutuphane3/sureli/05129_03023_1938M1229_177741.pdf	
NSS144918	Son Posta	3024	1938-12-30	https://katalog.ibb.gov.tr/kutuphane3/sureli/05129_03024_1938M1230_177742.pdf	
NSS144919	Son Posta	3025	1938-12-31	https://katalog.ibb.gov.tr/kutuphane3/sureli/05129_03025_1938M1231_177743.pdf	
NSS144920	Son Posta	3026	1939-01-01	https://katalog.ibb.gov.tr/kutuphane3/sureli/05129_03026_1939M0101_177744.pdf	
NSS144921	Son Posta	3027	1939-01-02	https://katalog.ibb.gov.tr/kutuphane3/sureli/05129_03027_1939M0102_177745.pdf	
NSS144922	Son Posta	3028	1939-01-03	https://katalog.ibb.gov.tr/kutuphane3/sureli/05129_03028_1939M0103_177746.pdf	
NSS144923	Son Posta	3029	1939-01-04	https://katalog.ibb.gov.tr/kutuphane3/sureli/05129_03029_1939M0104_177747.pdf	
NSS144924	Son Posta	3030	1939-01-05	https://katalog.ibb.gov.tr/kutuphane3/sureli/05129_03030_1939M0105_177748.pdf	
NSS144925	Son Posta	3031	1939-01-06	https://katalog.ibb.gov.tr/kutuphane3/sureli/05129_03031_1939M0106_177749.pdf	
NSS144926	Son Posta	3032	1939-01-07	https://katalog.ibb.gov.tr/kutuphane3/sureli/05129_03032_1939M0107_177750.pdf	
NSS144927	Son Posta	3033	1939-01-08	https://katalog.ibb.gov.tr/kutuphane3/sureli/05129_03033_1939M0108_177751.pdf	
NSS144928	Son Posta	3034	1939-01-09	https://katalog.ibb.gov.tr/kutuphane3/sureli/05129_03034_1939M0109_177752.pdf	
NSS144929	Son Posta	3035	1939-01-10	https://katalog.ibb.gov.tr/kutuphane3/sureli/05129_03035_1939M0110_177753.pdf	
NSS144930	Son Posta	3036	1939-01-11	https://katalog.ibb.gov.tr/kutuphane3/sureli/05129_03036_1939M0111_177754.pdf	
NSS144931	Son Posta	3037	1939-01-12	https://katalog.ibb.gov.tr/kutuphane3/sureli/05129_03037_1939M0112_177755.pdf	
NSS144941	Son Posta	3038	1939-01-13	https://katalog.ibb.gov.tr/kutuphane3/sureli/05129_03038_1939M0113_177766.pdf	
NSS144942	Son Posta	3039	1939-01-14	https://katalog.ibb.gov.tr/kutuphane3/sureli/05129_03039_1939M0114_177767.pdf	
NSS144943	Son Posta	3040	1939-01-15	https://katalog.ibb.gov.tr/kutuphane3/sureli/05129_03040_1939M0115_177768.pdf	
NSS144944	Son Posta	3041	1939-01-16	https://katalog.ibb.gov.tr/kutuphane3/sureli/05129_03041_1939M0116_177769.pdf	
NSS144945	Son Posta	3042	1939-01-17	https://katalog.ibb.gov.tr/kutuphane3/sureli/05129_03042_1939M0117_177770.pdf	
NSS144946	Son Posta	3043	1939-01-18	https://katalog.ibb.gov.tr/kutuphane3/sureli/05129_03043_1939M0118_177771.pdf	
NSS144947	Son Posta	3044	1939-01-19	https://katalog.ibb.gov.tr/kutuphane3/sureli/05129_03044_1939M0119_177772.pdf	
NSS144948	Son Posta	3045	1939-01-20	https://katalog.ibb.gov.tr/kutuphane3/sureli/05129_03045_1939M0120_177773.pdf	
NSS144949	Son Posta	3046	1939-01-21	https://katalog.ibb.gov.tr/kutuphane3/sureli/05129_03046_1939M0121_177774.pdf	
NSS144950	Son Posta	3047	1939-01-22	https://katalog.ibb.gov.tr/kutuphane3/sureli/05129_03047_1939M0122_177775.pdf	
NSS144951	Son Posta	3048	1939-01-23	https://katalog.ibb.gov.tr/kutuphane3/sureli/05129_03048_1939M0123_177776.pdf	
NSS144952	Son Posta	3049	1939-01-24	https://katalog.ibb.gov.tr/kutuphane3/sureli/05129_03049_1939M0124_177777.pdf	
NSS144953	Son Posta	3050	1939-01-25	https://katalog.ibb.gov.tr/kutuphane3/sureli/05129_03050_1939M0125_177778.pdf	
NSS144954	Son Posta	3051	1939-01-26	https://katalog.ibb.gov.tr/kutuphane3/sureli/05129_03051_1939M0126_177779.pdf	
NSS144955	Son Posta	3052	1939-01-27	https://katalog.ibb.gov.tr/kutuphane3/sureli/05129_03052_1939M0127_177780.pdf	
NSS144932	Son Posta	3053	1939-01-28	https://katalog.ibb.gov.tr/kutuphane3/sureli/05129_03053_1939M0128_177756.pdf	
NSS144933	Son Posta	3054	1939-01-29	https://katalog.ibb.gov.tr/kutuphane3/sureli/05129_03054_1939M0129_177757.pdf	
NSS144934	Son Posta	3055	1939-01-30	https://katalog.ibb.gov.tr/kutuphane3/sureli/05129_03055_1939M0130_177758.pdf	
NSS144935	Son Posta	3056	1939-02-03	https://katalog.ibb.gov.tr/kutuphane3/sureli/05129_03056_1939M0203_177759.pdf	
NSS144936	Son Posta	3057	1939-02-04	https://katalog.ibb.gov.tr/kutuphane3/sureli/05129_03057_1939M0204_177760.pdf	
NSS144937	Son Posta	3058	1939-02-05	https://katalog.ibb.gov.tr/kutuphane3/sureli/05129_03058_1939M0205_177761.pdf	
NSS144938	Son Posta	3059	1939-02-06	https://katalog.ibb.gov.tr/kutuphane3/sureli/05129_03059_1939M0206_177763.pdf	
NSS144939	Son Posta	3060	1939-02-07	https://katalog.ibb.gov.tr/kutuphane3/sureli/05129_03060_1939M0207_177764.pdf	
NSS144940	Son Posta	3061	1939-02-08	https://katalog.ibb.gov.tr/kutuphane3/sureli/05129_03061_1939M0208_177765.pdf	
NSS144956	Son Posta	3062	1939-02-09	https://katalog.ibb.gov.tr/kutuphane3/sureli/05129_03062_1939M0209_177782.pdf	
NSS144957	Son Posta	3063	1939-02-10	https://katalog.ibb.gov.tr/kutuphane3/sureli/05129_03063_1939M0210_177783.pdf	
NSS144958	Son Posta	3064	1939-02-11	https://katalog.ibb.gov.tr/kutuphane3/sureli/05129_03064_1939M0211_177784.pdf	
NSS144959	Son Posta	3065	1939-02-12	https://katalog.ibb.gov.tr/kutuphane3/sureli/05129_03065_1939M0212_177785.pdf	
NSS144960	Son Posta	3066	1939-02-13	https://katalog.ibb.gov.tr/kutuphane3/sureli/05129_03066_1939M0213_177786.pdf	
NSS144961	Son Posta	3067	1939-02-14	https://katalog.ibb.gov.tr/kutuphane3/sureli/05129_03067_1939M0214_177787.pdf	
NSS144962	Son Posta	3068	1939-02-15	https://katalog.ibb.gov.tr/kutuphane3/sureli/05129_03068_1939M0215_177788.pdf	
NSS144963	Son Posta	3069	1939-02-16	https://katalog.ibb.gov.tr/kutuphane3/sureli/05129_03069_1939M0216_177789.pdf	
NSS144964	Son Posta	3070	1939-02-17	https://katalog.ibb.gov.tr/kutuphane3/sureli/05129_03070_1939M0217_177790.pdf	
NSS144965	Son Posta	3071	1939-02-18	https://katalog.ibb.gov.tr/kutuphane3/sureli/05129_03071_1939M0218_177791.pdf	
NSS144966	Son Posta	3072	1939-02-19	https://katalog.ibb.gov.tr/kutuphane3/sureli/05129_03072_1939M0219_177792.pdf	
NSS144967	Son Posta	3073	1939-02-20	https://katalog.ibb.gov.tr/kutuphane3/sureli/05129_03073_1939M0220_177793.pdf	
NSS144968	Son Posta	3074	1939-02-21	https://katalog.ibb.gov.tr/kutuphane3/sureli/05129_03074_1939M0221_177794.pdf	
NSS144969	Son Posta	3075	1939-02-22	https://katalog.ibb.gov.tr/kutuphane3/sureli/05129_03075_1939M0222_177795.pdf	
NSS144970	Son Posta	3076	1939-02-23	https://katalog.ibb.gov.tr/kutuphane3/sureli/05129_03076_1939M0223_177796.pdf	
NSS144971	Son Posta	3077	1939-02-24	https://katalog.ibb.gov.tr/kutuphane3/sureli/05129_03077_1939M0224_177797.pdf	
NSS144972	Son Posta	3078	1939-02-25	https://katalog.ibb.gov.tr/kutuphane3/sureli/05129_03078_1939M0225_177798.pdf	
NSS144973	Son Posta	3079	1939-02-26	https://katalog.ibb.gov.tr/kutuphane3/sureli/05129_03079_1939M0226_177799.pdf	
NSS144974	Son Posta	3080	1939-02-27	https://katalog.ibb.gov.tr/kutuphane3/sureli/05129_03080_1939M0227_177800.pdf	
NSS144975	Son Posta	3081	1939-02-28	https://katalog.ibb.gov.tr/kutuphane3/sureli/05129_03081_1939M0228_177801.pdf	
NSS144976	Son Posta	3082	1939-03-01	https://katalog.ibb.gov.tr/kutuphane3/sureli/05129_03082_1939M0301_177802.pdf	
NSS144977	Son Posta	3083	1939-03-02	https://katalog.ibb.gov.tr/kutuphane3/sureli/05129_03083_1939M0302_177803.pdf	
NSS144978	Son Posta	3084	1939-03-03	https://katalog.ibb.gov.tr/kutuphane3/sureli/05129_03084_1939M0303_177804.pdf	
NSS144979	Son Posta	3085	1939-03-04	https://katalog.ibb.gov.tr/kutuphane3/sureli/05129_03085_1939M0304_177805.pdf	
NSS144980	Son Posta	3086	1939-03-05	https://katalog.ibb.gov.tr/kutuphane3/sureli/05129_03086_1939M0305_177806.pdf	
NSS144981	Son Posta	3087	1939-03-06	https://katalog.ibb.gov.tr/kutuphane3/sureli/05129_03087_1939M0306_177807.pdf	
NSS144982	Son Posta	3088	1939-03-07	https://katalog.ibb.gov.tr/kutuphane3/sureli/05129_03088_1939M0307_177808.pdf	
NSS144983	Son Posta	3089	1939-03-08	https://katalog.ibb.gov.tr/kutuphane3/sureli/05129_03089_1939M0308_177809.pdf	
NSS144984	Son Posta	3090	1939-03-09	https://katalog.ibb.gov.tr/kutuphane3/sureli/05129_03090_1939M0309_177810.pdf	
NSS144985	Son Posta	3091	1939-03-10	https://katalog.ibb.gov.tr/kutuphane3/sureli/05129_03091_1939M0310_177811.pdf	
NSS144986	Son Posta	3092	1939-03-11	https://katalog.ibb.gov.tr/kutuphane3/sureli/05129_03092_1939M0311_177812.pdf	
NSS144987	Son Posta	3093	1939-03-12	https://katalog.ibb.gov.tr/kutuphane3/sureli/05129_03093_1939M0312_177813.pdf	
NSS148607	Tan	1182	1938-11-15	https://katalog.ibb.gov.tr/kutuphane3/sureli/05132_01182_1938M0413_193206.pdf	tahmini (katalog: 1938-04-13)
NSS148626	Tan	1183	1938-11-16	https://katalog.ibb.gov.tr/kutuphane3/sureli/05132_01183_1938M0414_193225.pdf	tahmini (katalog: 1938-04-14)
NSS148628	Tan	1184	1938-11-17	https://katalog.ibb.gov.tr/kutuphane3/sureli/05132_01184_1938M0415_193227.pdf	tahmini (katalog: 1938-04-15)
NSS148629	Tan	1185	1938-11-18	https://katalog.ibb.gov.tr/kutuphane3/sureli/05132_01185_1938M0416_193228.pdf	tahmini (katalog: 1938-04-16)
NSS148631	Tan	1186	1938-11-19	https://katalog.ibb.gov.tr/kutuphane3/sureli/05132_01186_1938M0417_193230.pdf	tahmini (katalog: 1938-04-17)
NSS148633	Tan	1187	1938-11-20	https://katalog.ibb.gov.tr/kutuphane3/sureli/05132_01187_1938M0418_193232.pdf	tahmini (katalog: 1938-04-18)
NSS148634	Tan	1188	1938-11-21	https://katalog.ibb.gov.tr/kutuphane3/sureli/05132_01188_1938M0419_193233.pdf	tahmini (katalog: 1938-04-19)
NSS148635	Tan	1189	1938-11-22	https://katalog.ibb.gov.tr/kutuphane3/sureli/05132_01189_1938M0420_193234.pdf	tahmini (katalog: 1938-04-20)
NSS148637	Tan	1190	1938-11-23	https://katalog.ibb.gov.tr/kutuphane3/sureli/05132_01190_1938M0421_193236.pdf	tahmini (katalog: 1938-04-21)
NSS148639	Tan	1191	1938-11-24	https://katalog.ibb.gov.tr/kutuphane3/sureli/05132_01191_1938M0422_193238.pdf	tahmini (katalog: 1938-04-22)
NSS148641	Tan	1192	1938-11-25	https://katalog.ibb.gov.tr/kutuphane3/sureli/05132_01192_1938M0423_193240.pdf	tahmini (katalog: 1938-04-23)
NSS148679	Tan	1193	1938-11-26	https://katalog.ibb.gov.tr/kutuphane3/sureli/05132_01193_1938M0426_193281.pdf	tahmini (katalog: 1938-04-26)
NSS148684	Tan	1194	1938-11-27	https://katalog.ibb.gov.tr/kutuphane3/sureli/05132_01194_1938M0427_193286.pdf	tahmini (katalog: 1938-04-27)
NSS148686	Tan	1195	1938-11-28	https://katalog.ibb.gov.tr/kutuphane3/sureli/05132_01195_1938M0428_193288.pdf	tahmini (katalog: 1938-04-28)
NSS148689	Tan	1196	1938-11-29	https://katalog.ibb.gov.tr/kutuphane3/sureli/05132_01196_1938M0429_193291.pdf	tahmini (katalog: 1938-04-29)
NSS148691	Tan	1197	1938-11-30	https://katalog.ibb.gov.tr/kutuphane3/sureli/05132_01197_1938M0430_193293.pdf	tahmini (katalog: 1938-04-30)
NSS148694	Tan	1198	1938-12-01	https://katalog.ibb.gov.tr/kutuphane3/sureli/05132_01198_1938M1201_193296.pdf	
NSS148698	Tan	1199	1938-12-02	https://katalog.ibb.gov.tr/kutuphane3/sureli/05132_01199_1938M1202_193300.pdf	
NSS148700	Tan	1200	1938-12-03	https://katalog.ibb.gov.tr/kutuphane3/sureli/05132_01200_1938M1203_193302.pdf	
NSS148701	Tan	1201	1938-12-04	https://katalog.ibb.gov.tr/kutuphane3/sureli/05132_01201_1938M1204_193303.pdf	
NSS148704	Tan	1202	1938-12-05	https://katalog.ibb.gov.tr/kutuphane3/sureli/05132_01202_1938M1205_193306.pdf	
NSS148707	Tan	1203	1938-12-06	https://katalog.ibb.gov.tr/kutuphane3/sureli/05132_01203_1938M1206_193309.pdf	
NSS148709	Tan	1204	1938-12-07	https://katalog.ibb.gov.tr/kutuphane3/sureli/05132_01204_1938M1207_193311.pdf	
NSS148712	Tan	1205	1938-12-08	https://katalog.ibb.gov.tr/kutuphane3/sureli/05132_01205_1938M1208_193314.pdf	
NSS148715	Tan	1206	1938-12-09	https://katalog.ibb.gov.tr/kutuphane3/sureli/05132_01206_1938M1209_193317.pdf	
NSS148719	Tan	1207	1938-12-10	https://katalog.ibb.gov.tr/kutuphane3/sureli/05132_01207_1938M1210_193321.pdf	
NSS148721	Tan	1208	1938-12-11	https://katalog.ibb.gov.tr/kutuphane3/sureli/05132_01208_1938M1211_193323.pdf	
NSS148726	Tan	1209	1938-12-12	https://katalog.ibb.gov.tr/kutuphane3/sureli/05132_01209_1938M1212_193328.pdf	
NSS148729	Tan	1210	1938-12-13	https://katalog.ibb.gov.tr/kutuphane3/sureli/05132_01210_1938M1213_193331.pdf	
NSS148732	Tan	1211	1938-12-14	https://katalog.ibb.gov.tr/kutuphane3/sureli/05132_01211_1938M1214_193335.pdf	
NSS148734	Tan	1212	1938-12-15	https://katalog.ibb.gov.tr/kutuphane3/sureli/05132_01212_1938M1215_193337.pdf	
NSS148735	Tan	1213	1938-12-16	https://katalog.ibb.gov.tr/kutuphane3/sureli/05132_01213_1938M1216_193338.pdf	
NSS148736	Tan	1214	1938-12-17	https://katalog.ibb.gov.tr/kutuphane3/sureli/05132_01214_1938M1217_193339.pdf	
NSS148737	Tan	1215	1938-12-18	https://katalog.ibb.gov.tr/kutuphane3/sureli/05132_01215_1938M1218_193340.pdf	
NSS148738	Tan	1216	1938-12-19	https://katalog.ibb.gov.tr/kutuphane3/sureli/05132_01216_1938M1219_193341.pdf	
NSS148740	Tan	1217	1938-12-20	https://katalog.ibb.gov.tr/kutuphane3/sureli/05132_01217_1938M1220_193343.pdf	
NSS148742	Tan	1218	1938-12-21	https://katalog.ibb.gov.tr/kutuphane3/sureli/05132_01218_1938M1221_193345.pdf	
NSS148744	Tan	1219	1938-12-22	https://katalog.ibb.gov.tr/kutuphane3/sureli/05132_01219_1938M1222_193347.pdf	
NSS148745	Tan	1220	1938-12-23	https://katalog.ibb.gov.tr/kutuphane3/sureli/05132_01220_1938M1223_193348.pdf	
NSS148747	Tan	1221	1938-12-24	https://katalog.ibb.gov.tr/kutuphane3/sureli/05132_01221_1938M1224_193350.pdf	
NSS148751	Tan	1222	1938-12-25	https://katalog.ibb.gov.tr/kutuphane3/sureli/05132_01222_1938M1225_193354.pdf	
NSS149070	Tan	1223	1938-12-26	https://katalog.ibb.gov.tr/kutuphane3/sureli/05132_01223_1938M1226_193673.pdf	
NSS149071	Tan	1224	1938-12-27	https://katalog.ibb.gov.tr/kutuphane3/sureli/05132_01224_1938M1227_193674.pdf	
NSS149072	Tan	1225	1938-12-28	https://katalog.ibb.gov.tr/kutuphane3/sureli/05132_01225_1938M1228_193675.pdf	
NSS149074	Tan	1226	1938-12-29	https://katalog.ibb.gov.tr/kutuphane3/sureli/05132_01226_1938M1229_193677.pdf	
NSS149076	Tan	1227	1938-12-30	https://katalog.ibb.gov.tr/kutuphane3/sureli/05132_01227_1938M1230_193679.pdf	
NSS149080	Tan	1228	1938-12-31	https://katalog.ibb.gov.tr/kutuphane3/sureli/05132_01228_1938M1231_193683.pdf	
NSS148630	Tan	1229	1939-01-01	https://katalog.ibb.gov.tr/kutuphane3/sureli/05132_01229_1939M0101_193229.pdf	
NSS148632	Tan	1230	1939-01-02	https://katalog.ibb.gov.tr/kutuphane3/sureli/05132_01230_1939M0102_193231.pdf	
NSS148652	Tan	1231	1939-01-03	https://katalog.ibb.gov.tr/kutuphane3/sureli/05132_01231_1939M0103_193251.pdf	
NSS148653	Tan	1232	1939-01-04	https://katalog.ibb.gov.tr/kutuphane3/sureli/05132_01232_1939M0104_193252.pdf	
NSS148654	Tan	1233	1939-01-05	https://katalog.ibb.gov.tr/kutuphane3/sureli/05132_01233_1939M0105_193253.pdf	
NSS148655	Tan	1234	1939-01-06	https://katalog.ibb.gov.tr/kutuphane3/sureli/05132_01234_1939M0106_193254.pdf	
NSS148656	Tan	1235	1939-01-07	https://katalog.ibb.gov.tr/kutuphane3/sureli/05132_01235_1939M0107_193255.pdf	
NSS148657	Tan	1236	1939-01-08	https://katalog.ibb.gov.tr/kutuphane3/sureli/05132_01236_1939M0108_193256.pdf	
NSS148658	Tan	1237	1939-01-09	https://katalog.ibb.gov.tr/kutuphane3/sureli/05132_01237_1939M0109_193257.pdf	
NSS148660	Tan	1239	1939-01-11	https://katalog.ibb.gov.tr/kutuphane3/sureli/05132_01239_1939M0111_193259.pdf	
NSS148662	Tan	1240	1939-01-12	https://katalog.ibb.gov.tr/kutuphane3/sureli/05132_01240_1939M0112_193262.pdf	
NSS148663	Tan	1241	1939-01-13	https://katalog.ibb.gov.tr/kutuphane3/sureli/05132_01241_1939M0113_193263.pdf	
NSS148664	Tan	1242	1939-01-14	https://katalog.ibb.gov.tr/kutuphane3/sureli/05132_01242_1939M0114_193264.pdf	
NSS148665	Tan	1243	1939-01-15	https://katalog.ibb.gov.tr/kutuphane3/sureli/05132_01243_1939M0115_193265.pdf	
NSS148666	Tan	1244	1939-01-16	https://katalog.ibb.gov.tr/kutuphane3/sureli/05132_01244_1939M0116_193266.pdf	
NSS148667	Tan	1245	1939-01-17	https://katalog.ibb.gov.tr/kutuphane3/sureli/05132_01245_1939M0117_193267.pdf	
NSS148668	Tan	1246	1939-01-18	https://katalog.ibb.gov.tr/kutuphane3/sureli/05132_01246_1939M0118_193268.pdf	
NSS148669	Tan	1247	1939-01-19	https://katalog.ibb.gov.tr/kutuphane3/sureli/05132_01247_1939M0119_193269.pdf	
NSS148670	Tan	1248	1939-01-20	https://katalog.ibb.gov.tr/kutuphane3/sureli/05132_01248_1939M0120_193270.pdf	
NSS148671	Tan	1249	1939-01-21	https://katalog.ibb.gov.tr/kutuphane3/sureli/05132_01249_1939M0121_193272.pdf	
NSS148672	Tan	1250	1939-01-22	https://katalog.ibb.gov.tr/kutuphane3/sureli/05132_01250_1939M0122_193273.pdf	
NSS148673	Tan	1251	1939-01-23	https://katalog.ibb.gov.tr/kutuphane3/sureli/05132_01251_1939M0123_193274.pdf	
NSS148674	Tan	1252	1939-01-24	https://katalog.ibb.gov.tr/kutuphane3/sureli/05132_01252_1939M0124_193275.pdf	
NSS148675	Tan	1253	1939-01-25	https://katalog.ibb.gov.tr/kutuphane3/sureli/05132_01253_1939M0125_193276.pdf	
NSS148676	Tan	1254	1939-01-26	https://katalog.ibb.gov.tr/kutuphane3/sureli/05132_01254_1939M0126_193278.pdf	
NSS148677	Tan	1255	1939-01-27	https://katalog.ibb.gov.tr/kutuphane3/sureli/05132_01255_1939M0127_193279.pdf	
NSS148678	Tan	1256	1939-01-28	https://katalog.ibb.gov.tr/kutuphane3/sureli/05132_01256_1939M0128_193280.pdf	
NSS148680	Tan	1257	1939-01-29	https://katalog.ibb.gov.tr/kutuphane3/sureli/05132_01257_1939M0129_193282.pdf	
NSS148681	Tan	1258	1939-01-30	https://katalog.ibb.gov.tr/kutuphane3/sureli/05132_01258_1939M0130_193283.pdf	
NSS148682	Tan	1259	1939-01-31	https://katalog.ibb.gov.tr/kutuphane3/sureli/05132_01259_1939M0131_193284.pdf	
NSS148683	Tan	1260	1939-02-04	https://katalog.ibb.gov.tr/kutuphane3/sureli/05132_01260_1939M0204_193285.pdf	
NSS148685	Tan	1261	1939-02-05	https://katalog.ibb.gov.tr/kutuphane3/sureli/05132_01261_1939M0205_193287.pdf	
NSS148687	Tan	1262	1939-02-06	https://katalog.ibb.gov.tr/kutuphane3/sureli/05132_01262_1939M0206_193289.pdf	
NSS148688	Tan	1263	1939-02-07	https://katalog.ibb.gov.tr/kutuphane3/sureli/05132_01263_1939M0207_193290.pdf	
NSS148690	Tan	1264	1939-02-08	https://katalog.ibb.gov.tr/kutuphane3/sureli/05132_01264_1939M0208_193292.pdf	
NSS148692	Tan	1265	1939-02-09	https://katalog.ibb.gov.tr/kutuphane3/sureli/05132_01265_1939M0209_193294.pdf	
NSS148695	Tan	1266	1939-02-10	https://katalog.ibb.gov.tr/kutuphane3/sureli/05132_01266_1939M0210_193297.pdf	
NSS148696	Tan	1267	1939-02-11	https://katalog.ibb.gov.tr/kutuphane3/sureli/05132_01267_1939M0211_193298.pdf	
NSS148697	Tan	1268	1939-02-12	https://katalog.ibb.gov.tr/kutuphane3/sureli/05132_01268_1939M0212_193299.pdf	
NSS148699	Tan	1269	1939-02-13	https://katalog.ibb.gov.tr/kutuphane3/sureli/05132_01269_1939M0213_193301.pdf	
NSS148702	Tan	1270	1939-02-14	https://katalog.ibb.gov.tr/kutuphane3/sureli/05132_01270_1939M0214_193304.pdf	
NSS148703	Tan	1271	1939-02-15	https://katalog.ibb.gov.tr/kutuphane3/sureli/05132_01271_1939M0215_193305.pdf	
NSS148705	Tan	1272	1939-02-16	https://katalog.ibb.gov.tr/kutuphane3/sureli/05132_01272_1939M0216_193307.pdf	
NSS148706	Tan	1273	1939-02-17	https://katalog.ibb.gov.tr/kutuphane3/sureli/05132_01273_1939M0217_193308.pdf	
NSS148708	Tan	1274	1939-02-18	https://katalog.ibb.gov.tr/kutuphane3/sureli/05132_01274_1939M0218_193310.pdf	
NSS148711	Tan	1275	1939-02-19	https://katalog.ibb.gov.tr/kutuphane3/sureli/05132_01275_1939M0219_193313.pdf	
NSS148713	Tan	1276	1939-02-20	https://katalog.ibb.gov.tr/kutuphane3/sureli/05132_01276_1939M0220_193315.pdf	
NSS148714	Tan	1277	1939-02-21	https://katalog.ibb.gov.tr/kutuphane3/sureli/05132_01277_1939M0221_193316.pdf	
NSS148716	Tan	1278	1939-02-22	https://katalog.ibb.gov.tr/kutuphane3/sureli/05132_01278_1939M0222_193318.pdf	
NSS148717	Tan	1279	1939-02-23	https://katalog.ibb.gov.tr/kutuphane3/sureli/05132_01279_1939M0223_193319.pdf	
NSS148720	Tan	1280	1939-02-24	https://katalog.ibb.gov.tr/kutuphane3/sureli/05132_01280_1939M0224_193322.pdf	
NSS148723	Tan	1281	1939-02-25	https://katalog.ibb.gov.tr/kutuphane3/sureli/05132_01281_1939M0225_193325.pdf	
NSS148724	Tan	1282	1939-02-26	https://katalog.ibb.gov.tr/kutuphane3/sureli/05132_01282_1939M0226_193326.pdf	
NSS148727	Tan	1283	1939-02-27	https://katalog.ibb.gov.tr/kutuphane3/sureli/05132_01283_1939M0227_193329.pdf	
NSS148753	Tan	1284	1939-02-28	https://katalog.ibb.gov.tr/kutuphane3/sureli/05132_01284_1939M0228_193356.pdf	
NSS148754	Tan	1285	1939-03-01	https://katalog.ibb.gov.tr/kutuphane3/sureli/05132_01285_1939M0301_193357.pdf	
NSS148755	Tan	1286	1939-03-02	https://katalog.ibb.gov.tr/kutuphane3/sureli/05132_01286_1939M0302_193358.pdf	
NSS148756	Tan	1287	1939-03-03	https://katalog.ibb.gov.tr/kutuphane3/sureli/05132_01287_1939M0303_193359.pdf	
NSS148757	Tan	1288	1939-03-04	https://katalog.ibb.gov.tr/kutuphane3/sureli/05132_01288_1939M0304_193360.pdf	
NSS148758	Tan	1289	1939-03-05	https://katalog.ibb.gov.tr/kutuphane3/sureli/05132_01289_1939M0305_193361.pdf	
NSS148759	Tan	1290	1939-03-06	https://katalog.ibb.gov.tr/kutuphane3/sureli/05132_01290_1939M0306_193362.pdf	
NSS148760	Tan	1291	1939-03-07	https://katalog.ibb.gov.tr/kutuphane3/sureli/05132_01291_1939M0307_193363.pdf	
NSS148761	Tan	1292	1939-03-08	https://katalog.ibb.gov.tr/kutuphane3/sureli/05132_01292_1939M0308_193364.pdf	
NSS148762	Tan	1293	1939-03-09	https://katalog.ibb.gov.tr/kutuphane3/sureli/05132_01293_1939M0309_193365.pdf	
NSS148763	Tan	1294	1939-03-10	https://katalog.ibb.gov.tr/kutuphane3/sureli/05132_01294_1939M0310_193366.pdf	
NSS148764	Tan	1295	1939-03-11	https://katalog.ibb.gov.tr/kutuphane3/sureli/05132_01295_1939M0311_193367.pdf	
NSS148765	Tan	1296	1939-03-12	https://katalog.ibb.gov.tr/kutuphane3/sureli/05132_01296_1939M0312_193368.pdf	
NSS133884	Türk Baytarlar Cemiyeti Mecmuası	4	1930-04-15	https://katalog.ibb.gov.tr/kutuphane3/sureli/03633_00004_1930M0415_26216.pdf	
NSS133882	Türk Baytarlar Cemiyeti Mecmuası	1	1930-10-01	https://katalog.ibb.gov.tr/kutuphane3/sureli/03633_00001_1930M1001_26174.pdf	
NSS133883	Türk Baytarlar Cemiyeti Mecmuası	3	1930-12-30	https://katalog.ibb.gov.tr/kutuphane3/sureli/03633_00003_1930M1230_26214.pdf	
NSS133888	Türk Baytarlar Cemiyeti Mecmuası	9	1932-04-15	https://katalog.ibb.gov.tr/kutuphane3/sureli/03633_00009_1932M0415_26271.pdf	
NSS133885	Türk Baytarlar Cemiyeti Mecmuası	6	1932-06-15	https://katalog.ibb.gov.tr/kutuphane3/sureli/03633_00006_1932M0615_26222.pdf	
NSS133886	Türk Baytarlar Cemiyeti Mecmuası	7	1932-07-01	https://katalog.ibb.gov.tr/kutuphane3/sureli/03633_00007_1932M0701_26226.pdf	
NSS133887	Türk Baytarlar Cemiyeti Mecmuası	8	1932-07-15	https://katalog.ibb.gov.tr/kutuphane3/sureli/03633_00008_1932M0715_26263.pdf	
NSS133889	Türk Baytarlar Cemiyeti Mecmuası	10	1933-01-01	https://katalog.ibb.gov.tr/kutuphane3/sureli/03633_00010_1933M0101_26303.pdf	
NSS117495	Vakit	7535	1939-01-01	https://katalog.ibb.gov.tr/kutuphane3/sureli/02339_07535_1939M0101_188871.pdf	
NSS117496	Vakit	7536	1939-01-02	https://katalog.ibb.gov.tr/kutuphane3/sureli/02339_07536_1939M0102_188882.pdf	
NSS117497	Vakit	7537	1939-01-03	https://katalog.ibb.gov.tr/kutuphane3/sureli/02339_07537_1939M0103_188895.pdf	
NSS117498	Vakit	7538	1939-01-04	https://katalog.ibb.gov.tr/kutuphane3/sureli/02339_07538_1939M0104_188900.pdf	
NSS117499	Vakit	7539	1939-01-05	https://katalog.ibb.gov.tr/kutuphane3/sureli/02339_07539_1939M0105_188935.pdf	
NSS117500	Vakit	7540	1939-01-06	https://katalog.ibb.gov.tr/kutuphane3/sureli/02339_07540_1939M0106_188936.pdf	
NSS117501	Vakit	7541	1939-01-07	https://katalog.ibb.gov.tr/kutuphane3/sureli/02339_07541_1939M0107_188937.pdf	
NSS117502	Vakit	7542	1939-01-08	https://katalog.ibb.gov.tr/kutuphane3/sureli/02339_07542_1939M0108_188938.pdf	
NSS117503	Vakit	7543	1939-01-09	https://katalog.ibb.gov.tr/kutuphane3/sureli/02339_07543_1939M0109_188939.pdf	
NSS117504	Vakit	7544	1939-01-10	https://katalog.ibb.gov.tr/kutuphane3/sureli/02339_07544_1939M0110_188940.pdf	
NSS117505	Vakit	7545	1939-01-11	https://katalog.ibb.gov.tr/kutuphane3/sureli/02339_07545_1939M0111_188941.pdf	
NSS117506	Vakit	7546	1939-01-12	https://katalog.ibb.gov.tr/kutuphane3/sureli/02339_07546_1939M0112_188943.pdf	
NSS117507	Vakit	7547	1939-01-13	https://katalog.ibb.gov.tr/kutuphane3/sureli/02339_07547_1939M0113_188944.pdf	
NSS117508	Vakit	7548	1939-01-14	https://katalog.ibb.gov.tr/kutuphane3/sureli/02339_07548_1939M0114_188946.pdf	
NSS117509	Vakit	7549	1939-01-15	https://katalog.ibb.gov.tr/kutuphane3/sureli/02339_07549_1939M0115_188949.pdf	
NSS117510	Vakit	7550	1939-01-16	https://katalog.ibb.gov.tr/kutuphane3/sureli/02339_07550_1939M0116_188951.pdf	
NSS117511	Vakit	7551	1939-01-17	https://katalog.ibb.gov.tr/kutuphane3/sureli/02339_07551_1939M0117_188954.pdf	
NSS117512	Vakit	7552	1939-01-18	https://katalog.ibb.gov.tr/kutuphane3/sureli/02339_07552_1939M0118_188961.pdf	
NSS117513	Vakit	7553	1939-01-19	https://katalog.ibb.gov.tr/kutuphane3/sureli/02339_07553_1939M0119_188964.pdf	
NSS117514	Vakit	7554	1939-01-20	https://katalog.ibb.gov.tr/kutuphane3/sureli/02339_07554_1939M0120_188966.pdf	
NSS117515	Vakit	7555	1939-01-21	https://katalog.ibb.gov.tr/kutuphane3/sureli/02339_07555_1939M0121_188968.pdf	
NSS117516	Vakit	7556	1939-01-22	https://katalog.ibb.gov.tr/kutuphane3/sureli/02339_07556_1939M0122_188969.pdf	
NSS117517	Vakit	7557	1939-01-23	https://katalog.ibb.gov.tr/kutuphane3/sureli/02339_07557_1939M0123_188971.pdf	
NSS117518	Vakit	7558	1939-01-24	https://katalog.ibb.gov.tr/kutuphane3/sureli/02339_07558_1939M0124_188973.pdf	
NSS117519	Vakit	7559	1939-01-25	https://katalog.ibb.gov.tr/kutuphane3/sureli/02339_07559_1939M0125_188975.pdf	
NSS117520	Vakit	7560	1939-01-26	https://katalog.ibb.gov.tr/kutuphane3/sureli/02339_07560_1939M0126_188976.pdf	
NSS117521	Vakit	7561	1939-01-27	https://katalog.ibb.gov.tr/kutuphane3/sureli/02339_07561_1939M0127_188978.pdf	
NSS117522	Vakit	7562	1939-01-28	https://katalog.ibb.gov.tr/kutuphane3/sureli/02339_07562_1939M0128_188980.pdf	
NSS117523	Vakit	7563	1939-01-29	https://katalog.ibb.gov.tr/kutuphane3/sureli/02339_07563_1939M0129_188981.pdf	
NSS117524	Vakit	7564	1939-01-30	https://katalog.ibb.gov.tr/kutuphane3/sureli/02339_07564_1939M0130_188982.pdf	
NSS117525	Vakit	7565	1939-01-31	https://katalog.ibb.gov.tr/kutuphane3/sureli/02339_07565_1939M0131_188984.pdf	
NSS117526	Vakit	7566	1939-02-04	https://katalog.ibb.gov.tr/kutuphane3/sureli/02339_07566_1939M0204_188987.pdf	
NSS117527	Vakit	7567	1939-02-05	https://katalog.ibb.gov.tr/kutuphane3/sureli/02339_07567_1939M0205_188989.pdf	
NSS117528	Vakit	7568	1939-02-06	https://katalog.ibb.gov.tr/kutuphane3/sureli/02339_07568_1939M0206_188991.pdf	
NSS117529	Vakit	7569	1939-02-07	https://katalog.ibb.gov.tr/kutuphane3/sureli/02339_07569_1939M0207_188993.pdf	
NSS117530	Vakit	7570	1939-02-08	https://katalog.ibb.gov.tr/kutuphane3/sureli/02339_07570_1939M0208_188995.pdf	
NSS117531	Vakit	7571	1939-02-09	https://katalog.ibb.gov.tr/kutuphane3/sureli/02339_07571_1939M0209_188996.pdf	
NSS117532	Vakit	7572	1939-02-10	https://katalog.ibb.gov.tr/kutuphane3/sureli/02339_07572_1939M0210_189001.pdf	
NSS117533	Vakit	7573	1939-02-11	https://katalog.ibb.gov.tr/kutuphane3/sureli/02339_07573_1939M0211_189002.pdf	
NSS117534	Vakit	7574	1939-02-12	https://katalog.ibb.gov.tr/kutuphane3/sureli/02339_07574_1939M0212_189005.pdf	
NSS117535	Vakit	7575	1939-02-13	https://katalog.ibb.gov.tr/kutuphane3/sureli/02339_07575_1939M0213_189008.pdf	
NSS117536	Vakit	7576	1939-02-14	https://katalog.ibb.gov.tr/kutuphane3/sureli/02339_07576_1939M0214_189011.pdf	
NSS117537	Vakit	7577	1939-02-15	https://katalog.ibb.gov.tr/kutuphane3/sureli/02339_07577_1939M0215_189013.pdf	
NSS117538	Vakit	7578	1939-02-16	https://katalog.ibb.gov.tr/kutuphane3/sureli/02339_07578_1939M0216_189016.pdf	
NSS117539	Vakit	7579	1939-02-17	https://katalog.ibb.gov.tr/kutuphane3/sureli/02339_07579_1939M0217_189018.pdf	
NSS117540	Vakit	7580	1939-02-18	https://katalog.ibb.gov.tr/kutuphane3/sureli/02339_07580_1939M0218_189020.pdf	
NSS117541	Vakit	7581	1939-02-19	https://katalog.ibb.gov.tr/kutuphane3/sureli/02339_07581_1939M0219_189022.pdf	
NSS117542	Vakit	7582	1939-02-20	https://katalog.ibb.gov.tr/kutuphane3/sureli/02339_07582_1939M0220_189025.pdf	
NSS117543	Vakit	7583	1939-02-21	https://katalog.ibb.gov.tr/kutuphane3/sureli/02339_07583_1939M0221_189026.pdf	
NSS117544	Vakit	7584	1939-02-22	https://katalog.ibb.gov.tr/kutuphane3/sureli/02339_07584_1939M0222_189029.pdf	
NSS117545	Vakit	7585	1939-02-23	https://katalog.ibb.gov.tr/kutuphane3/sureli/02339_07585_1939M0223_189030.pdf	
NSS117546	Vakit	7586	1939-02-24	https://katalog.ibb.gov.tr/kutuphane3/sureli/02339_07586_1939M0224_189032.pdf	
NSS117547	Vakit	7587	1939-02-25	https://katalog.ibb.gov.tr/kutuphane3/sureli/02339_07587_1939M0225_189034.pdf	
NSS117548	Vakit	7588	1939-02-26	https://katalog.ibb.gov.tr/kutuphane3/sureli/02339_07588_1939M0226_189038.pdf	
NSS117549	Vakit	7589	1939-02-27	https://katalog.ibb.gov.tr/kutuphane3/sureli/02339_07589_1939M0227_189039.pdf	
NSS117550	Vakit	7590	1939-02-28	https://katalog.ibb.gov.tr/kutuphane3/sureli/02339_07590_1939M0228_189041.pdf	
NSS117551	Vakit	7591	1939-03-01	https://katalog.ibb.gov.tr/kutuphane3/sureli/02339_07591_1939M0301_189043.pdf	
NSS117552	Vakit	7592	1939-03-02	https://katalog.ibb.gov.tr/kutuphane3/sureli/02339_07592_1939M0302_189045.pdf	
NSS117553	Vakit	7593	1939-03-03	https://katalog.ibb.gov.tr/kutuphane3/sureli/02339_07593_1939M0303_189047.pdf	
NSS117554	Vakit	7594	1939-03-04	https://katalog.ibb.gov.tr/kutuphane3/sureli/02339_07594_1939M0304_189048.pdf	
NSS117555	Vakit	7595	1939-03-05	https://katalog.ibb.gov.tr/kutuphane3/sureli/02339_07595_1939M0305_189050.pdf	
NSS117556	Vakit	7596	1939-03-06	https://katalog.ibb.gov.tr/kutuphane3/sureli/02339_07596_1939M0306_189053.pdf	
NSS117557	Vakit	7597	1939-03-07	https://katalog.ibb.gov.tr/kutuphane3/sureli/02339_07597_1939M0307_189059.pdf	
NSS117558	Vakit	7598	1939-03-08	https://katalog.ibb.gov.tr/kutuphane3/sureli/02339_07598_1939M0308_189062.pdf	
NSS117559	Vakit	7599	1939-03-09	https://katalog.ibb.gov.tr/kutuphane3/sureli/02339_07599_1939M0309_189064.pdf	
NSS117560	Vakit	7600	1939-03-10	https://katalog.ibb.gov.tr/kutuphane3/sureli/02339_07600_1939M0310_189072.pdf	
NSS117561	Vakit	7601	1939-03-11	https://katalog.ibb.gov.tr/kutuphane3/sureli/02339_07601_1939M0311_189081.pdf	
NSS117562	Vakit	7602	1939-03-12	https://katalog.ibb.gov.tr/kutuphane3/sureli/02339_07602_1939M0312_189084.pdf	
NSS134650	Yeni Sabah	183	1938-11-06	https://katalog.ibb.gov.tr/kutuphane3/sureli/03774_00183_1938M0404_197056.pdf	tahmini (katalog: 1938-04-04)
NSS134652	Yeni Sabah	184	1938-11-07	https://katalog.ibb.gov.tr/kutuphane3/sureli/03774_00184_1938M0405_197059.pdf	tahmini (katalog: 1938-04-05)
NSS134654	Yeni Sabah	185	1938-11-08	https://katalog.ibb.gov.tr/kutuphane3/sureli/03774_00185_1938M0406_197062.pdf	tahmini (katalog: 1938-04-06)
NSS134656	Yeni Sabah	186	1938-11-09	https://katalog.ibb.gov.tr/kutuphane3/sureli/03774_00186_1938M0407_197064.pdf	tahmini (katalog: 1938-04-07)
NSS134657	Yeni Sabah	187	1938-11-10	https://katalog.ibb.gov.tr/kutuphane3/sureli/03774_00187_1938M0408_197065.pdf	tahmini (katalog: 1938-04-08)
NSS134658	Yeni Sabah	188	1938-11-11	https://katalog.ibb.gov.tr/kutuphane3/sureli/03774_00188_1938M0409_197066.pdf	tahmini (katalog: 1938-04-09)
NSS134659	Yeni Sabah	189	1938-11-12	https://katalog.ibb.gov.tr/kutuphane3/sureli/03774_00189_1938M0410_197067.pdf	tahmini (katalog: 1938-04-10)
NSS134661	Yeni Sabah	190	1938-11-13	https://katalog.ibb.gov.tr/kutuphane3/sureli/03774_00190_1938M0411_197069.pdf	tahmini (katalog: 1938-04-11)
NSS134662	Yeni Sabah	191	1938-11-14	https://katalog.ibb.gov.tr/kutuphane3/sureli/03774_00191_1938M0412_197070.pdf	tahmini (katalog: 1938-04-12)
NSS134663	Yeni Sabah	192	1938-11-15	https://katalog.ibb.gov.tr/kutuphane3/sureli/03774_00192_1938M0413_197071.pdf	tahmini (katalog: 1938-04-13)
NSS134664	Yeni Sabah	193	1938-11-16	https://katalog.ibb.gov.tr/kutuphane3/sureli/03774_00193_1938M0414_197072.pdf	tahmini (katalog: 1938-04-14)
NSS134665	Yeni Sabah	194	1938-11-17	https://katalog.ibb.gov.tr/kutuphane3/sureli/03774_00194_1938M0415_197074.pdf	tahmini (katalog: 1938-04-15)
NSS134666	Yeni Sabah	195	1938-11-18	https://katalog.ibb.gov.tr/kutuphane3/sureli/03774_00195_1938M0416_197076.pdf	tahmini (katalog: 1938-04-16)
NSS134667	Yeni Sabah	196	1938-11-19	https://katalog.ibb.gov.tr/kutuphane3/sureli/03774_00196_1938M0417_197079.pdf	tahmini (katalog: 1938-04-17)
NSS134669	Yeni Sabah	197	1938-11-20	https://katalog.ibb.gov.tr/kutuphane3/sureli/03774_00197_1938M0418_197082.pdf	tahmini (katalog: 1938-04-18)
NSS134671	Yeni Sabah	198	1938-11-21	https://katalog.ibb.gov.tr/kutuphane3/sureli/03774_00198_1938M0419_197086.pdf	tahmini (katalog: 1938-04-19)
NSS134672	Yeni Sabah	199	1938-11-22	https://katalog.ibb.gov.tr/kutuphane3/sureli/03774_00199_1938M0420_197089.pdf	tahmini (katalog: 1938-04-20)
NSS134674	Yeni Sabah	200	1938-11-23	https://katalog.ibb.gov.tr/kutuphane3/sureli/03774_00200_1938M0421_197091.pdf	tahmini (katalog: 1938-04-21)
NSS134676	Yeni Sabah	201	1938-11-24	https://katalog.ibb.gov.tr/kutuphane3/sureli/03774_00201_1938M0422_197094.pdf	tahmini (katalog: 1938-04-22)
NSS134678	Yeni Sabah	202	1938-11-25	https://katalog.ibb.gov.tr/kutuphane3/sureli/03774_00202_1938M0423_197098.pdf	tahmini (katalog: 1938-04-23)
NSS134679	Yeni Sabah	203	1938-11-26	https://katalog.ibb.gov.tr/kutuphane3/sureli/03774_00203_1938M0426_197101.pdf	tahmini (katalog: 1938-04-26)
NSS134680	Yeni Sabah	204	1938-11-27	https://katalog.ibb.gov.tr/kutuphane3/sureli/03774_00204_1938M0427_197103.pdf	tahmini (katalog: 1938-04-27)
NSS134681	Yeni Sabah	205	1938-11-28	https://katalog.ibb.gov.tr/kutuphane3/sureli/03774_00205_1938M0428_197105.pdf	tahmini (katalog: 1938-04-28)
NSS134682	Yeni Sabah	206	1938-11-29	https://katalog.ibb.gov.tr/kutuphane3/sureli/03774_00206_1938M0429_197107.pdf	tahmini (katalog: 1938-04-29)
NSS134684	Yeni Sabah	207	1938-11-30	https://katalog.ibb.gov.tr/kutuphane3/sureli/03774_00207_1938M0430_197110.pdf	tahmini (katalog: 1938-04-30)
NSS134685	Yeni Sabah	208	1938-12-01	https://katalog.ibb.gov.tr/kutuphane3/sureli/03774_00208_1938M1201_197114.pdf	
NSS134687	Yeni Sabah	209	1938-12-02	https://katalog.ibb.gov.tr/kutuphane3/sureli/03774_00209_1938M1202_197116.pdf	
NSS134690	Yeni Sabah	210	1938-12-03	https://katalog.ibb.gov.tr/kutuphane3/sureli/03774_00210_1938M1203_197119.pdf	
NSS134692	Yeni Sabah	211	1938-12-04	https://katalog.ibb.gov.tr/kutuphane3/sureli/03774_00211_1938M1204_197121.pdf	
NSS134693	Yeni Sabah	212	1938-12-05	https://katalog.ibb.gov.tr/kutuphane3/sureli/03774_00212_1938M1205_197122.pdf	
NSS134695	Yeni Sabah	213	1938-12-06	https://katalog.ibb.gov.tr/kutuphane3/sureli/03774_00213_1938M1206_197124.pdf	
NSS134697	Yeni Sabah	214	1938-12-07	https://katalog.ibb.gov.tr/kutuphane3/sureli/03774_00214_1938M1207_197126.pdf	
NSS134699	Yeni Sabah	215	1938-12-08	https://katalog.ibb.gov.tr/kutuphane3/sureli/03774_00215_1938M1208_197128.pdf	
NSS134703	Yeni Sabah	216	1938-12-09	https://katalog.ibb.gov.tr/kutuphane3/sureli/03774_00216_1938M1209_197132.pdf	
NSS134707	Yeni Sabah	217	1938-12-10	https://katalog.ibb.gov.tr/kutuphane3/sureli/03774_00217_1938M1210_197136.pdf	
NSS134708	Yeni Sabah	218	1938-12-11	https://katalog.ibb.gov.tr/kutuphane3/sureli/03774_00218_1938M1211_197137.pdf	
NSS134710	Yeni Sabah	219	1938-12-12	https://katalog.ibb.gov.tr/kutuphane3/sureli/03774_00219_1938M1212_197139.pdf	
NSS134711	Yeni Sabah	220	1938-12-13	https://katalog.ibb.gov.tr/kutuphane3/sureli/03774_00220_1938M1213_197140.pdf	
NSS134712	Yeni Sabah	221	1938-12-14	https://katalog.ibb.gov.tr/kutuphane3/sureli/03774_00221_1938M1214_197141.pdf	
NSS134715	Yeni Sabah	222	1938-12-15	https://katalog.ibb.gov.tr/kutuphane3/sureli/03774_00222_1938M1215_197144.pdf	
NSS134716	Yeni Sabah	223	1938-12-16	https://katalog.ibb.gov.tr/kutuphane3/sureli/03774_00223_1938M1216_197145.pdf	
NSS134717	Yeni Sabah	224	1938-12-17	https://katalog.ibb.gov.tr/kutuphane3/sureli/03774_00224_1938M1217_197146.pdf	
NSS134718	Yeni Sabah	225	1938-12-18	https://katalog.ibb.gov.tr/kutuphane3/sureli/03774_00225_1938M1218_197147.pdf	
NSS134721	Yeni Sabah	226	1938-12-19	https://katalog.ibb.gov.tr/kutuphane3/sureli/03774_00226_1938M1219_197150.pdf	
NSS134742	Yeni Sabah	227	1938-12-20	https://katalog.ibb.gov.tr/kutuphane3/sureli/03774_00227_1938M1220_197171.pdf	
NSS134744	Yeni Sabah	228	1938-12-21	https://katalog.ibb.gov.tr/kutuphane3/sureli/03774_00228_1938M1221_197173.pdf	
NSS134746	Yeni Sabah	229	1938-12-22	https://katalog.ibb.gov.tr/kutuphane3/sureli/03774_00229_1938M1222_197175.pdf	
NSS134748	Yeni Sabah	230	1938-12-23	https://katalog.ibb.gov.tr/kutuphane3/sureli/03774_00230_1938M1223_197177.pdf	
NSS134749	Yeni Sabah	231	1938-12-24	https://katalog.ibb.gov.tr/kutuphane3/sureli/03774_00231_1938M1224_197178.pdf	
NSS134750	Yeni Sabah	232	1938-12-25	https://katalog.ibb.gov.tr/kutuphane3/sureli/03774_00232_1938M1225_197179.pdf	
NSS134752	Yeni Sabah	233	1938-12-26	https://katalog.ibb.gov.tr/kutuphane3/sureli/03774_00233_1938M1226_197181.pdf	
NSS134753	Yeni Sabah	234	1938-12-27	https://katalog.ibb.gov.tr/kutuphane3/sureli/03774_00234_1938M1227_197182.pdf	
NSS134754	Yeni Sabah	235	1938-12-28	https://katalog.ibb.gov.tr/kutuphane3/sureli/03774_00235_1938M1228_197183.pdf	
NSS134760	Yeni Sabah	236	1938-12-29	https://katalog.ibb.gov.tr/kutuphane3/sureli/03774_00236_1938M1229_197189.pdf	
NSS134764	Yeni Sabah	237	1938-12-30	https://katalog.ibb.gov.tr/kutuphane3/sureli/03774_00237_1938M1230_197193.pdf	
NSS134794	Yeni Sabah	238	1938-12-31	https://katalog.ibb.gov.tr/kutuphane3/sureli/03774_00238_1938M1231_197224.pdf	
NSS134704	Yeni Sabah	239	1939-01-01	https://katalog.ibb.gov.tr/kutuphane3/sureli/03774_00239_1939M0101_197133.pdf	
NSS134709	Yeni Sabah	240	1939-01-02	https://katalog.ibb.gov.tr/kutuphane3/sureli/03774_00240_1939M0102_197138.pdf	
NSS134713	Yeni Sabah	241	1939-01-03	https://katalog.ibb.gov.tr/kutuphane3/sureli/03774_00241_1939M0103_197142.pdf	
NSS134720	Yeni Sabah	242	1939-01-04	https://katalog.ibb.gov.tr/kutuphane3/sureli/03774_00242_1939M0104_197149.pdf	
NSS134722	Yeni Sabah	243	1939-01-05	https://katalog.ibb.gov.tr/kutuphane3/sureli/03774_00243_1939M0105_197151.pdf	
NSS134723	Yeni Sabah	244	1939-01-06	https://katalog.ibb.gov.tr/kutuphane3/sureli/03774_00244_1939M0106_197152.pdf	
NSS134724	Yeni Sabah	245	1939-01-07	https://katalog.ibb.gov.tr/kutuphane3/sureli/03774_00245_1939M0107_197153.pdf	
NSS134725	Yeni Sabah	246	1939-01-08	https://katalog.ibb.gov.tr/kutuphane3/sureli/03774_00246_1939M0108_197154.pdf	
NSS134726	Yeni Sabah	247	1939-01-09	https://katalog.ibb.gov.tr/kutuphane3/sureli/03774_00247_1939M0109_197155.pdf	
NSS134727	Yeni Sabah	248	1939-01-10	https://katalog.ibb.gov.tr/kutuphane3/sureli/03774_00248_1939M0110_197156.pdf	
NSS134728	Yeni Sabah	249	1939-01-11	https://katalog.ibb.gov.tr/kutuphane3/sureli/03774_00249_1939M0111_197157.pdf	
NSS134729	Yeni Sabah	250	1939-01-12	https://katalog.ibb.gov.tr/kutuphane3/sureli/03774_00250_1939M0112_197158.pdf	
NSS134730	Yeni Sabah	251	1939-01-13	https://katalog.ibb.gov.tr/kutuphane3/sureli/03774_00251_1939M0113_197159.pdf	
NSS134731	Yeni Sabah	252	1939-01-14	https://katalog.ibb.gov.tr/kutuphane3/sureli/03774_00252_1939M0114_197160.pdf	
NSS134732	Yeni Sabah	253	1939-01-15	https://katalog.ibb.gov.tr/kutuphane3/sureli/03774_00253_1939M0115_197161.pdf	
NSS134733	Yeni Sabah	254	1939-01-16	https://katalog.ibb.gov.tr/kutuphane3/sureli/03774_00254_1939M0116_197162.pdf	
NSS134734	Yeni Sabah	255	1939-01-17	https://katalog.ibb.gov.tr/kutuphane3/sureli/03774_00255_1939M0117_197163.pdf	
NSS134735	Yeni Sabah	256	1939-01-18	https://katalog.ibb.gov.tr/kutuphane3/sureli/03774_00256_1939M0118_197164.pdf	
NSS134736	Yeni Sabah	257	1939-01-19	https://katalog.ibb.gov.tr/kutuphane3/sureli/03774_00257_1939M0119_197165.pdf	
NSS134737	Yeni Sabah	258	1939-01-20	https://katalog.ibb.gov.tr/kutuphane3/sureli/03774_00258_1939M0120_197166.pdf	
NSS134738	Yeni Sabah	259	1939-01-21	https://katalog.ibb.gov.tr/kutuphane3/sureli/03774_00259_1939M0121_197167.pdf	
NSS134739	Yeni Sabah	260	1939-01-22	https://katalog.ibb.gov.tr/kutuphane3/sureli/03774_00260_1939M0122_197168.pdf	
NSS134740	Yeni Sabah	261	1939-01-23	https://katalog.ibb.gov.tr/kutuphane3/sureli/03774_00261_1939M0123_197169.pdf	
NSS134741	Yeni Sabah	262	1939-01-24	https://katalog.ibb.gov.tr/kutuphane3/sureli/03774_00262_1939M0124_197170.pdf	
NSS134743	Yeni Sabah	263	1939-01-25	https://katalog.ibb.gov.tr/kutuphane3/sureli/03774_00263_1939M0125_197172.pdf	
NSS134745	Yeni Sabah	264	1939-01-26	https://katalog.ibb.gov.tr/kutuphane3/sureli/03774_00264_1939M0126_197174.pdf	
NSS134747	Yeni Sabah	265	1939-01-27	https://katalog.ibb.gov.tr/kutuphane3/sureli/03774_00265_1939M0127_197176.pdf	
NSS134757	Yeni Sabah	266	1939-01-28	https://katalog.ibb.gov.tr/kutuphane3/sureli/03774_00266_1939M0128_197186.pdf	
NSS134758	Yeni Sabah	267	1939-01-29	https://katalog.ibb.gov.tr/kutuphane3/sureli/03774_00267_1939M0129_197187.pdf	
NSS134759	Yeni Sabah	268	1939-01-30	https://katalog.ibb.gov.tr/kutuphane3/sureli/03774_00268_1939M0130_197188.pdf	
NSS134761	Yeni Sabah	269	1939-01-31	https://katalog.ibb.gov.tr/kutuphane3/sureli/03774_00269_1939M0131_197190.pdf	
NSS134763	Yeni Sabah	270	1939-02-04	https://katalog.ibb.gov.tr/kutuphane3/sureli/03774_00270_1939M0204_197192.pdf	
NSS134765	Yeni Sabah	271	1939-02-05	https://katalog.ibb.gov.tr/kutuphane3/sureli/03774_00271_1939M0205_197194.pdf	
NSS134768	Yeni Sabah	272	1939-02-06	https://katalog.ibb.gov.tr/kutuphane3/sureli/03774_00272_1939M0206_197197.pdf	
NSS134770	Yeni Sabah	273	1939-02-07	https://katalog.ibb.gov.tr/kutuphane3/sureli/03774_00273_1939M0207_197199.pdf	
NSS134771	Yeni Sabah	274	1939-02-08	https://katalog.ibb.gov.tr/kutuphane3/sureli/03774_00274_1939M0208_197201.pdf	
NSS134772	Yeni Sabah	275	1939-02-09	https://katalog.ibb.gov.tr/kutuphane3/sureli/03774_00275_1939M0209_197202.pdf	
NSS134778	Yeni Sabah	276	1939-02-10	https://katalog.ibb.gov.tr/kutuphane3/sureli/03774_00276_1939M0210_197208.pdf	
NSS134782	Yeni Sabah	277	1939-02-11	https://katalog.ibb.gov.tr/kutuphane3/sureli/03774_00277_1939M0211_197212.pdf	
NSS134783	Yeni Sabah	278	1939-02-12	https://katalog.ibb.gov.tr/kutuphane3/sureli/03774_00278_1939M0212_197213.pdf	
NSS134785	Yeni Sabah	279	1939-02-13	https://katalog.ibb.gov.tr/kutuphane3/sureli/03774_00279_1939M0213_197215.pdf	
NSS134786	Yeni Sabah	280	1939-02-14	https://katalog.ibb.gov.tr/kutuphane3/sureli/03774_00280_1939M0214_197216.pdf	
NSS134788	Yeni Sabah	281	1939-02-15	https://katalog.ibb.gov.tr/kutuphane3/sureli/03774_00281_1939M0215_197218.pdf	
NSS134790	Yeni Sabah	282	1939-02-16	https://katalog.ibb.gov.tr/kutuphane3/sureli/03774_00282_1939M0216_197220.pdf	
NSS134792	Yeni Sabah	283	1939-02-17	https://katalog.ibb.gov.tr/kutuphane3/sureli/03774_00283_1939M0217_197222.pdf	
NSS134795	Yeni Sabah	284	1939-02-18	https://katalog.ibb.gov.tr/kutuphane3/sureli/03774_00284_1939M0218_197225.pdf	
NSS134797	Yeni Sabah	285	1939-02-19	https://katalog.ibb.gov.tr/kutuphane3/sureli/03774_00285_1939M0219_197227.pdf	
NSS134798	Yeni Sabah	286	1939-02-20	https://katalog.ibb.gov.tr/kutuphane3/sureli/03774_00286_1939M0220_197228.pdf	
NSS134800	Yeni Sabah	287	1939-02-21	https://katalog.ibb.gov.tr/kutuphane3/sureli/03774_00287_1939M0221_197230.pdf	
NSS134801	Yeni Sabah	288	1939-02-22	https://katalog.ibb.gov.tr/kutuphane3/sureli/03774_00288_1939M0222_197231.pdf	
NSS134802	Yeni Sabah	289	1939-02-23	https://katalog.ibb.gov.tr/kutuphane3/sureli/03774_00289_1939M0223_197232.pdf	
NSS134803	Yeni Sabah	290	1939-02-24	https://katalog.ibb.gov.tr/kutuphane3/sureli/03774_00290_1939M0224_197233.pdf	
NSS134804	Yeni Sabah	291	1939-02-25	https://katalog.ibb.gov.tr/kutuphane3/sureli/03774_00291_1939M0225_197234.pdf	
NSS134805	Yeni Sabah	292	1939-02-26	https://katalog.ibb.gov.tr/kutuphane3/sureli/03774_00292_1939M0226_197235.pdf	
NSS134806	Yeni Sabah	293	1939-02-27	https://katalog.ibb.gov.tr/kutuphane3/sureli/03774_00293_1939M0227_197236.pdf	
NSS134807	Yeni Sabah	294	1939-02-28	https://katalog.ibb.gov.tr/kutuphane3/sureli/03774_00294_1939M0228_197237.pdf	
NSS134808	Yeni Sabah	295	1939-03-01	https://katalog.ibb.gov.tr/kutuphane3/sureli/03774_00295_1939M0301_197238.pdf	
NSS134813	Yeni Sabah	296	1939-03-02	https://katalog.ibb.gov.tr/kutuphane3/sureli/03774_00296_1939M0302_197243.pdf	
NSS134814	Yeni Sabah	297	1939-03-03	https://katalog.ibb.gov.tr/kutuphane3/sureli/03774_00297_1939M0303_197244.pdf	
NSS134815	Yeni Sabah	298	1939-03-04	https://katalog.ibb.gov.tr/kutuphane3/sureli/03774_00298_1939M0304_197245.pdf	
NSS134819	Yeni Sabah	299	1939-03-05	https://katalog.ibb.gov.tr/kutuphane3/sureli/03774_00299_1939M0305_197249.pdf	
NSS134822	Yeni Sabah	300	1939-03-06	https://katalog.ibb.gov.tr/kutuphane3/sureli/03774_00300_1939M0306_197252.pdf	
NSS134826	Yeni Sabah	301	1939-03-07	https://katalog.ibb.gov.tr/kutuphane3/sureli/03774_00301_1939M0307_197256.pdf	
NSS134828	Yeni Sabah	302	1939-03-08	https://katalog.ibb.gov.tr/kutuphane3/sureli/03774_00302_1939M0308_197258.pdf	
NSS134830	Yeni Sabah	303	1939-03-09	https://katalog.ibb.gov.tr/kutuphane3/sureli/03774_00303_1939M0309_197260.pdf	
NSS134833	Yeni Sabah	304	1939-03-10	https://katalog.ibb.gov.tr/kutuphane3/sureli/03774_00304_1939M0310_197263.pdf	
NSS134835	Yeni Sabah	305	1939-03-11	https://katalog.ibb.gov.tr/kutuphane3/sureli/03774_00305_1939M0311_197265.pdf	
NSS134837	Yeni Sabah	306	1939-03-12	https://katalog.ibb.gov.tr/kutuphane3/sureli/03774_00306_1939M0312_197267.pdf	
