sorgu_no,blok,oncelik,strand,sorgu,varyantlar,baslangic,bitis,dilim,gazete,yontem,aciklama,isabet_sayisi,acilan,ilgili,durum
G0001,A-FVADC,1,S0-S4,Kalkınma Kongresi,,1938-06-01,1939-03-31,D3,tümü,anahtar kelime,"Kongre hazırlık, toplantı, komisyon raporları ve yankıları",,,,[ ]
G0002,A-FVADC,1,S0-S4,Ziraat Kongresi,,1938-06-01,1939-03-31,D3,tümü,anahtar kelime,"Kongre hazırlık, toplantı, komisyon raporları ve yankıları",,,,[ ]
G0003,A-FVADC,1,S0-S4,Köy ve Ziraat,,1938-06-01,1939-03-31,D3,tümü,anahtar kelime,"Kongre hazırlık, toplantı, komisyon raporları ve yankıları",,,,[ ]
G0004,A-FVADC,1,S0-S4,kongre hayvancılık,,1938-06-01,1939-03-31,D3,tümü,anahtar kelime,"Kongre hazırlık, toplantı, komisyon raporları ve yankıları",,,,[ ]
G0005,A-FVADC,1,S0-S4,kongre sığır,,1938-06-01,1939-03-31,D3,tümü,anahtar kelime,"Kongre hazırlık, toplantı, komisyon raporları ve yankıları",,,,[ ]
G0006,A-FVADC,1,S0-S4,kongre baytar,,1938-06-01,1939-03-31,D3,tümü,anahtar kelime,"Kongre hazırlık, toplantı, komisyon raporları ve yankıları",,,,[ ]
G0007,A-FVADC,1,S0-S4,kongre mera,,1938-06-01,1939-03-31,D3,tümü,anahtar kelime,"Kongre hazırlık, toplantı, komisyon raporları ve yankıları",,,,[ ]
G0008,A-FVADC,1,S0-S4,kongre ahır,,1938-06-01,1939-03-31,D3,tümü,anahtar kelime,"Kongre hazırlık, toplantı, komisyon raporları ve yankıları",,,,[ ]
G0009,A-FVADC,1,S0-S4,(göz taraması),,1938-11-15,1938-12-15,D3,Ulus,sayfa sayfa göz taraması,Kongre haftası ve sonrası; anahtar kelimeden bağımsız,,,,[ ]
G0010,A-FVADC,1,S0-S4,(göz taraması),,1938-12-16,1939-01-15,D3,Ulus,sayfa sayfa göz taraması,Kongre haftası ve sonrası; anahtar kelimeden bağımsız,,,,[ ]
G0011,A-FVADC,1,S0-S4,(göz taraması),,1939-01-16,1939-02-28,D3,Ulus,sayfa sayfa göz taraması,Kongre haftası ve sonrası; anahtar kelimeden bağımsız,,,,[ ]
G0012,A-FVADC,1,S0-S4,(göz taraması),,1938-11-15,1938-12-15,D3,Cumhuriyet,sayfa sayfa göz taraması,Kongre haftası ve sonrası; anahtar kelimeden bağımsız,,,,[ ]
G0013,A-FVADC,1,S0-S4,(göz taraması),,1938-12-16,1939-01-15,D3,Cumhuriyet,sayfa sayfa göz taraması,Kongre haftası ve sonrası; anahtar kelimeden bağımsız,,,,[ ]
G0014,A-FVADC,1,S0-S4,(göz taraması),,1939-01-16,1939-02-28,D3,Cumhuriyet,sayfa sayfa göz taraması,Kongre haftası ve sonrası; anahtar kelimeden bağımsız,,,,[ ]
G0015,A-FVADC,1,S0-S4,(göz taraması),,1938-11-15,1938-12-15,D3,Tan,sayfa sayfa göz taraması,Kongre haftası ve sonrası; anahtar kelimeden bağımsız,,,,[ ]
G0016,A-FVADC,1,S0-S4,(göz taraması),,1938-12-16,1939-01-15,D3,Tan,sayfa sayfa göz taraması,Kongre haftası ve sonrası; anahtar kelimeden bağımsız,,,,[ ]
G0017,A-FVADC,1,S0-S4,(göz taraması),,1939-01-16,1939-02-28,D3,Tan,sayfa sayfa göz taraması,Kongre haftası ve sonrası; anahtar kelimeden bağımsız,,,,[ ]
G0018,A-FVADC,1,S0-S4,(göz taraması),,1938-11-15,1938-12-15,D3,Akşam,sayfa sayfa göz taraması,Kongre haftası ve sonrası; anahtar kelimeden bağımsız,,,,[ ]
G0019,A-FVADC,1,S0-S4,(göz taraması),,1938-12-16,1939-01-15,D3,Akşam,sayfa sayfa göz taraması,Kongre haftası ve sonrası; anahtar kelimeden bağımsız,,,,[ ]
G0020,A-FVADC,1,S0-S4,(göz taraması),,1939-01-16,1939-02-28,D3,Akşam,sayfa sayfa göz taraması,Kongre haftası ve sonrası; anahtar kelimeden bağımsız,,,,[ ]
G0021,A-FVADC,1,S0-S4,(göz taraması),,1938-11-15,1938-12-15,D3,Kurun/Vakit,sayfa sayfa göz taraması,Kongre haftası ve sonrası; anahtar kelimeden bağımsız,,,,[ ]
G0022,A-FVADC,1,S0-S4,(göz taraması),,1938-12-16,1939-01-15,D3,Kurun/Vakit,sayfa sayfa göz taraması,Kongre haftası ve sonrası; anahtar kelimeden bağımsız,,,,[ ]
G0023,A-FVADC,1,S0-S4,(göz taraması),,1939-01-16,1939-02-28,D3,Kurun/Vakit,sayfa sayfa göz taraması,Kongre haftası ve sonrası; anahtar kelimeden bağımsız,,,,[ ]
G0024,A-FVADC,1,S0-S4,(göz taraması),,1938-11-15,1938-12-15,D3,Son Posta,sayfa sayfa göz taraması,Kongre haftası ve sonrası; anahtar kelimeden bağımsız,,,,[ ]
G0025,A-FVADC,1,S0-S4,(göz taraması),,1938-12-16,1939-01-15,D3,Son Posta,sayfa sayfa göz taraması,Kongre haftası ve sonrası; anahtar kelimeden bağımsız,,,,[ ]
G0026,A-FVADC,1,S0-S4,(göz taraması),,1939-01-16,1939-02-28,D3,Son Posta,sayfa sayfa göz taraması,Kongre haftası ve sonrası; anahtar kelimeden bağımsız,,,,[ ]
G0027,A-FVADC,1,S0-S4,(göz taraması),,1938-11-15,1938-12-15,D3,Yeni Sabah,sayfa sayfa göz taraması,Kongre haftası ve sonrası; anahtar kelimeden bağımsız,,,,[ ]
G0028,A-FVADC,1,S0-S4,(göz taraması),,1938-12-16,1939-01-15,D3,Yeni Sabah,sayfa sayfa göz taraması,Kongre haftası ve sonrası; anahtar kelimeden bağımsız,,,,[ ]
G0029,A-FVADC,1,S0-S4,(göz taraması),,1939-01-16,1939-02-28,D3,Yeni Sabah,sayfa sayfa göz taraması,Kongre haftası ve sonrası; anahtar kelimeden bağımsız,,,,[ ]
G0030,B-olay,2,S4,Köy Kanunu; ahır; gübre; köylünün mecburi işleri,,1924-02-07,1924-03-20,D1,tümü,göz taraması (Arap harfli),"Köy Kanunu görüşmeleri (ahır–oda duvarı, gübre, tezek)",,,,[ ]
G0031,B-olay,2,S4,Köy Kanunu; muhtar; ihtiyar heyeti,,1924-03-04,1924-04-15,D1,tümü,göz taraması (Arap harfli),Köy Kanunu kabulü ve ilanı (442),,,,[ ]
G0032,B-olay,2,S1;S3,Ziraat bütçesi; Pendik; baytar,,1924-03-18,1924-04-29,D1,tümü,göz taraması (Arap harfli),"Ziraat Vekâleti 1340 bütçesi (Pendik, Çifteler, baytar teşkilatı)",,,,[ ]
G0033,B-olay,2,S3,hudut; mera; Gürcistan; Kars,,1925-03-29,1925-05-10,D1,tümü,göz taraması (Arap harfli),SSCB ile hudut meraları ve geçiş anlaşması,,,,[ ]
G0034,B-olay,2,S3,sığır vebası; salgın; şarbon,,1925-11-07,1925-12-19,D1,tümü,göz taraması (Arap harfli),Sığır vebası ve salgınlar sualı,,,,[ ]
G0035,B-olay,2,S4,mandıra; ağıl,,1926-01-25,1926-03-08,D1,tümü,göz taraması (Arap harfli),Mandıra ve Ağıl Kanunu lâyihası,,,,[ ]
G0036,B-olay,2,S3,sığır vebası; deri; ihracat yasağı,,1926-03-22,1926-05-03,D1,tümü,göz taraması (Arap harfli),Sığır vebası zamanında sığır ve deri ithal/ihraç yasağı,,,,[ ]
G0037,B-olay,2,S1,ıslah-ı hayvanat; boğa; aygır; iğdiş; damızlık,,1926-05-18,1926-06-29,D1,tümü,göz taraması (Arap harfli),Islah-ı Hayvanat Kanunu (904) görüşmeleri,,,,[ ]
G0038,B-olay,2,S3,pastırma; Kayseri; Develi; inek; karantina,,1927-11-26,1928-01-07,D1,tümü,göz taraması (Arap harfli),Kayseri pastırmalık ineklerin yolda tutulması,,,,[ ]
G0039,B-olay,2,S3,hayvanların sağlık zabıtası; baytar; karantina; şap,,1928-04-12,1928-05-24,D1,tümü,göz taraması (Arap harfli),1234 sayılı Zabıta-i Sıhhiye-i Hayvaniye Kanunu,,,,[ ]
G0040,B-olay,1,S3,baytarî mukavele; Rusya; Sovyet; hudut,,1929-02-02,1929-03-16,D2,tümü,anahtar kelime + manşet göz taraması,SSCB baytarî mukavelenamesi tasdiki,,,,[ ]
G0041,B-olay,1,S4,mandıra; ağıl; ağıllar kanunu,,1929-02-18,1929-04-01,D2,tümü,anahtar kelime + manşet göz taraması,Mandıra ve Ağıllar Kanunu görüşmesi,,,,[ ]
G0042,B-olay,1,S3,hıfzıssıhha; mezbaha; süt; şarbon,,1930-04-03,1930-05-15,D2,tümü,anahtar kelime + manşet göz taraması,"Umumi Hıfzıssıhha Kanunu (zoonozlar, mezbaha, süt)",,,,[ ]
G0043,B-olay,1,S1,ıslah-ı hayvanat; boğa,,1931-02-16,1931-03-30,D2,tümü,anahtar kelime + manşet göz taraması,Islah-ı Hayvanat Kanunu 4. madde tadili,,,,[ ]
G0044,B-olay,1,S0,hayvanlar vergisi; ağnam; davar,,1931-06-15,1931-07-27,D2,tümü,anahtar kelime + manşet göz taraması,Davar ve Ehlî Hayvanlar Vergisi,,,,[ ]
G0045,B-olay,1,S3,sığır vebası aşısı; Süreyya; veba,,1932-06-02,1932-07-14,D2,tümü,anahtar kelime + manşet göz taraması,Baytar Süreyya'nın sığır vebası aşısı sualı,,,,[ ]
G0046,B-olay,1,S1,Yüksek Ziraat Enstitüsü; baytar fakültesi,,1933-05-27,1933-07-08,D2,tümü,anahtar kelime + manşet göz taraması,Yüksek Ziraat Enstitüsü kanunu,,,,[ ]
G0047,B-olay,1,S3,Bulgaristan; baytarî mukavele; Milletler Cemiyeti,,1934-04-28,1934-06-09,D3,tümü,anahtar kelime + manşet göz taraması,Bulgaristan baytarî mukavelenamesi,,,,[ ]
G0048,B-olay,1,S3,iskân; aşiret; göçebe; yaylak,,1934-05-24,1934-07-05,D3,tümü,anahtar kelime + manşet göz taraması,"İskân Kanunu (aşiret, göçebe, yaylak)",,,,[ ]
G0049,B-olay,1,S1,hayvanlar vergisi; celep; damızlık,,1935-12-30,1936-02-10,D3,tümü,anahtar kelime + manşet göz taraması,"Hayvanlar Vergisi Kanunu (damızlık, iğdiş, celep)",,,,[ ]
G0050,B-olay,1,S4,muhacir; ahır; samanlık; Yozgat,,1936-10-30,1936-12-11,D3,tümü,anahtar kelime + manşet göz taraması,Emin Draman: muhacir ailelerin ahır ve samanlıkları,,,,[ ]
G0051,B-olay,1,S2,orman kanunu; otlatma; keçi; mera,,1937-01-15,1937-02-26,D3,tümü,anahtar kelime + manşet göz taraması,"Orman Kanunu (mera, otlatma)",,,,[ ]
G0052,B-olay,1,S1;S3,Ziraat Vekâleti teşkilatı; veteriner işleri; hara,,1937-04-28,1937-06-09,D3,tümü,anahtar kelime + manşet göz taraması,"Ziraat Vekâleti teşkilat kanunu (Veteriner İşleri, Zootekni, haralar)",,,,[ ]
G0053,B-olay,1,S3,İran; baytarî mukavele; sığır vebası,,1937-05-24,1937-07-05,D3,tümü,anahtar kelime + manşet göz taraması,İran baytarî mukavelesi,,,,[ ]
G0054,B-olay,1,S1,Orman Çiftliği; Atatürk çiftlikleri; hediye,,1937-05-29,1937-07-10,D3,tümü,anahtar kelime + manşet göz taraması,Atatürk'ün çiftliklerini Hazine'ye bağışlaması,,,,[ ]
G0055,B-olay,1,S1;S3,hayvanlar vergisi; kaçakçılık; boğa,,1938-03-09,1938-04-20,D3,tümü,anahtar kelime + manşet göz taraması,"Hayvanlar Vergisi değişikliği (kaçakçılık, damızlık boğa)",,,,[ ]
G0056,B-olay,1,S1;S2,ziraat bütçesi; hara; yonca; mera,,1938-05-09,1938-06-20,D3,tümü,anahtar kelime + manşet göz taraması,"Ziraat Vekâleti 1938 bütçesi (haralar, mera ıslahı, yoncalık)",,,,[ ]
G0057,B-olay,1,S1,ordu hayvanları; köylüye satış,,1938-11-23,1939-01-04,D3,tümü,anahtar kelime + manşet göz taraması,Ordudan çıkarılan hayvanların köylüye satışı,,,,[ ]
G0058,B-olay,1,S3,Yunanistan; veteriner mukavele,,1939-05-01,1939-06-12,D4,tümü,anahtar kelime + manşet göz taraması,Yunanistan veteriner mukavelenamesi,,,,[ ]
G0059,B-olay,1,S0,ziraat bütçesi; kalkınma kongresi; hara,,1939-05-15,1939-06-26,D4,tümü,anahtar kelime + manşet göz taraması,Ziraat Vekâleti 1939 bütçesi (Ziraat Kongresi'ne atıflar),,,,[ ]
G0060,B-olay,1,S3,Suriye; baytarî; hudut; sığır vebası,,1940-05-27,1940-07-08,D4,tümü,anahtar kelime + manşet göz taraması,"Suriye mukavelenamesi, baytarî rejim protokolü",,,,[ ]
G0061,B-olay,1,S3,Irak; veteriner mukavele,,1941-03-31,1941-05-12,D4,tümü,anahtar kelime + manşet göz taraması,Irak veteriner mukavelenamesi,,,,[ ]
G0062,B-olay,1,S2,çiftçi mallarının korunması; mera; bekçi,,1941-04-25,1941-06-06,D4,tümü,anahtar kelime + manşet göz taraması,Çiftçi Mallarının Korunması Kanunu,,,,[ ]
G0063,B-olay,1,S1;S2,kesim yasağı; Millî Korunma; öküz; inek; et,,1942-01-01,1942-02-12,D4,tümü,anahtar kelime + manşet göz taraması,Millî Korunma: çift öküzü ve inek kesim yasağı (tarih doğrulanacak),,,,[ ]
G0064,B-olay,1,S2,toprak kanunu; mera; çift hayvanı,,1945-05-04,1945-06-15,D4,tümü,anahtar kelime + manşet göz taraması,"Çiftçiyi Topraklandırma Kanunu (mera, çift hayvanı)",,,,[ ]
G0065,B-olay,1,S3,at vebası; tazminat,,1945-05-25,1945-07-06,D4,tümü,anahtar kelime + manşet göz taraması,"At vebası, hayvan öldürme ve tazminat",,,,[ ]
G0066,B-olay,1,S2,hayvan kırımı; hayvan zayiatı; yem,,1945-12-13,1946-01-24,D4,tümü,anahtar kelime + manşet göz taraması,Tarım Bakanlığı 1946 bütçesi (hayvan kırımı),,,,[ ]
G0067,B-olay,1,S3,sığır vebası; Mısır,,1946-05-30,1946-07-11,D5,tümü,anahtar kelime + manşet göz taraması,Mısır'daki sığır vebası nedeniyle ödenek,,,,[ ]
G0068,B-olay,1,S0,et fiyatları; hayvan ihracı; hayvan sayımı,,1948-04-28,1948-06-09,D5,tümü,anahtar kelime + manşet göz taraması,"Et fiyatları, canlı hayvan ihracı, hayvan sayımı",,,,[ ]
G0069,B-olay,1,S3,hayvan hırsızlığı; hudut; kaçakçılık; manda,,1948-11-05,1948-12-17,D5,tümü,anahtar kelime + manşet göz taraması,"Suriye sınırında sığır ve manda hırsızlığı, kaçakçılık",,,,[ ]
G0070,B-olay,1,S2,mera; mera kavgası,,1948-12-31,1949-02-11,D5,tümü,anahtar kelime + manşet göz taraması,Mera meselesi ve mera kavgaları,,,,[ ]
G0071,B-olay,1,S2,hayvan zayiatı; kış; yem; Şark,,1949-04-11,1949-05-23,D5,tümü,anahtar kelime + manşet göz taraması,"Erken kış, hayvan zayiatı, Şark'ta hayvan vaziyeti",,,,[ ]
G0072,B-olay,1,S2,kuraklık; yem; küspe,,1949-11-09,1949-12-21,D5,tümü,anahtar kelime + manşet göz taraması,Kuraklık bölgelerine yem dağıtımı,,,,[ ]
G0073,B-olay,1,S3,sığır vebası; İran; hudut,,1950-02-24,1950-04-07,D5,tümü,anahtar kelime + manşet göz taraması,"İran'da sığır vebası, sirayet tedbirleri",,,,[ ]
G0074,B-olay,1,S2,yayla; mera; köy tüzelkişiliği,,1950-03-02,1950-04-13,D5,tümü,anahtar kelime + manşet göz taraması,Yayla ve meraların köylere tahsisi kanunu,,,,[ ]
G0075,B-olay,1,S3,hayvan hırsızlığı,,1950-03-08,1950-04-19,D5,tümü,anahtar kelime + manşet göz taraması,Hayvan hırsızlığı cezalarının artırılması,,,,[ ]
G0076,C-cekirdek,2,S0,sığır,sigir; sıgır; siğir,1929-01-01,1929-12-31,D2,tümü,anahtar kelime,İsabet sayısı çok yüksekse gazete gazete ve çeyrek yıllara bölünür,,,,[ ]
G0077,C-cekirdek,2,S0,sığır,sigir; sıgır; siğir,1930-01-01,1930-12-31,D2,tümü,anahtar kelime,İsabet sayısı çok yüksekse gazete gazete ve çeyrek yıllara bölünür,,,,[ ]
G0078,C-cekirdek,2,S0,sığır,sigir; sıgır; siğir,1931-01-01,1931-12-31,D2,tümü,anahtar kelime,İsabet sayısı çok yüksekse gazete gazete ve çeyrek yıllara bölünür,,,,[ ]
G0079,C-cekirdek,2,S0,sığır,sigir; sıgır; siğir,1932-01-01,1932-12-31,D2,tümü,anahtar kelime,İsabet sayısı çok yüksekse gazete gazete ve çeyrek yıllara bölünür,,,,[ ]
G0080,C-cekirdek,2,S0,sığır,sigir; sıgır; siğir,1933-01-01,1933-12-31,D2,tümü,anahtar kelime,İsabet sayısı çok yüksekse gazete gazete ve çeyrek yıllara bölünür,,,,[ ]
G0081,C-cekirdek,2,S0,sığır,sigir; sıgır; siğir,1934-01-01,1934-12-31,D3,tümü,anahtar kelime,İsabet sayısı çok yüksekse gazete gazete ve çeyrek yıllara bölünür,,,,[ ]
G0082,C-cekirdek,2,S0,sığır,sigir; sıgır; siğir,1935-01-01,1935-12-31,D3,tümü,anahtar kelime,İsabet sayısı çok yüksekse gazete gazete ve çeyrek yıllara bölünür,,,,[ ]
G0083,C-cekirdek,2,S0,sığır,sigir; sıgır; siğir,1936-01-01,1936-12-31,D3,tümü,anahtar kelime,İsabet sayısı çok yüksekse gazete gazete ve çeyrek yıllara bölünür,,,,[ ]
G0084,C-cekirdek,2,S0,sığır,sigir; sıgır; siğir,1937-01-01,1937-12-31,D3,tümü,anahtar kelime,İsabet sayısı çok yüksekse gazete gazete ve çeyrek yıllara bölünür,,,,[ ]
G0085,C-cekirdek,2,S0,sığır,sigir; sıgır; siğir,1938-01-01,1938-12-31,D3,tümü,anahtar kelime,İsabet sayısı çok yüksekse gazete gazete ve çeyrek yıllara bölünür,,,,[ ]
G0086,C-cekirdek,2,S0,sığır,sigir; sıgır; siğir,1939-01-01,1939-12-31,D4,tümü,anahtar kelime,İsabet sayısı çok yüksekse gazete gazete ve çeyrek yıllara bölünür,,,,[ ]
G0087,C-cekirdek,2,S0,sığır,sigir; sıgır; siğir,1940-01-01,1940-12-31,D4,tümü,anahtar kelime,İsabet sayısı çok yüksekse gazete gazete ve çeyrek yıllara bölünür,,,,[ ]
G0088,C-cekirdek,2,S0,sığır,sigir; sıgır; siğir,1941-01-01,1941-12-31,D4,tümü,anahtar kelime,İsabet sayısı çok yüksekse gazete gazete ve çeyrek yıllara bölünür,,,,[ ]
G0089,C-cekirdek,2,S0,sığır,sigir; sıgır; siğir,1942-01-01,1942-12-31,D4,tümü,anahtar kelime,İsabet sayısı çok yüksekse gazete gazete ve çeyrek yıllara bölünür,,,,[ ]
G0090,C-cekirdek,2,S0,sığır,sigir; sıgır; siğir,1943-01-01,1943-12-31,D4,tümü,anahtar kelime,İsabet sayısı çok yüksekse gazete gazete ve çeyrek yıllara bölünür,,,,[ ]
G0091,C-cekirdek,2,S0,sığır,sigir; sıgır; siğir,1944-01-01,1944-12-31,D4,tümü,anahtar kelime,İsabet sayısı çok yüksekse gazete gazete ve çeyrek yıllara bölünür,,,,[ ]
G0092,C-cekirdek,2,S0,sığır,sigir; sıgır; siğir,1945-01-01,1945-12-31,D4,tümü,anahtar kelime,İsabet sayısı çok yüksekse gazete gazete ve çeyrek yıllara bölünür,,,,[ ]
G0093,C-cekirdek,2,S0,sığır,sigir; sıgır; siğir,1946-01-01,1946-12-31,D5,tümü,anahtar kelime,İsabet sayısı çok yüksekse gazete gazete ve çeyrek yıllara bölünür,,,,[ ]
G0094,C-cekirdek,2,S0,sığır,sigir; sıgır; siğir,1947-01-01,1947-12-31,D5,tümü,anahtar kelime,İsabet sayısı çok yüksekse gazete gazete ve çeyrek yıllara bölünür,,,,[ ]
G0095,C-cekirdek,2,S0,sığır,sigir; sıgır; siğir,1948-01-01,1948-12-31,D5,tümü,anahtar kelime,İsabet sayısı çok yüksekse gazete gazete ve çeyrek yıllara bölünür,,,,[ ]
G0096,C-cekirdek,2,S0,sığır,sigir; sıgır; siğir,1949-01-01,1949-12-31,D5,tümü,anahtar kelime,İsabet sayısı çok yüksekse gazete gazete ve çeyrek yıllara bölünür,,,,[ ]
G0097,C-cekirdek,2,S0,sığır,sigir; sıgır; siğir,1950-01-01,1950-12-31,D5,tümü,anahtar kelime,İsabet sayısı çok yüksekse gazete gazete ve çeyrek yıllara bölünür,,,,[ ]
G0098,C-cekirdek,2,S0,inek,inekler; inekhane,1929-01-01,1929-12-31,D2,tümü,anahtar kelime,İsabet sayısı çok yüksekse gazete gazete ve çeyrek yıllara bölünür,,,,[ ]
G0099,C-cekirdek,2,S0,inek,inekler; inekhane,1930-01-01,1930-12-31,D2,tümü,anahtar kelime,İsabet sayısı çok yüksekse gazete gazete ve çeyrek yıllara bölünür,,,,[ ]
G0100,C-cekirdek,2,S0,inek,inekler; inekhane,1931-01-01,1931-12-31,D2,tümü,anahtar kelime,İsabet sayısı çok yüksekse gazete gazete ve çeyrek yıllara bölünür,,,,[ ]
G0101,C-cekirdek,2,S0,inek,inekler; inekhane,1932-01-01,1932-12-31,D2,tümü,anahtar kelime,İsabet sayısı çok yüksekse gazete gazete ve çeyrek yıllara bölünür,,,,[ ]
G0102,C-cekirdek,2,S0,inek,inekler; inekhane,1933-01-01,1933-12-31,D2,tümü,anahtar kelime,İsabet sayısı çok yüksekse gazete gazete ve çeyrek yıllara bölünür,,,,[ ]
G0103,C-cekirdek,2,S0,inek,inekler; inekhane,1934-01-01,1934-12-31,D3,tümü,anahtar kelime,İsabet sayısı çok yüksekse gazete gazete ve çeyrek yıllara bölünür,,,,[ ]
G0104,C-cekirdek,2,S0,inek,inekler; inekhane,1935-01-01,1935-12-31,D3,tümü,anahtar kelime,İsabet sayısı çok yüksekse gazete gazete ve çeyrek yıllara bölünür,,,,[ ]
G0105,C-cekirdek,2,S0,inek,inekler; inekhane,1936-01-01,1936-12-31,D3,tümü,anahtar kelime,İsabet sayısı çok yüksekse gazete gazete ve çeyrek yıllara bölünür,,,,[ ]
G0106,C-cekirdek,2,S0,inek,inekler; inekhane,1937-01-01,1937-12-31,D3,tümü,anahtar kelime,İsabet sayısı çok yüksekse gazete gazete ve çeyrek yıllara bölünür,,,,[ ]
G0107,C-cekirdek,2,S0,inek,inekler; inekhane,1938-01-01,1938-12-31,D3,tümü,anahtar kelime,İsabet sayısı çok yüksekse gazete gazete ve çeyrek yıllara bölünür,,,,[ ]
G0108,C-cekirdek,2,S0,inek,inekler; inekhane,1939-01-01,1939-12-31,D4,tümü,anahtar kelime,İsabet sayısı çok yüksekse gazete gazete ve çeyrek yıllara bölünür,,,,[ ]
G0109,C-cekirdek,2,S0,inek,inekler; inekhane,1940-01-01,1940-12-31,D4,tümü,anahtar kelime,İsabet sayısı çok yüksekse gazete gazete ve çeyrek yıllara bölünür,,,,[ ]
G0110,C-cekirdek,2,S0,inek,inekler; inekhane,1941-01-01,1941-12-31,D4,tümü,anahtar kelime,İsabet sayısı çok yüksekse gazete gazete ve çeyrek yıllara bölünür,,,,[ ]
G0111,C-cekirdek,2,S0,inek,inekler; inekhane,1942-01-01,1942-12-31,D4,tümü,anahtar kelime,İsabet sayısı çok yüksekse gazete gazete ve çeyrek yıllara bölünür,,,,[ ]
G0112,C-cekirdek,2,S0,inek,inekler; inekhane,1943-01-01,1943-12-31,D4,tümü,anahtar kelime,İsabet sayısı çok yüksekse gazete gazete ve çeyrek yıllara bölünür,,,,[ ]
G0113,C-cekirdek,2,S0,inek,inekler; inekhane,1944-01-01,1944-12-31,D4,tümü,anahtar kelime,İsabet sayısı çok yüksekse gazete gazete ve çeyrek yıllara bölünür,,,,[ ]
G0114,C-cekirdek,2,S0,inek,inekler; inekhane,1945-01-01,1945-12-31,D4,tümü,anahtar kelime,İsabet sayısı çok yüksekse gazete gazete ve çeyrek yıllara bölünür,,,,[ ]
G0115,C-cekirdek,2,S0,inek,inekler; inekhane,1946-01-01,1946-12-31,D5,tümü,anahtar kelime,İsabet sayısı çok yüksekse gazete gazete ve çeyrek yıllara bölünür,,,,[ ]
G0116,C-cekirdek,2,S0,inek,inekler; inekhane,1947-01-01,1947-12-31,D5,tümü,anahtar kelime,İsabet sayısı çok yüksekse gazete gazete ve çeyrek yıllara bölünür,,,,[ ]
G0117,C-cekirdek,2,S0,inek,inekler; inekhane,1948-01-01,1948-12-31,D5,tümü,anahtar kelime,İsabet sayısı çok yüksekse gazete gazete ve çeyrek yıllara bölünür,,,,[ ]
G0118,C-cekirdek,2,S0,inek,inekler; inekhane,1949-01-01,1949-12-31,D5,tümü,anahtar kelime,İsabet sayısı çok yüksekse gazete gazete ve çeyrek yıllara bölünür,,,,[ ]
G0119,C-cekirdek,2,S0,inek,inekler; inekhane,1950-01-01,1950-12-31,D5,tümü,anahtar kelime,İsabet sayısı çok yüksekse gazete gazete ve çeyrek yıllara bölünür,,,,[ ]
G0120,C-cekirdek,2,S0,öküz,okuz; öküzler,1929-01-01,1929-12-31,D2,tümü,anahtar kelime,İsabet sayısı çok yüksekse gazete gazete ve çeyrek yıllara bölünür,,,,[ ]
G0121,C-cekirdek,2,S0,öküz,okuz; öküzler,1930-01-01,1930-12-31,D2,tümü,anahtar kelime,İsabet sayısı çok yüksekse gazete gazete ve çeyrek yıllara bölünür,,,,[ ]
G0122,C-cekirdek,2,S0,öküz,okuz; öküzler,1931-01-01,1931-12-31,D2,tümü,anahtar kelime,İsabet sayısı çok yüksekse gazete gazete ve çeyrek yıllara bölünür,,,,[ ]
G0123,C-cekirdek,2,S0,öküz,okuz; öküzler,1932-01-01,1932-12-31,D2,tümü,anahtar kelime,İsabet sayısı çok yüksekse gazete gazete ve çeyrek yıllara bölünür,,,,[ ]
G0124,C-cekirdek,2,S0,öküz,okuz; öküzler,1933-01-01,1933-12-31,D2,tümü,anahtar kelime,İsabet sayısı çok yüksekse gazete gazete ve çeyrek yıllara bölünür,,,,[ ]
G0125,C-cekirdek,2,S0,öküz,okuz; öküzler,1934-01-01,1934-12-31,D3,tümü,anahtar kelime,İsabet sayısı çok yüksekse gazete gazete ve çeyrek yıllara bölünür,,,,[ ]
G0126,C-cekirdek,2,S0,öküz,okuz; öküzler,1935-01-01,1935-12-31,D3,tümü,anahtar kelime,İsabet sayısı çok yüksekse gazete gazete ve çeyrek yıllara bölünür,,,,[ ]
G0127,C-cekirdek,2,S0,öküz,okuz; öküzler,1936-01-01,1936-12-31,D3,tümü,anahtar kelime,İsabet sayısı çok yüksekse gazete gazete ve çeyrek yıllara bölünür,,,,[ ]
G0128,C-cekirdek,2,S0,öküz,okuz; öküzler,1937-01-01,1937-12-31,D3,tümü,anahtar kelime,İsabet sayısı çok yüksekse gazete gazete ve çeyrek yıllara bölünür,,,,[ ]
G0129,C-cekirdek,2,S0,öküz,okuz; öküzler,1938-01-01,1938-12-31,D3,tümü,anahtar kelime,İsabet sayısı çok yüksekse gazete gazete ve çeyrek yıllara bölünür,,,,[ ]
G0130,C-cekirdek,2,S0,öküz,okuz; öküzler,1939-01-01,1939-12-31,D4,tümü,anahtar kelime,İsabet sayısı çok yüksekse gazete gazete ve çeyrek yıllara bölünür,,,,[ ]
G0131,C-cekirdek,2,S0,öküz,okuz; öküzler,1940-01-01,1940-12-31,D4,tümü,anahtar kelime,İsabet sayısı çok yüksekse gazete gazete ve çeyrek yıllara bölünür,,,,[ ]
G0132,C-cekirdek,2,S0,öküz,okuz; öküzler,1941-01-01,1941-12-31,D4,tümü,anahtar kelime,İsabet sayısı çok yüksekse gazete gazete ve çeyrek yıllara bölünür,,,,[ ]
G0133,C-cekirdek,2,S0,öküz,okuz; öküzler,1942-01-01,1942-12-31,D4,tümü,anahtar kelime,İsabet sayısı çok yüksekse gazete gazete ve çeyrek yıllara bölünür,,,,[ ]
G0134,C-cekirdek,2,S0,öküz,okuz; öküzler,1943-01-01,1943-12-31,D4,tümü,anahtar kelime,İsabet sayısı çok yüksekse gazete gazete ve çeyrek yıllara bölünür,,,,[ ]
G0135,C-cekirdek,2,S0,öküz,okuz; öküzler,1944-01-01,1944-12-31,D4,tümü,anahtar kelime,İsabet sayısı çok yüksekse gazete gazete ve çeyrek yıllara bölünür,,,,[ ]
G0136,C-cekirdek,2,S0,öküz,okuz; öküzler,1945-01-01,1945-12-31,D4,tümü,anahtar kelime,İsabet sayısı çok yüksekse gazete gazete ve çeyrek yıllara bölünür,,,,[ ]
G0137,C-cekirdek,2,S0,öküz,okuz; öküzler,1946-01-01,1946-12-31,D5,tümü,anahtar kelime,İsabet sayısı çok yüksekse gazete gazete ve çeyrek yıllara bölünür,,,,[ ]
G0138,C-cekirdek,2,S0,öküz,okuz; öküzler,1947-01-01,1947-12-31,D5,tümü,anahtar kelime,İsabet sayısı çok yüksekse gazete gazete ve çeyrek yıllara bölünür,,,,[ ]
G0139,C-cekirdek,2,S0,öküz,okuz; öküzler,1948-01-01,1948-12-31,D5,tümü,anahtar kelime,İsabet sayısı çok yüksekse gazete gazete ve çeyrek yıllara bölünür,,,,[ ]
G0140,C-cekirdek,2,S0,öküz,okuz; öküzler,1949-01-01,1949-12-31,D5,tümü,anahtar kelime,İsabet sayısı çok yüksekse gazete gazete ve çeyrek yıllara bölünür,,,,[ ]
G0141,C-cekirdek,2,S0,öküz,okuz; öküzler,1950-01-01,1950-12-31,D5,tümü,anahtar kelime,İsabet sayısı çok yüksekse gazete gazete ve çeyrek yıllara bölünür,,,,[ ]
G0142,C-cekirdek,2,S0,hayvancılık,hayvancilik; hayvancıhk,1929-01-01,1929-12-31,D2,tümü,anahtar kelime,İsabet sayısı çok yüksekse gazete gazete ve çeyrek yıllara bölünür,,,,[ ]
G0143,C-cekirdek,2,S0,hayvancılık,hayvancilik; hayvancıhk,1930-01-01,1930-12-31,D2,tümü,anahtar kelime,İsabet sayısı çok yüksekse gazete gazete ve çeyrek yıllara bölünür,,,,[ ]
G0144,C-cekirdek,2,S0,hayvancılık,hayvancilik; hayvancıhk,1931-01-01,1931-12-31,D2,tümü,anahtar kelime,İsabet sayısı çok yüksekse gazete gazete ve çeyrek yıllara bölünür,,,,[ ]
G0145,C-cekirdek,2,S0,hayvancılık,hayvancilik; hayvancıhk,1932-01-01,1932-12-31,D2,tümü,anahtar kelime,İsabet sayısı çok yüksekse gazete gazete ve çeyrek yıllara bölünür,,,,[ ]
G0146,C-cekirdek,2,S0,hayvancılık,hayvancilik; hayvancıhk,1933-01-01,1933-12-31,D2,tümü,anahtar kelime,İsabet sayısı çok yüksekse gazete gazete ve çeyrek yıllara bölünür,,,,[ ]
G0147,C-cekirdek,2,S0,hayvancılık,hayvancilik; hayvancıhk,1934-01-01,1934-12-31,D3,tümü,anahtar kelime,İsabet sayısı çok yüksekse gazete gazete ve çeyrek yıllara bölünür,,,,[ ]
G0148,C-cekirdek,2,S0,hayvancılık,hayvancilik; hayvancıhk,1935-01-01,1935-12-31,D3,tümü,anahtar kelime,İsabet sayısı çok yüksekse gazete gazete ve çeyrek yıllara bölünür,,,,[ ]
G0149,C-cekirdek,2,S0,hayvancılık,hayvancilik; hayvancıhk,1936-01-01,1936-12-31,D3,tümü,anahtar kelime,İsabet sayısı çok yüksekse gazete gazete ve çeyrek yıllara bölünür,,,,[ ]
G0150,C-cekirdek,2,S0,hayvancılık,hayvancilik; hayvancıhk,1937-01-01,1937-12-31,D3,tümü,anahtar kelime,İsabet sayısı çok yüksekse gazete gazete ve çeyrek yıllara bölünür,,,,[ ]
G0151,C-cekirdek,2,S0,hayvancılık,hayvancilik; hayvancıhk,1938-01-01,1938-12-31,D3,tümü,anahtar kelime,İsabet sayısı çok yüksekse gazete gazete ve çeyrek yıllara bölünür,,,,[ ]
G0152,C-cekirdek,2,S0,hayvancılık,hayvancilik; hayvancıhk,1939-01-01,1939-12-31,D4,tümü,anahtar kelime,İsabet sayısı çok yüksekse gazete gazete ve çeyrek yıllara bölünür,,,,[ ]
G0153,C-cekirdek,2,S0,hayvancılık,hayvancilik; hayvancıhk,1940-01-01,1940-12-31,D4,tümü,anahtar kelime,İsabet sayısı çok yüksekse gazete gazete ve çeyrek yıllara bölünür,,,,[ ]
G0154,C-cekirdek,2,S0,hayvancılık,hayvancilik; hayvancıhk,1941-01-01,1941-12-31,D4,tümü,anahtar kelime,İsabet sayısı çok yüksekse gazete gazete ve çeyrek yıllara bölünür,,,,[ ]
G0155,C-cekirdek,2,S0,hayvancılık,hayvancilik; hayvancıhk,1942-01-01,1942-12-31,D4,tümü,anahtar kelime,İsabet sayısı çok yüksekse gazete gazete ve çeyrek yıllara bölünür,,,,[ ]
G0156,C-cekirdek,2,S0,hayvancılık,hayvancilik; hayvancıhk,1943-01-01,1943-12-31,D4,tümü,anahtar kelime,İsabet sayısı çok yüksekse gazete gazete ve çeyrek yıllara bölünür,,,,[ ]
G0157,C-cekirdek,2,S0,hayvancılık,hayvancilik; hayvancıhk,1944-01-01,1944-12-31,D4,tümü,anahtar kelime,İsabet sayısı çok yüksekse gazete gazete ve çeyrek yıllara bölünür,,,,[ ]
G0158,C-cekirdek,2,S0,hayvancılık,hayvancilik; hayvancıhk,1945-01-01,1945-12-31,D4,tümü,anahtar kelime,İsabet sayısı çok yüksekse gazete gazete ve çeyrek yıllara bölünür,,,,[ ]
G0159,C-cekirdek,2,S0,hayvancılık,hayvancilik; hayvancıhk,1946-01-01,1946-12-31,D5,tümü,anahtar kelime,İsabet sayısı çok yüksekse gazete gazete ve çeyrek yıllara bölünür,,,,[ ]
G0160,C-cekirdek,2,S0,hayvancılık,hayvancilik; hayvancıhk,1947-01-01,1947-12-31,D5,tümü,anahtar kelime,İsabet sayısı çok yüksekse gazete gazete ve çeyrek yıllara bölünür,,,,[ ]
G0161,C-cekirdek,2,S0,hayvancılık,hayvancilik; hayvancıhk,1948-01-01,1948-12-31,D5,tümü,anahtar kelime,İsabet sayısı çok yüksekse gazete gazete ve çeyrek yıllara bölünür,,,,[ ]
G0162,C-cekirdek,2,S0,hayvancılık,hayvancilik; hayvancıhk,1949-01-01,1949-12-31,D5,tümü,anahtar kelime,İsabet sayısı çok yüksekse gazete gazete ve çeyrek yıllara bölünür,,,,[ ]
G0163,C-cekirdek,2,S0,hayvancılık,hayvancilik; hayvancıhk,1950-01-01,1950-12-31,D5,tümü,anahtar kelime,İsabet sayısı çok yüksekse gazete gazete ve çeyrek yıllara bölünür,,,,[ ]
G0164,C-cekirdek,2,S0,hayvan serveti,hayvan servetimiz; hayvan servetimizi,1929-01-01,1929-12-31,D2,tümü,anahtar kelime,İsabet sayısı çok yüksekse gazete gazete ve çeyrek yıllara bölünür,,,,[ ]
G0165,C-cekirdek,2,S0,hayvan serveti,hayvan servetimiz; hayvan servetimizi,1930-01-01,1930-12-31,D2,tümü,anahtar kelime,İsabet sayısı çok yüksekse gazete gazete ve çeyrek yıllara bölünür,,,,[ ]
G0166,C-cekirdek,2,S0,hayvan serveti,hayvan servetimiz; hayvan servetimizi,1931-01-01,1931-12-31,D2,tümü,anahtar kelime,İsabet sayısı çok yüksekse gazete gazete ve çeyrek yıllara bölünür,,,,[ ]
G0167,C-cekirdek,2,S0,hayvan serveti,hayvan servetimiz; hayvan servetimizi,1932-01-01,1932-12-31,D2,tümü,anahtar kelime,İsabet sayısı çok yüksekse gazete gazete ve çeyrek yıllara bölünür,,,,[ ]
G0168,C-cekirdek,2,S0,hayvan serveti,hayvan servetimiz; hayvan servetimizi,1933-01-01,1933-12-31,D2,tümü,anahtar kelime,İsabet sayısı çok yüksekse gazete gazete ve çeyrek yıllara bölünür,,,,[ ]
G0169,C-cekirdek,2,S0,hayvan serveti,hayvan servetimiz; hayvan servetimizi,1934-01-01,1934-12-31,D3,tümü,anahtar kelime,İsabet sayısı çok yüksekse gazete gazete ve çeyrek yıllara bölünür,,,,[ ]
G0170,C-cekirdek,2,S0,hayvan serveti,hayvan servetimiz; hayvan servetimizi,1935-01-01,1935-12-31,D3,tümü,anahtar kelime,İsabet sayısı çok yüksekse gazete gazete ve çeyrek yıllara bölünür,,,,[ ]
G0171,C-cekirdek,2,S0,hayvan serveti,hayvan servetimiz; hayvan servetimizi,1936-01-01,1936-12-31,D3,tümü,anahtar kelime,İsabet sayısı çok yüksekse gazete gazete ve çeyrek yıllara bölünür,,,,[ ]
G0172,C-cekirdek,2,S0,hayvan serveti,hayvan servetimiz; hayvan servetimizi,1937-01-01,1937-12-31,D3,tümü,anahtar kelime,İsabet sayısı çok yüksekse gazete gazete ve çeyrek yıllara bölünür,,,,[ ]
G0173,C-cekirdek,2,S0,hayvan serveti,hayvan servetimiz; hayvan servetimizi,1938-01-01,1938-12-31,D3,tümü,anahtar kelime,İsabet sayısı çok yüksekse gazete gazete ve çeyrek yıllara bölünür,,,,[ ]
G0174,C-cekirdek,2,S0,hayvan serveti,hayvan servetimiz; hayvan servetimizi,1939-01-01,1939-12-31,D4,tümü,anahtar kelime,İsabet sayısı çok yüksekse gazete gazete ve çeyrek yıllara bölünür,,,,[ ]
G0175,C-cekirdek,2,S0,hayvan serveti,hayvan servetimiz; hayvan servetimizi,1940-01-01,1940-12-31,D4,tümü,anahtar kelime,İsabet sayısı çok yüksekse gazete gazete ve çeyrek yıllara bölünür,,,,[ ]
G0176,C-cekirdek,2,S0,hayvan serveti,hayvan servetimiz; hayvan servetimizi,1941-01-01,1941-12-31,D4,tümü,anahtar kelime,İsabet sayısı çok yüksekse gazete gazete ve çeyrek yıllara bölünür,,,,[ ]
G0177,C-cekirdek,2,S0,hayvan serveti,hayvan servetimiz; hayvan servetimizi,1942-01-01,1942-12-31,D4,tümü,anahtar kelime,İsabet sayısı çok yüksekse gazete gazete ve çeyrek yıllara bölünür,,,,[ ]
G0178,C-cekirdek,2,S0,hayvan serveti,hayvan servetimiz; hayvan servetimizi,1943-01-01,1943-12-31,D4,tümü,anahtar kelime,İsabet sayısı çok yüksekse gazete gazete ve çeyrek yıllara bölünür,,,,[ ]
G0179,C-cekirdek,2,S0,hayvan serveti,hayvan servetimiz; hayvan servetimizi,1944-01-01,1944-12-31,D4,tümü,anahtar kelime,İsabet sayısı çok yüksekse gazete gazete ve çeyrek yıllara bölünür,,,,[ ]
G0180,C-cekirdek,2,S0,hayvan serveti,hayvan servetimiz; hayvan servetimizi,1945-01-01,1945-12-31,D4,tümü,anahtar kelime,İsabet sayısı çok yüksekse gazete gazete ve çeyrek yıllara bölünür,,,,[ ]
G0181,C-cekirdek,2,S0,hayvan serveti,hayvan servetimiz; hayvan servetimizi,1946-01-01,1946-12-31,D5,tümü,anahtar kelime,İsabet sayısı çok yüksekse gazete gazete ve çeyrek yıllara bölünür,,,,[ ]
G0182,C-cekirdek,2,S0,hayvan serveti,hayvan servetimiz; hayvan servetimizi,1947-01-01,1947-12-31,D5,tümü,anahtar kelime,İsabet sayısı çok yüksekse gazete gazete ve çeyrek yıllara bölünür,,,,[ ]
G0183,C-cekirdek,2,S0,hayvan serveti,hayvan servetimiz; hayvan servetimizi,1948-01-01,1948-12-31,D5,tümü,anahtar kelime,İsabet sayısı çok yüksekse gazete gazete ve çeyrek yıllara bölünür,,,,[ ]
G0184,C-cekirdek,2,S0,hayvan serveti,hayvan servetimiz; hayvan servetimizi,1949-01-01,1949-12-31,D5,tümü,anahtar kelime,İsabet sayısı çok yüksekse gazete gazete ve çeyrek yıllara bölünür,,,,[ ]
G0185,C-cekirdek,2,S0,hayvan serveti,hayvan servetimiz; hayvan servetimizi,1950-01-01,1950-12-31,D5,tümü,anahtar kelime,İsabet sayısı çok yüksekse gazete gazete ve çeyrek yıllara bölünür,,,,[ ]
G0186,C-cekirdek,2,S0,Kalkınma Kongresi,Köy ve Ziraat Kalkınma; Ziraat Kongresi,1929-01-01,1929-12-31,D2,tümü,anahtar kelime,İsabet sayısı çok yüksekse gazete gazete ve çeyrek yıllara bölünür,,,,[ ]
G0187,C-cekirdek,2,S0,Kalkınma Kongresi,Köy ve Ziraat Kalkınma; Ziraat Kongresi,1930-01-01,1930-12-31,D2,tümü,anahtar kelime,İsabet sayısı çok yüksekse gazete gazete ve çeyrek yıllara bölünür,,,,[ ]
G0188,C-cekirdek,2,S0,Kalkınma Kongresi,Köy ve Ziraat Kalkınma; Ziraat Kongresi,1931-01-01,1931-12-31,D2,tümü,anahtar kelime,İsabet sayısı çok yüksekse gazete gazete ve çeyrek yıllara bölünür,,,,[ ]
G0189,C-cekirdek,2,S0,Kalkınma Kongresi,Köy ve Ziraat Kalkınma; Ziraat Kongresi,1932-01-01,1932-12-31,D2,tümü,anahtar kelime,İsabet sayısı çok yüksekse gazete gazete ve çeyrek yıllara bölünür,,,,[ ]
G0190,C-cekirdek,2,S0,Kalkınma Kongresi,Köy ve Ziraat Kalkınma; Ziraat Kongresi,1933-01-01,1933-12-31,D2,tümü,anahtar kelime,İsabet sayısı çok yüksekse gazete gazete ve çeyrek yıllara bölünür,,,,[ ]
G0191,C-cekirdek,2,S0,Kalkınma Kongresi,Köy ve Ziraat Kalkınma; Ziraat Kongresi,1934-01-01,1934-12-31,D3,tümü,anahtar kelime,İsabet sayısı çok yüksekse gazete gazete ve çeyrek yıllara bölünür,,,,[ ]
G0192,C-cekirdek,2,S0,Kalkınma Kongresi,Köy ve Ziraat Kalkınma; Ziraat Kongresi,1935-01-01,1935-12-31,D3,tümü,anahtar kelime,İsabet sayısı çok yüksekse gazete gazete ve çeyrek yıllara bölünür,,,,[ ]
G0193,C-cekirdek,2,S0,Kalkınma Kongresi,Köy ve Ziraat Kalkınma; Ziraat Kongresi,1936-01-01,1936-12-31,D3,tümü,anahtar kelime,İsabet sayısı çok yüksekse gazete gazete ve çeyrek yıllara bölünür,,,,[ ]
G0194,C-cekirdek,2,S0,Kalkınma Kongresi,Köy ve Ziraat Kalkınma; Ziraat Kongresi,1937-01-01,1937-12-31,D3,tümü,anahtar kelime,İsabet sayısı çok yüksekse gazete gazete ve çeyrek yıllara bölünür,,,,[ ]
G0195,C-cekirdek,2,S0,Kalkınma Kongresi,Köy ve Ziraat Kalkınma; Ziraat Kongresi,1938-01-01,1938-12-31,D3,tümü,anahtar kelime,İsabet sayısı çok yüksekse gazete gazete ve çeyrek yıllara bölünür,,,,[ ]
G0196,C-cekirdek,2,S0,Kalkınma Kongresi,Köy ve Ziraat Kalkınma; Ziraat Kongresi,1939-01-01,1939-12-31,D4,tümü,anahtar kelime,İsabet sayısı çok yüksekse gazete gazete ve çeyrek yıllara bölünür,,,,[ ]
G0197,C-cekirdek,2,S0,Kalkınma Kongresi,Köy ve Ziraat Kalkınma; Ziraat Kongresi,1940-01-01,1940-12-31,D4,tümü,anahtar kelime,İsabet sayısı çok yüksekse gazete gazete ve çeyrek yıllara bölünür,,,,[ ]
G0198,C-cekirdek,2,S0,Kalkınma Kongresi,Köy ve Ziraat Kalkınma; Ziraat Kongresi,1941-01-01,1941-12-31,D4,tümü,anahtar kelime,İsabet sayısı çok yüksekse gazete gazete ve çeyrek yıllara bölünür,,,,[ ]
G0199,C-cekirdek,2,S0,Kalkınma Kongresi,Köy ve Ziraat Kalkınma; Ziraat Kongresi,1942-01-01,1942-12-31,D4,tümü,anahtar kelime,İsabet sayısı çok yüksekse gazete gazete ve çeyrek yıllara bölünür,,,,[ ]
G0200,C-cekirdek,2,S0,Kalkınma Kongresi,Köy ve Ziraat Kalkınma; Ziraat Kongresi,1943-01-01,1943-12-31,D4,tümü,anahtar kelime,İsabet sayısı çok yüksekse gazete gazete ve çeyrek yıllara bölünür,,,,[ ]
G0201,C-cekirdek,2,S0,Kalkınma Kongresi,Köy ve Ziraat Kalkınma; Ziraat Kongresi,1944-01-01,1944-12-31,D4,tümü,anahtar kelime,İsabet sayısı çok yüksekse gazete gazete ve çeyrek yıllara bölünür,,,,[ ]
G0202,C-cekirdek,2,S0,Kalkınma Kongresi,Köy ve Ziraat Kalkınma; Ziraat Kongresi,1945-01-01,1945-12-31,D4,tümü,anahtar kelime,İsabet sayısı çok yüksekse gazete gazete ve çeyrek yıllara bölünür,,,,[ ]
G0203,C-cekirdek,2,S0,Kalkınma Kongresi,Köy ve Ziraat Kalkınma; Ziraat Kongresi,1946-01-01,1946-12-31,D5,tümü,anahtar kelime,İsabet sayısı çok yüksekse gazete gazete ve çeyrek yıllara bölünür,,,,[ ]
G0204,C-cekirdek,2,S0,Kalkınma Kongresi,Köy ve Ziraat Kalkınma; Ziraat Kongresi,1947-01-01,1947-12-31,D5,tümü,anahtar kelime,İsabet sayısı çok yüksekse gazete gazete ve çeyrek yıllara bölünür,,,,[ ]
G0205,C-cekirdek,2,S0,Kalkınma Kongresi,Köy ve Ziraat Kalkınma; Ziraat Kongresi,1948-01-01,1948-12-31,D5,tümü,anahtar kelime,İsabet sayısı çok yüksekse gazete gazete ve çeyrek yıllara bölünür,,,,[ ]
G0206,C-cekirdek,2,S0,Kalkınma Kongresi,Köy ve Ziraat Kalkınma; Ziraat Kongresi,1949-01-01,1949-12-31,D5,tümü,anahtar kelime,İsabet sayısı çok yüksekse gazete gazete ve çeyrek yıllara bölünür,,,,[ ]
G0207,C-cekirdek,2,S0,Kalkınma Kongresi,Köy ve Ziraat Kalkınma; Ziraat Kongresi,1950-01-01,1950-12-31,D5,tümü,anahtar kelime,İsabet sayısı çok yüksekse gazete gazete ve çeyrek yıllara bölünür,,,,[ ]
G0208,C-cekirdek,2,S1,ırk ıslahı,irk islahi; ıslahı nesil; cins ıslahı; hayvan ıslahı,1929-01-01,1929-12-31,D2,tümü,anahtar kelime,İsabet sayısı çok yüksekse gazete gazete ve çeyrek yıllara bölünür,,,,[ ]
G0209,C-cekirdek,2,S1,ırk ıslahı,irk islahi; ıslahı nesil; cins ıslahı; hayvan ıslahı,1930-01-01,1930-12-31,D2,tümü,anahtar kelime,İsabet sayısı çok yüksekse gazete gazete ve çeyrek yıllara bölünür,,,,[ ]
G0210,C-cekirdek,2,S1,ırk ıslahı,irk islahi; ıslahı nesil; cins ıslahı; hayvan ıslahı,1931-01-01,1931-12-31,D2,tümü,anahtar kelime,İsabet sayısı çok yüksekse gazete gazete ve çeyrek yıllara bölünür,,,,[ ]
G0211,C-cekirdek,2,S1,ırk ıslahı,irk islahi; ıslahı nesil; cins ıslahı; hayvan ıslahı,1932-01-01,1932-12-31,D2,tümü,anahtar kelime,İsabet sayısı çok yüksekse gazete gazete ve çeyrek yıllara bölünür,,,,[ ]
G0212,C-cekirdek,2,S1,ırk ıslahı,irk islahi; ıslahı nesil; cins ıslahı; hayvan ıslahı,1933-01-01,1933-12-31,D2,tümü,anahtar kelime,İsabet sayısı çok yüksekse gazete gazete ve çeyrek yıllara bölünür,,,,[ ]
G0213,C-cekirdek,2,S1,ırk ıslahı,irk islahi; ıslahı nesil; cins ıslahı; hayvan ıslahı,1934-01-01,1934-12-31,D3,tümü,anahtar kelime,İsabet sayısı çok yüksekse gazete gazete ve çeyrek yıllara bölünür,,,,[ ]
G0214,C-cekirdek,2,S1,ırk ıslahı,irk islahi; ıslahı nesil; cins ıslahı; hayvan ıslahı,1935-01-01,1935-12-31,D3,tümü,anahtar kelime,İsabet sayısı çok yüksekse gazete gazete ve çeyrek yıllara bölünür,,,,[ ]
G0215,C-cekirdek,2,S1,ırk ıslahı,irk islahi; ıslahı nesil; cins ıslahı; hayvan ıslahı,1936-01-01,1936-12-31,D3,tümü,anahtar kelime,İsabet sayısı çok yüksekse gazete gazete ve çeyrek yıllara bölünür,,,,[ ]
G0216,C-cekirdek,2,S1,ırk ıslahı,irk islahi; ıslahı nesil; cins ıslahı; hayvan ıslahı,1937-01-01,1937-12-31,D3,tümü,anahtar kelime,İsabet sayısı çok yüksekse gazete gazete ve çeyrek yıllara bölünür,,,,[ ]
G0217,C-cekirdek,2,S1,ırk ıslahı,irk islahi; ıslahı nesil; cins ıslahı; hayvan ıslahı,1938-01-01,1938-12-31,D3,tümü,anahtar kelime,İsabet sayısı çok yüksekse gazete gazete ve çeyrek yıllara bölünür,,,,[ ]
G0218,C-cekirdek,2,S1,ırk ıslahı,irk islahi; ıslahı nesil; cins ıslahı; hayvan ıslahı,1939-01-01,1939-12-31,D4,tümü,anahtar kelime,İsabet sayısı çok yüksekse gazete gazete ve çeyrek yıllara bölünür,,,,[ ]
G0219,C-cekirdek,2,S1,ırk ıslahı,irk islahi; ıslahı nesil; cins ıslahı; hayvan ıslahı,1940-01-01,1940-12-31,D4,tümü,anahtar kelime,İsabet sayısı çok yüksekse gazete gazete ve çeyrek yıllara bölünür,,,,[ ]
G0220,C-cekirdek,2,S1,ırk ıslahı,irk islahi; ıslahı nesil; cins ıslahı; hayvan ıslahı,1941-01-01,1941-12-31,D4,tümü,anahtar kelime,İsabet sayısı çok yüksekse gazete gazete ve çeyrek yıllara bölünür,,,,[ ]
G0221,C-cekirdek,2,S1,ırk ıslahı,irk islahi; ıslahı nesil; cins ıslahı; hayvan ıslahı,1942-01-01,1942-12-31,D4,tümü,anahtar kelime,İsabet sayısı çok yüksekse gazete gazete ve çeyrek yıllara bölünür,,,,[ ]
G0222,C-cekirdek,2,S1,ırk ıslahı,irk islahi; ıslahı nesil; cins ıslahı; hayvan ıslahı,1943-01-01,1943-12-31,D4,tümü,anahtar kelime,İsabet sayısı çok yüksekse gazete gazete ve çeyrek yıllara bölünür,,,,[ ]
G0223,C-cekirdek,2,S1,ırk ıslahı,irk islahi; ıslahı nesil; cins ıslahı; hayvan ıslahı,1944-01-01,1944-12-31,D4,tümü,anahtar kelime,İsabet sayısı çok yüksekse gazete gazete ve çeyrek yıllara bölünür,,,,[ ]
G0224,C-cekirdek,2,S1,ırk ıslahı,irk islahi; ıslahı nesil; cins ıslahı; hayvan ıslahı,1945-01-01,1945-12-31,D4,tümü,anahtar kelime,İsabet sayısı çok yüksekse gazete gazete ve çeyrek yıllara bölünür,,,,[ ]
G0225,C-cekirdek,2,S1,ırk ıslahı,irk islahi; ıslahı nesil; cins ıslahı; hayvan ıslahı,1946-01-01,1946-12-31,D5,tümü,anahtar kelime,İsabet sayısı çok yüksekse gazete gazete ve çeyrek yıllara bölünür,,,,[ ]
G0226,C-cekirdek,2,S1,ırk ıslahı,irk islahi; ıslahı nesil; cins ıslahı; hayvan ıslahı,1947-01-01,1947-12-31,D5,tümü,anahtar kelime,İsabet sayısı çok yüksekse gazete gazete ve çeyrek yıllara bölünür,,,,[ ]
G0227,C-cekirdek,2,S1,ırk ıslahı,irk islahi; ıslahı nesil; cins ıslahı; hayvan ıslahı,1948-01-01,1948-12-31,D5,tümü,anahtar kelime,İsabet sayısı çok yüksekse gazete gazete ve çeyrek yıllara bölünür,,,,[ ]
G0228,C-cekirdek,2,S1,ırk ıslahı,irk islahi; ıslahı nesil; cins ıslahı; hayvan ıslahı,1949-01-01,1949-12-31,D5,tümü,anahtar kelime,İsabet sayısı çok yüksekse gazete gazete ve çeyrek yıllara bölünür,,,,[ ]
G0229,C-cekirdek,2,S1,ırk ıslahı,irk islahi; ıslahı nesil; cins ıslahı; hayvan ıslahı,1950-01-01,1950-12-31,D5,tümü,anahtar kelime,İsabet sayısı çok yüksekse gazete gazete ve çeyrek yıllara bölünür,,,,[ ]
G0230,C-cekirdek,2,S1,damızlık,damizlik; damızlık boğa,1929-01-01,1929-12-31,D2,tümü,anahtar kelime,İsabet sayısı çok yüksekse gazete gazete ve çeyrek yıllara bölünür,,,,[ ]
G0231,C-cekirdek,2,S1,damızlık,damizlik; damızlık boğa,1930-01-01,1930-12-31,D2,tümü,anahtar kelime,İsabet sayısı çok yüksekse gazete gazete ve çeyrek yıllara bölünür,,,,[ ]
G0232,C-cekirdek,2,S1,damızlık,damizlik; damızlık boğa,1931-01-01,1931-12-31,D2,tümü,anahtar kelime,İsabet sayısı çok yüksekse gazete gazete ve çeyrek yıllara bölünür,,,,[ ]
G0233,C-cekirdek,2,S1,damızlık,damizlik; damızlık boğa,1932-01-01,1932-12-31,D2,tümü,anahtar kelime,İsabet sayısı çok yüksekse gazete gazete ve çeyrek yıllara bölünür,,,,[ ]
G0234,C-cekirdek,2,S1,damızlık,damizlik; damızlık boğa,1933-01-01,1933-12-31,D2,tümü,anahtar kelime,İsabet sayısı çok yüksekse gazete gazete ve çeyrek yıllara bölünür,,,,[ ]
G0235,C-cekirdek,2,S1,damızlık,damizlik; damızlık boğa,1934-01-01,1934-12-31,D3,tümü,anahtar kelime,İsabet sayısı çok yüksekse gazete gazete ve çeyrek yıllara bölünür,,,,[ ]
G0236,C-cekirdek,2,S1,damızlık,damizlik; damızlık boğa,1935-01-01,1935-12-31,D3,tümü,anahtar kelime,İsabet sayısı çok yüksekse gazete gazete ve çeyrek yıllara bölünür,,,,[ ]
G0237,C-cekirdek,2,S1,damızlık,damizlik; damızlık boğa,1936-01-01,1936-12-31,D3,tümü,anahtar kelime,İsabet sayısı çok yüksekse gazete gazete ve çeyrek yıllara bölünür,,,,[ ]
G0238,C-cekirdek,2,S1,damızlık,damizlik; damızlık boğa,1937-01-01,1937-12-31,D3,tümü,anahtar kelime,İsabet sayısı çok yüksekse gazete gazete ve çeyrek yıllara bölünür,,,,[ ]
G0239,C-cekirdek,2,S1,damızlık,damizlik; damızlık boğa,1938-01-01,1938-12-31,D3,tümü,anahtar kelime,İsabet sayısı çok yüksekse gazete gazete ve çeyrek yıllara bölünür,,,,[ ]
G0240,C-cekirdek,2,S1,damızlık,damizlik; damızlık boğa,1939-01-01,1939-12-31,D4,tümü,anahtar kelime,İsabet sayısı çok yüksekse gazete gazete ve çeyrek yıllara bölünür,,,,[ ]
G0241,C-cekirdek,2,S1,damızlık,damizlik; damızlık boğa,1940-01-01,1940-12-31,D4,tümü,anahtar kelime,İsabet sayısı çok yüksekse gazete gazete ve çeyrek yıllara bölünür,,,,[ ]
G0242,C-cekirdek,2,S1,damızlık,damizlik; damızlık boğa,1941-01-01,1941-12-31,D4,tümü,anahtar kelime,İsabet sayısı çok yüksekse gazete gazete ve çeyrek yıllara bölünür,,,,[ ]
G0243,C-cekirdek,2,S1,damızlık,damizlik; damızlık boğa,1942-01-01,1942-12-31,D4,tümü,anahtar kelime,İsabet sayısı çok yüksekse gazete gazete ve çeyrek yıllara bölünür,,,,[ ]
G0244,C-cekirdek,2,S1,damızlık,damizlik; damızlık boğa,1943-01-01,1943-12-31,D4,tümü,anahtar kelime,İsabet sayısı çok yüksekse gazete gazete ve çeyrek yıllara bölünür,,,,[ ]
G0245,C-cekirdek,2,S1,damızlık,damizlik; damızlık boğa,1944-01-01,1944-12-31,D4,tümü,anahtar kelime,İsabet sayısı çok yüksekse gazete gazete ve çeyrek yıllara bölünür,,,,[ ]
G0246,C-cekirdek,2,S1,damızlık,damizlik; damızlık boğa,1945-01-01,1945-12-31,D4,tümü,anahtar kelime,İsabet sayısı çok yüksekse gazete gazete ve çeyrek yıllara bölünür,,,,[ ]
G0247,C-cekirdek,2,S1,damızlık,damizlik; damızlık boğa,1946-01-01,1946-12-31,D5,tümü,anahtar kelime,İsabet sayısı çok yüksekse gazete gazete ve çeyrek yıllara bölünür,,,,[ ]
G0248,C-cekirdek,2,S1,damızlık,damizlik; damızlık boğa,1947-01-01,1947-12-31,D5,tümü,anahtar kelime,İsabet sayısı çok yüksekse gazete gazete ve çeyrek yıllara bölünür,,,,[ ]
G0249,C-cekirdek,2,S1,damızlık,damizlik; damızlık boğa,1948-01-01,1948-12-31,D5,tümü,anahtar kelime,İsabet sayısı çok yüksekse gazete gazete ve çeyrek yıllara bölünür,,,,[ ]
G0250,C-cekirdek,2,S1,damızlık,damizlik; damızlık boğa,1949-01-01,1949-12-31,D5,tümü,anahtar kelime,İsabet sayısı çok yüksekse gazete gazete ve çeyrek yıllara bölünür,,,,[ ]
G0251,C-cekirdek,2,S1,damızlık,damizlik; damızlık boğa,1950-01-01,1950-12-31,D5,tümü,anahtar kelime,İsabet sayısı çok yüksekse gazete gazete ve çeyrek yıllara bölünür,,,,[ ]
G0252,C-cekirdek,2,S1,boğa,boga; boğalar; aygır ve boğa,1929-01-01,1929-12-31,D2,tümü,anahtar kelime,İsabet sayısı çok yüksekse gazete gazete ve çeyrek yıllara bölünür,,,,[ ]
G0253,C-cekirdek,2,S1,boğa,boga; boğalar; aygır ve boğa,1930-01-01,1930-12-31,D2,tümü,anahtar kelime,İsabet sayısı çok yüksekse gazete gazete ve çeyrek yıllara bölünür,,,,[ ]
G0254,C-cekirdek,2,S1,boğa,boga; boğalar; aygır ve boğa,1931-01-01,1931-12-31,D2,tümü,anahtar kelime,İsabet sayısı çok yüksekse gazete gazete ve çeyrek yıllara bölünür,,,,[ ]
G0255,C-cekirdek,2,S1,boğa,boga; boğalar; aygır ve boğa,1932-01-01,1932-12-31,D2,tümü,anahtar kelime,İsabet sayısı çok yüksekse gazete gazete ve çeyrek yıllara bölünür,,,,[ ]
G0256,C-cekirdek,2,S1,boğa,boga; boğalar; aygır ve boğa,1933-01-01,1933-12-31,D2,tümü,anahtar kelime,İsabet sayısı çok yüksekse gazete gazete ve çeyrek yıllara bölünür,,,,[ ]
G0257,C-cekirdek,2,S1,boğa,boga; boğalar; aygır ve boğa,1934-01-01,1934-12-31,D3,tümü,anahtar kelime,İsabet sayısı çok yüksekse gazete gazete ve çeyrek yıllara bölünür,,,,[ ]
G0258,C-cekirdek,2,S1,boğa,boga; boğalar; aygır ve boğa,1935-01-01,1935-12-31,D3,tümü,anahtar kelime,İsabet sayısı çok yüksekse gazete gazete ve çeyrek yıllara bölünür,,,,[ ]
G0259,C-cekirdek,2,S1,boğa,boga; boğalar; aygır ve boğa,1936-01-01,1936-12-31,D3,tümü,anahtar kelime,İsabet sayısı çok yüksekse gazete gazete ve çeyrek yıllara bölünür,,,,[ ]
G0260,C-cekirdek,2,S1,boğa,boga; boğalar; aygır ve boğa,1937-01-01,1937-12-31,D3,tümü,anahtar kelime,İsabet sayısı çok yüksekse gazete gazete ve çeyrek yıllara bölünür,,,,[ ]
G0261,C-cekirdek,2,S1,boğa,boga; boğalar; aygır ve boğa,1938-01-01,1938-12-31,D3,tümü,anahtar kelime,İsabet sayısı çok yüksekse gazete gazete ve çeyrek yıllara bölünür,,,,[ ]
G0262,C-cekirdek,2,S1,boğa,boga; boğalar; aygır ve boğa,1939-01-01,1939-12-31,D4,tümü,anahtar kelime,İsabet sayısı çok yüksekse gazete gazete ve çeyrek yıllara bölünür,,,,[ ]
G0263,C-cekirdek,2,S1,boğa,boga; boğalar; aygır ve boğa,1940-01-01,1940-12-31,D4,tümü,anahtar kelime,İsabet sayısı çok yüksekse gazete gazete ve çeyrek yıllara bölünür,,,,[ ]
G0264,C-cekirdek,2,S1,boğa,boga; boğalar; aygır ve boğa,1941-01-01,1941-12-31,D4,tümü,anahtar kelime,İsabet sayısı çok yüksekse gazete gazete ve çeyrek yıllara bölünür,,,,[ ]
G0265,C-cekirdek,2,S1,boğa,boga; boğalar; aygır ve boğa,1942-01-01,1942-12-31,D4,tümü,anahtar kelime,İsabet sayısı çok yüksekse gazete gazete ve çeyrek yıllara bölünür,,,,[ ]
G0266,C-cekirdek,2,S1,boğa,boga; boğalar; aygır ve boğa,1943-01-01,1943-12-31,D4,tümü,anahtar kelime,İsabet sayısı çok yüksekse gazete gazete ve çeyrek yıllara bölünür,,,,[ ]
G0267,C-cekirdek,2,S1,boğa,boga; boğalar; aygır ve boğa,1944-01-01,1944-12-31,D4,tümü,anahtar kelime,İsabet sayısı çok yüksekse gazete gazete ve çeyrek yıllara bölünür,,,,[ ]
G0268,C-cekirdek,2,S1,boğa,boga; boğalar; aygır ve boğa,1945-01-01,1945-12-31,D4,tümü,anahtar kelime,İsabet sayısı çok yüksekse gazete gazete ve çeyrek yıllara bölünür,,,,[ ]
G0269,C-cekirdek,2,S1,boğa,boga; boğalar; aygır ve boğa,1946-01-01,1946-12-31,D5,tümü,anahtar kelime,İsabet sayısı çok yüksekse gazete gazete ve çeyrek yıllara bölünür,,,,[ ]
G0270,C-cekirdek,2,S1,boğa,boga; boğalar; aygır ve boğa,1947-01-01,1947-12-31,D5,tümü,anahtar kelime,İsabet sayısı çok yüksekse gazete gazete ve çeyrek yıllara bölünür,,,,[ ]
G0271,C-cekirdek,2,S1,boğa,boga; boğalar; aygır ve boğa,1948-01-01,1948-12-31,D5,tümü,anahtar kelime,İsabet sayısı çok yüksekse gazete gazete ve çeyrek yıllara bölünür,,,,[ ]
G0272,C-cekirdek,2,S1,boğa,boga; boğalar; aygır ve boğa,1949-01-01,1949-12-31,D5,tümü,anahtar kelime,İsabet sayısı çok yüksekse gazete gazete ve çeyrek yıllara bölünür,,,,[ ]
G0273,C-cekirdek,2,S1,boğa,boga; boğalar; aygır ve boğa,1950-01-01,1950-12-31,D5,tümü,anahtar kelime,İsabet sayısı çok yüksekse gazete gazete ve çeyrek yıllara bölünür,,,,[ ]
G0274,C-cekirdek,2,S1,hara,Karacabey Harası; Çifteler; Sultansuyu; Çukurova Harası,1929-01-01,1929-12-31,D2,tümü,anahtar kelime,İsabet sayısı çok yüksekse gazete gazete ve çeyrek yıllara bölünür,,,,[ ]
G0275,C-cekirdek,2,S1,hara,Karacabey Harası; Çifteler; Sultansuyu; Çukurova Harası,1930-01-01,1930-12-31,D2,tümü,anahtar kelime,İsabet sayısı çok yüksekse gazete gazete ve çeyrek yıllara bölünür,,,,[ ]
G0276,C-cekirdek,2,S1,hara,Karacabey Harası; Çifteler; Sultansuyu; Çukurova Harası,1931-01-01,1931-12-31,D2,tümü,anahtar kelime,İsabet sayısı çok yüksekse gazete gazete ve çeyrek yıllara bölünür,,,,[ ]
G0277,C-cekirdek,2,S1,hara,Karacabey Harası; Çifteler; Sultansuyu; Çukurova Harası,1932-01-01,1932-12-31,D2,tümü,anahtar kelime,İsabet sayısı çok yüksekse gazete gazete ve çeyrek yıllara bölünür,,,,[ ]
G0278,C-cekirdek,2,S1,hara,Karacabey Harası; Çifteler; Sultansuyu; Çukurova Harası,1933-01-01,1933-12-31,D2,tümü,anahtar kelime,İsabet sayısı çok yüksekse gazete gazete ve çeyrek yıllara bölünür,,,,[ ]
G0279,C-cekirdek,2,S1,hara,Karacabey Harası; Çifteler; Sultansuyu; Çukurova Harası,1934-01-01,1934-12-31,D3,tümü,anahtar kelime,İsabet sayısı çok yüksekse gazete gazete ve çeyrek yıllara bölünür,,,,[ ]
G0280,C-cekirdek,2,S1,hara,Karacabey Harası; Çifteler; Sultansuyu; Çukurova Harası,1935-01-01,1935-12-31,D3,tümü,anahtar kelime,İsabet sayısı çok yüksekse gazete gazete ve çeyrek yıllara bölünür,,,,[ ]
G0281,C-cekirdek,2,S1,hara,Karacabey Harası; Çifteler; Sultansuyu; Çukurova Harası,1936-01-01,1936-12-31,D3,tümü,anahtar kelime,İsabet sayısı çok yüksekse gazete gazete ve çeyrek yıllara bölünür,,,,[ ]
G0282,C-cekirdek,2,S1,hara,Karacabey Harası; Çifteler; Sultansuyu; Çukurova Harası,1937-01-01,1937-12-31,D3,tümü,anahtar kelime,İsabet sayısı çok yüksekse gazete gazete ve çeyrek yıllara bölünür,,,,[ ]
G0283,C-cekirdek,2,S1,hara,Karacabey Harası; Çifteler; Sultansuyu; Çukurova Harası,1938-01-01,1938-12-31,D3,tümü,anahtar kelime,İsabet sayısı çok yüksekse gazete gazete ve çeyrek yıllara bölünür,,,,[ ]
G0284,C-cekirdek,2,S1,hara,Karacabey Harası; Çifteler; Sultansuyu; Çukurova Harası,1939-01-01,1939-12-31,D4,tümü,anahtar kelime,İsabet sayısı çok yüksekse gazete gazete ve çeyrek yıllara bölünür,,,,[ ]
G0285,C-cekirdek,2,S1,hara,Karacabey Harası; Çifteler; Sultansuyu; Çukurova Harası,1940-01-01,1940-12-31,D4,tümü,anahtar kelime,İsabet sayısı çok yüksekse gazete gazete ve çeyrek yıllara bölünür,,,,[ ]
G0286,C-cekirdek,2,S1,hara,Karacabey Harası; Çifteler; Sultansuyu; Çukurova Harası,1941-01-01,1941-12-31,D4,tümü,anahtar kelime,İsabet sayısı çok yüksekse gazete gazete ve çeyrek yıllara bölünür,,,,[ ]
G0287,C-cekirdek,2,S1,hara,Karacabey Harası; Çifteler; Sultansuyu; Çukurova Harası,1942-01-01,1942-12-31,D4,tümü,anahtar kelime,İsabet sayısı çok yüksekse gazete gazete ve çeyrek yıllara bölünür,,,,[ ]
G0288,C-cekirdek,2,S1,hara,Karacabey Harası; Çifteler; Sultansuyu; Çukurova Harası,1943-01-01,1943-12-31,D4,tümü,anahtar kelime,İsabet sayısı çok yüksekse gazete gazete ve çeyrek yıllara bölünür,,,,[ ]
G0289,C-cekirdek,2,S1,hara,Karacabey Harası; Çifteler; Sultansuyu; Çukurova Harası,1944-01-01,1944-12-31,D4,tümü,anahtar kelime,İsabet sayısı çok yüksekse gazete gazete ve çeyrek yıllara bölünür,,,,[ ]
G0290,C-cekirdek,2,S1,hara,Karacabey Harası; Çifteler; Sultansuyu; Çukurova Harası,1945-01-01,1945-12-31,D4,tümü,anahtar kelime,İsabet sayısı çok yüksekse gazete gazete ve çeyrek yıllara bölünür,,,,[ ]
G0291,C-cekirdek,2,S1,hara,Karacabey Harası; Çifteler; Sultansuyu; Çukurova Harası,1946-01-01,1946-12-31,D5,tümü,anahtar kelime,İsabet sayısı çok yüksekse gazete gazete ve çeyrek yıllara bölünür,,,,[ ]
G0292,C-cekirdek,2,S1,hara,Karacabey Harası; Çifteler; Sultansuyu; Çukurova Harası,1947-01-01,1947-12-31,D5,tümü,anahtar kelime,İsabet sayısı çok yüksekse gazete gazete ve çeyrek yıllara bölünür,,,,[ ]
G0293,C-cekirdek,2,S1,hara,Karacabey Harası; Çifteler; Sultansuyu; Çukurova Harası,1948-01-01,1948-12-31,D5,tümü,anahtar kelime,İsabet sayısı çok yüksekse gazete gazete ve çeyrek yıllara bölünür,,,,[ ]
G0294,C-cekirdek,2,S1,hara,Karacabey Harası; Çifteler; Sultansuyu; Çukurova Harası,1949-01-01,1949-12-31,D5,tümü,anahtar kelime,İsabet sayısı çok yüksekse gazete gazete ve çeyrek yıllara bölünür,,,,[ ]
G0295,C-cekirdek,2,S1,hara,Karacabey Harası; Çifteler; Sultansuyu; Çukurova Harası,1950-01-01,1950-12-31,D5,tümü,anahtar kelime,İsabet sayısı çok yüksekse gazete gazete ve çeyrek yıllara bölünür,,,,[ ]
G0296,C-cekirdek,2,S1,yerli ırk,yerli sığır; boz ırk; kırmızı ırk; esmer ırk,1929-01-01,1929-12-31,D2,tümü,anahtar kelime,İsabet sayısı çok yüksekse gazete gazete ve çeyrek yıllara bölünür,,,,[ ]
G0297,C-cekirdek,2,S1,yerli ırk,yerli sığır; boz ırk; kırmızı ırk; esmer ırk,1930-01-01,1930-12-31,D2,tümü,anahtar kelime,İsabet sayısı çok yüksekse gazete gazete ve çeyrek yıllara bölünür,,,,[ ]
G0298,C-cekirdek,2,S1,yerli ırk,yerli sığır; boz ırk; kırmızı ırk; esmer ırk,1931-01-01,1931-12-31,D2,tümü,anahtar kelime,İsabet sayısı çok yüksekse gazete gazete ve çeyrek yıllara bölünür,,,,[ ]
G0299,C-cekirdek,2,S1,yerli ırk,yerli sığır; boz ırk; kırmızı ırk; esmer ırk,1932-01-01,1932-12-31,D2,tümü,anahtar kelime,İsabet sayısı çok yüksekse gazete gazete ve çeyrek yıllara bölünür,,,,[ ]
G0300,C-cekirdek,2,S1,yerli ırk,yerli sığır; boz ırk; kırmızı ırk; esmer ırk,1933-01-01,1933-12-31,D2,tümü,anahtar kelime,İsabet sayısı çok yüksekse gazete gazete ve çeyrek yıllara bölünür,,,,[ ]
G0301,C-cekirdek,2,S1,yerli ırk,yerli sığır; boz ırk; kırmızı ırk; esmer ırk,1934-01-01,1934-12-31,D3,tümü,anahtar kelime,İsabet sayısı çok yüksekse gazete gazete ve çeyrek yıllara bölünür,,,,[ ]
G0302,C-cekirdek,2,S1,yerli ırk,yerli sığır; boz ırk; kırmızı ırk; esmer ırk,1935-01-01,1935-12-31,D3,tümü,anahtar kelime,İsabet sayısı çok yüksekse gazete gazete ve çeyrek yıllara bölünür,,,,[ ]
G0303,C-cekirdek,2,S1,yerli ırk,yerli sığır; boz ırk; kırmızı ırk; esmer ırk,1936-01-01,1936-12-31,D3,tümü,anahtar kelime,İsabet sayısı çok yüksekse gazete gazete ve çeyrek yıllara bölünür,,,,[ ]
G0304,C-cekirdek,2,S1,yerli ırk,yerli sığır; boz ırk; kırmızı ırk; esmer ırk,1937-01-01,1937-12-31,D3,tümü,anahtar kelime,İsabet sayısı çok yüksekse gazete gazete ve çeyrek yıllara bölünür,,,,[ ]
G0305,C-cekirdek,2,S1,yerli ırk,yerli sığır; boz ırk; kırmızı ırk; esmer ırk,1938-01-01,1938-12-31,D3,tümü,anahtar kelime,İsabet sayısı çok yüksekse gazete gazete ve çeyrek yıllara bölünür,,,,[ ]
G0306,C-cekirdek,2,S1,yerli ırk,yerli sığır; boz ırk; kırmızı ırk; esmer ırk,1939-01-01,1939-12-31,D4,tümü,anahtar kelime,İsabet sayısı çok yüksekse gazete gazete ve çeyrek yıllara bölünür,,,,[ ]
G0307,C-cekirdek,2,S1,yerli ırk,yerli sığır; boz ırk; kırmızı ırk; esmer ırk,1940-01-01,1940-12-31,D4,tümü,anahtar kelime,İsabet sayısı çok yüksekse gazete gazete ve çeyrek yıllara bölünür,,,,[ ]
G0308,C-cekirdek,2,S1,yerli ırk,yerli sığır; boz ırk; kırmızı ırk; esmer ırk,1941-01-01,1941-12-31,D4,tümü,anahtar kelime,İsabet sayısı çok yüksekse gazete gazete ve çeyrek yıllara bölünür,,,,[ ]
G0309,C-cekirdek,2,S1,yerli ırk,yerli sığır; boz ırk; kırmızı ırk; esmer ırk,1942-01-01,1942-12-31,D4,tümü,anahtar kelime,İsabet sayısı çok yüksekse gazete gazete ve çeyrek yıllara bölünür,,,,[ ]
G0310,C-cekirdek,2,S1,yerli ırk,yerli sığır; boz ırk; kırmızı ırk; esmer ırk,1943-01-01,1943-12-31,D4,tümü,anahtar kelime,İsabet sayısı çok yüksekse gazete gazete ve çeyrek yıllara bölünür,,,,[ ]
G0311,C-cekirdek,2,S1,yerli ırk,yerli sığır; boz ırk; kırmızı ırk; esmer ırk,1944-01-01,1944-12-31,D4,tümü,anahtar kelime,İsabet sayısı çok yüksekse gazete gazete ve çeyrek yıllara bölünür,,,,[ ]
G0312,C-cekirdek,2,S1,yerli ırk,yerli sığır; boz ırk; kırmızı ırk; esmer ırk,1945-01-01,1945-12-31,D4,tümü,anahtar kelime,İsabet sayısı çok yüksekse gazete gazete ve çeyrek yıllara bölünür,,,,[ ]
G0313,C-cekirdek,2,S1,yerli ırk,yerli sığır; boz ırk; kırmızı ırk; esmer ırk,1946-01-01,1946-12-31,D5,tümü,anahtar kelime,İsabet sayısı çok yüksekse gazete gazete ve çeyrek yıllara bölünür,,,,[ ]
G0314,C-cekirdek,2,S1,yerli ırk,yerli sığır; boz ırk; kırmızı ırk; esmer ırk,1947-01-01,1947-12-31,D5,tümü,anahtar kelime,İsabet sayısı çok yüksekse gazete gazete ve çeyrek yıllara bölünür,,,,[ ]
G0315,C-cekirdek,2,S1,yerli ırk,yerli sığır; boz ırk; kırmızı ırk; esmer ırk,1948-01-01,1948-12-31,D5,tümü,anahtar kelime,İsabet sayısı çok yüksekse gazete gazete ve çeyrek yıllara bölünür,,,,[ ]
G0316,C-cekirdek,2,S1,yerli ırk,yerli sığır; boz ırk; kırmızı ırk; esmer ırk,1949-01-01,1949-12-31,D5,tümü,anahtar kelime,İsabet sayısı çok yüksekse gazete gazete ve çeyrek yıllara bölünür,,,,[ ]
G0317,C-cekirdek,2,S1,yerli ırk,yerli sığır; boz ırk; kırmızı ırk; esmer ırk,1950-01-01,1950-12-31,D5,tümü,anahtar kelime,İsabet sayısı çok yüksekse gazete gazete ve çeyrek yıllara bölünür,,,,[ ]
G0318,C-cekirdek,2,S1,Montafon,Montafon boğa; İsviçre esmeri; Simmental; Şarole,1929-01-01,1929-12-31,D2,tümü,anahtar kelime,İsabet sayısı çok yüksekse gazete gazete ve çeyrek yıllara bölünür,,,,[ ]
G0319,C-cekirdek,2,S1,Montafon,Montafon boğa; İsviçre esmeri; Simmental; Şarole,1930-01-01,1930-12-31,D2,tümü,anahtar kelime,İsabet sayısı çok yüksekse gazete gazete ve çeyrek yıllara bölünür,,,,[ ]
G0320,C-cekirdek,2,S1,Montafon,Montafon boğa; İsviçre esmeri; Simmental; Şarole,1931-01-01,1931-12-31,D2,tümü,anahtar kelime,İsabet sayısı çok yüksekse gazete gazete ve çeyrek yıllara bölünür,,,,[ ]
G0321,C-cekirdek,2,S1,Montafon,Montafon boğa; İsviçre esmeri; Simmental; Şarole,1932-01-01,1932-12-31,D2,tümü,anahtar kelime,İsabet sayısı çok yüksekse gazete gazete ve çeyrek yıllara bölünür,,,,[ ]
G0322,C-cekirdek,2,S1,Montafon,Montafon boğa; İsviçre esmeri; Simmental; Şarole,1933-01-01,1933-12-31,D2,tümü,anahtar kelime,İsabet sayısı çok yüksekse gazete gazete ve çeyrek yıllara bölünür,,,,[ ]
G0323,C-cekirdek,2,S1,Montafon,Montafon boğa; İsviçre esmeri; Simmental; Şarole,1934-01-01,1934-12-31,D3,tümü,anahtar kelime,İsabet sayısı çok yüksekse gazete gazete ve çeyrek yıllara bölünür,,,,[ ]
G0324,C-cekirdek,2,S1,Montafon,Montafon boğa; İsviçre esmeri; Simmental; Şarole,1935-01-01,1935-12-31,D3,tümü,anahtar kelime,İsabet sayısı çok yüksekse gazete gazete ve çeyrek yıllara bölünür,,,,[ ]
G0325,C-cekirdek,2,S1,Montafon,Montafon boğa; İsviçre esmeri; Simmental; Şarole,1936-01-01,1936-12-31,D3,tümü,anahtar kelime,İsabet sayısı çok yüksekse gazete gazete ve çeyrek yıllara bölünür,,,,[ ]
G0326,C-cekirdek,2,S1,Montafon,Montafon boğa; İsviçre esmeri; Simmental; Şarole,1937-01-01,1937-12-31,D3,tümü,anahtar kelime,İsabet sayısı çok yüksekse gazete gazete ve çeyrek yıllara bölünür,,,,[ ]
G0327,C-cekirdek,2,S1,Montafon,Montafon boğa; İsviçre esmeri; Simmental; Şarole,1938-01-01,1938-12-31,D3,tümü,anahtar kelime,İsabet sayısı çok yüksekse gazete gazete ve çeyrek yıllara bölünür,,,,[ ]
G0328,C-cekirdek,2,S1,Montafon,Montafon boğa; İsviçre esmeri; Simmental; Şarole,1939-01-01,1939-12-31,D4,tümü,anahtar kelime,İsabet sayısı çok yüksekse gazete gazete ve çeyrek yıllara bölünür,,,,[ ]
G0329,C-cekirdek,2,S1,Montafon,Montafon boğa; İsviçre esmeri; Simmental; Şarole,1940-01-01,1940-12-31,D4,tümü,anahtar kelime,İsabet sayısı çok yüksekse gazete gazete ve çeyrek yıllara bölünür,,,,[ ]
G0330,C-cekirdek,2,S1,Montafon,Montafon boğa; İsviçre esmeri; Simmental; Şarole,1941-01-01,1941-12-31,D4,tümü,anahtar kelime,İsabet sayısı çok yüksekse gazete gazete ve çeyrek yıllara bölünür,,,,[ ]
G0331,C-cekirdek,2,S1,Montafon,Montafon boğa; İsviçre esmeri; Simmental; Şarole,1942-01-01,1942-12-31,D4,tümü,anahtar kelime,İsabet sayısı çok yüksekse gazete gazete ve çeyrek yıllara bölünür,,,,[ ]
G0332,C-cekirdek,2,S1,Montafon,Montafon boğa; İsviçre esmeri; Simmental; Şarole,1943-01-01,1943-12-31,D4,tümü,anahtar kelime,İsabet sayısı çok yüksekse gazete gazete ve çeyrek yıllara bölünür,,,,[ ]
G0333,C-cekirdek,2,S1,Montafon,Montafon boğa; İsviçre esmeri; Simmental; Şarole,1944-01-01,1944-12-31,D4,tümü,anahtar kelime,İsabet sayısı çok yüksekse gazete gazete ve çeyrek yıllara bölünür,,,,[ ]
G0334,C-cekirdek,2,S1,Montafon,Montafon boğa; İsviçre esmeri; Simmental; Şarole,1945-01-01,1945-12-31,D4,tümü,anahtar kelime,İsabet sayısı çok yüksekse gazete gazete ve çeyrek yıllara bölünür,,,,[ ]
G0335,C-cekirdek,2,S1,Montafon,Montafon boğa; İsviçre esmeri; Simmental; Şarole,1946-01-01,1946-12-31,D5,tümü,anahtar kelime,İsabet sayısı çok yüksekse gazete gazete ve çeyrek yıllara bölünür,,,,[ ]
G0336,C-cekirdek,2,S1,Montafon,Montafon boğa; İsviçre esmeri; Simmental; Şarole,1947-01-01,1947-12-31,D5,tümü,anahtar kelime,İsabet sayısı çok yüksekse gazete gazete ve çeyrek yıllara bölünür,,,,[ ]
G0337,C-cekirdek,2,S1,Montafon,Montafon boğa; İsviçre esmeri; Simmental; Şarole,1948-01-01,1948-12-31,D5,tümü,anahtar kelime,İsabet sayısı çok yüksekse gazete gazete ve çeyrek yıllara bölünür,,,,[ ]
G0338,C-cekirdek,2,S1,Montafon,Montafon boğa; İsviçre esmeri; Simmental; Şarole,1949-01-01,1949-12-31,D5,tümü,anahtar kelime,İsabet sayısı çok yüksekse gazete gazete ve çeyrek yıllara bölünür,,,,[ ]
G0339,C-cekirdek,2,S1,Montafon,Montafon boğa; İsviçre esmeri; Simmental; Şarole,1950-01-01,1950-12-31,D5,tümü,anahtar kelime,İsabet sayısı çok yüksekse gazete gazete ve çeyrek yıllara bölünür,,,,[ ]
G0340,C-cekirdek,2,S1,zootekni,zooteknik; zootekni enstitüsü,1929-01-01,1929-12-31,D2,tümü,anahtar kelime,İsabet sayısı çok yüksekse gazete gazete ve çeyrek yıllara bölünür,,,,[ ]
G0341,C-cekirdek,2,S1,zootekni,zooteknik; zootekni enstitüsü,1930-01-01,1930-12-31,D2,tümü,anahtar kelime,İsabet sayısı çok yüksekse gazete gazete ve çeyrek yıllara bölünür,,,,[ ]
G0342,C-cekirdek,2,S1,zootekni,zooteknik; zootekni enstitüsü,1931-01-01,1931-12-31,D2,tümü,anahtar kelime,İsabet sayısı çok yüksekse gazete gazete ve çeyrek yıllara bölünür,,,,[ ]
G0343,C-cekirdek,2,S1,zootekni,zooteknik; zootekni enstitüsü,1932-01-01,1932-12-31,D2,tümü,anahtar kelime,İsabet sayısı çok yüksekse gazete gazete ve çeyrek yıllara bölünür,,,,[ ]
G0344,C-cekirdek,2,S1,zootekni,zooteknik; zootekni enstitüsü,1933-01-01,1933-12-31,D2,tümü,anahtar kelime,İsabet sayısı çok yüksekse gazete gazete ve çeyrek yıllara bölünür,,,,[ ]
G0345,C-cekirdek,2,S1,zootekni,zooteknik; zootekni enstitüsü,1934-01-01,1934-12-31,D3,tümü,anahtar kelime,İsabet sayısı çok yüksekse gazete gazete ve çeyrek yıllara bölünür,,,,[ ]
G0346,C-cekirdek,2,S1,zootekni,zooteknik; zootekni enstitüsü,1935-01-01,1935-12-31,D3,tümü,anahtar kelime,İsabet sayısı çok yüksekse gazete gazete ve çeyrek yıllara bölünür,,,,[ ]
G0347,C-cekirdek,2,S1,zootekni,zooteknik; zootekni enstitüsü,1936-01-01,1936-12-31,D3,tümü,anahtar kelime,İsabet sayısı çok yüksekse gazete gazete ve çeyrek yıllara bölünür,,,,[ ]
G0348,C-cekirdek,2,S1,zootekni,zooteknik; zootekni enstitüsü,1937-01-01,1937-12-31,D3,tümü,anahtar kelime,İsabet sayısı çok yüksekse gazete gazete ve çeyrek yıllara bölünür,,,,[ ]
G0349,C-cekirdek,2,S1,zootekni,zooteknik; zootekni enstitüsü,1938-01-01,1938-12-31,D3,tümü,anahtar kelime,İsabet sayısı çok yüksekse gazete gazete ve çeyrek yıllara bölünür,,,,[ ]
G0350,C-cekirdek,2,S1,zootekni,zooteknik; zootekni enstitüsü,1939-01-01,1939-12-31,D4,tümü,anahtar kelime,İsabet sayısı çok yüksekse gazete gazete ve çeyrek yıllara bölünür,,,,[ ]
G0351,C-cekirdek,2,S1,zootekni,zooteknik; zootekni enstitüsü,1940-01-01,1940-12-31,D4,tümü,anahtar kelime,İsabet sayısı çok yüksekse gazete gazete ve çeyrek yıllara bölünür,,,,[ ]
G0352,C-cekirdek,2,S1,zootekni,zooteknik; zootekni enstitüsü,1941-01-01,1941-12-31,D4,tümü,anahtar kelime,İsabet sayısı çok yüksekse gazete gazete ve çeyrek yıllara bölünür,,,,[ ]
G0353,C-cekirdek,2,S1,zootekni,zooteknik; zootekni enstitüsü,1942-01-01,1942-12-31,D4,tümü,anahtar kelime,İsabet sayısı çok yüksekse gazete gazete ve çeyrek yıllara bölünür,,,,[ ]
G0354,C-cekirdek,2,S1,zootekni,zooteknik; zootekni enstitüsü,1943-01-01,1943-12-31,D4,tümü,anahtar kelime,İsabet sayısı çok yüksekse gazete gazete ve çeyrek yıllara bölünür,,,,[ ]
G0355,C-cekirdek,2,S1,zootekni,zooteknik; zootekni enstitüsü,1944-01-01,1944-12-31,D4,tümü,anahtar kelime,İsabet sayısı çok yüksekse gazete gazete ve çeyrek yıllara bölünür,,,,[ ]
G0356,C-cekirdek,2,S1,zootekni,zooteknik; zootekni enstitüsü,1945-01-01,1945-12-31,D4,tümü,anahtar kelime,İsabet sayısı çok yüksekse gazete gazete ve çeyrek yıllara bölünür,,,,[ ]
G0357,C-cekirdek,2,S1,zootekni,zooteknik; zootekni enstitüsü,1946-01-01,1946-12-31,D5,tümü,anahtar kelime,İsabet sayısı çok yüksekse gazete gazete ve çeyrek yıllara bölünür,,,,[ ]
G0358,C-cekirdek,2,S1,zootekni,zooteknik; zootekni enstitüsü,1947-01-01,1947-12-31,D5,tümü,anahtar kelime,İsabet sayısı çok yüksekse gazete gazete ve çeyrek yıllara bölünür,,,,[ ]
G0359,C-cekirdek,2,S1,zootekni,zooteknik; zootekni enstitüsü,1948-01-01,1948-12-31,D5,tümü,anahtar kelime,İsabet sayısı çok yüksekse gazete gazete ve çeyrek yıllara bölünür,,,,[ ]
G0360,C-cekirdek,2,S1,zootekni,zooteknik; zootekni enstitüsü,1949-01-01,1949-12-31,D5,tümü,anahtar kelime,İsabet sayısı çok yüksekse gazete gazete ve çeyrek yıllara bölünür,,,,[ ]
G0361,C-cekirdek,2,S1,zootekni,zooteknik; zootekni enstitüsü,1950-01-01,1950-12-31,D5,tümü,anahtar kelime,İsabet sayısı çok yüksekse gazete gazete ve çeyrek yıllara bölünür,,,,[ ]
G0362,C-cekirdek,2,S1,suni tohumlama,sun'i telkih; suni telkih; sunî tohumlama,1929-01-01,1929-12-31,D2,tümü,anahtar kelime,İsabet sayısı çok yüksekse gazete gazete ve çeyrek yıllara bölünür,,,,[ ]
G0363,C-cekirdek,2,S1,suni tohumlama,sun'i telkih; suni telkih; sunî tohumlama,1930-01-01,1930-12-31,D2,tümü,anahtar kelime,İsabet sayısı çok yüksekse gazete gazete ve çeyrek yıllara bölünür,,,,[ ]
G0364,C-cekirdek,2,S1,suni tohumlama,sun'i telkih; suni telkih; sunî tohumlama,1931-01-01,1931-12-31,D2,tümü,anahtar kelime,İsabet sayısı çok yüksekse gazete gazete ve çeyrek yıllara bölünür,,,,[ ]
G0365,C-cekirdek,2,S1,suni tohumlama,sun'i telkih; suni telkih; sunî tohumlama,1932-01-01,1932-12-31,D2,tümü,anahtar kelime,İsabet sayısı çok yüksekse gazete gazete ve çeyrek yıllara bölünür,,,,[ ]
G0366,C-cekirdek,2,S1,suni tohumlama,sun'i telkih; suni telkih; sunî tohumlama,1933-01-01,1933-12-31,D2,tümü,anahtar kelime,İsabet sayısı çok yüksekse gazete gazete ve çeyrek yıllara bölünür,,,,[ ]
G0367,C-cekirdek,2,S1,suni tohumlama,sun'i telkih; suni telkih; sunî tohumlama,1934-01-01,1934-12-31,D3,tümü,anahtar kelime,İsabet sayısı çok yüksekse gazete gazete ve çeyrek yıllara bölünür,,,,[ ]
G0368,C-cekirdek,2,S1,suni tohumlama,sun'i telkih; suni telkih; sunî tohumlama,1935-01-01,1935-12-31,D3,tümü,anahtar kelime,İsabet sayısı çok yüksekse gazete gazete ve çeyrek yıllara bölünür,,,,[ ]
G0369,C-cekirdek,2,S1,suni tohumlama,sun'i telkih; suni telkih; sunî tohumlama,1936-01-01,1936-12-31,D3,tümü,anahtar kelime,İsabet sayısı çok yüksekse gazete gazete ve çeyrek yıllara bölünür,,,,[ ]
G0370,C-cekirdek,2,S1,suni tohumlama,sun'i telkih; suni telkih; sunî tohumlama,1937-01-01,1937-12-31,D3,tümü,anahtar kelime,İsabet sayısı çok yüksekse gazete gazete ve çeyrek yıllara bölünür,,,,[ ]
G0371,C-cekirdek,2,S1,suni tohumlama,sun'i telkih; suni telkih; sunî tohumlama,1938-01-01,1938-12-31,D3,tümü,anahtar kelime,İsabet sayısı çok yüksekse gazete gazete ve çeyrek yıllara bölünür,,,,[ ]
G0372,C-cekirdek,2,S1,suni tohumlama,sun'i telkih; suni telkih; sunî tohumlama,1939-01-01,1939-12-31,D4,tümü,anahtar kelime,İsabet sayısı çok yüksekse gazete gazete ve çeyrek yıllara bölünür,,,,[ ]
G0373,C-cekirdek,2,S1,suni tohumlama,sun'i telkih; suni telkih; sunî tohumlama,1940-01-01,1940-12-31,D4,tümü,anahtar kelime,İsabet sayısı çok yüksekse gazete gazete ve çeyrek yıllara bölünür,,,,[ ]
G0374,C-cekirdek,2,S1,suni tohumlama,sun'i telkih; suni telkih; sunî tohumlama,1941-01-01,1941-12-31,D4,tümü,anahtar kelime,İsabet sayısı çok yüksekse gazete gazete ve çeyrek yıllara bölünür,,,,[ ]
G0375,C-cekirdek,2,S1,suni tohumlama,sun'i telkih; suni telkih; sunî tohumlama,1942-01-01,1942-12-31,D4,tümü,anahtar kelime,İsabet sayısı çok yüksekse gazete gazete ve çeyrek yıllara bölünür,,,,[ ]
G0376,C-cekirdek,2,S1,suni tohumlama,sun'i telkih; suni telkih; sunî tohumlama,1943-01-01,1943-12-31,D4,tümü,anahtar kelime,İsabet sayısı çok yüksekse gazete gazete ve çeyrek yıllara bölünür,,,,[ ]
G0377,C-cekirdek,2,S1,suni tohumlama,sun'i telkih; suni telkih; sunî tohumlama,1944-01-01,1944-12-31,D4,tümü,anahtar kelime,İsabet sayısı çok yüksekse gazete gazete ve çeyrek yıllara bölünür,,,,[ ]
G0378,C-cekirdek,2,S1,suni tohumlama,sun'i telkih; suni telkih; sunî tohumlama,1945-01-01,1945-12-31,D4,tümü,anahtar kelime,İsabet sayısı çok yüksekse gazete gazete ve çeyrek yıllara bölünür,,,,[ ]
G0379,C-cekirdek,2,S1,suni tohumlama,sun'i telkih; suni telkih; sunî tohumlama,1946-01-01,1946-12-31,D5,tümü,anahtar kelime,İsabet sayısı çok yüksekse gazete gazete ve çeyrek yıllara bölünür,,,,[ ]
G0380,C-cekirdek,2,S1,suni tohumlama,sun'i telkih; suni telkih; sunî tohumlama,1947-01-01,1947-12-31,D5,tümü,anahtar kelime,İsabet sayısı çok yüksekse gazete gazete ve çeyrek yıllara bölünür,,,,[ ]
G0381,C-cekirdek,2,S1,suni tohumlama,sun'i telkih; suni telkih; sunî tohumlama,1948-01-01,1948-12-31,D5,tümü,anahtar kelime,İsabet sayısı çok yüksekse gazete gazete ve çeyrek yıllara bölünür,,,,[ ]
G0382,C-cekirdek,2,S1,suni tohumlama,sun'i telkih; suni telkih; sunî tohumlama,1949-01-01,1949-12-31,D5,tümü,anahtar kelime,İsabet sayısı çok yüksekse gazete gazete ve çeyrek yıllara bölünür,,,,[ ]
G0383,C-cekirdek,2,S1,suni tohumlama,sun'i telkih; suni telkih; sunî tohumlama,1950-01-01,1950-12-31,D5,tümü,anahtar kelime,İsabet sayısı çok yüksekse gazete gazete ve çeyrek yıllara bölünür,,,,[ ]
G0384,C-cekirdek,2,S1,iğdiş,igdiş; kastrasyon; burma,1929-01-01,1929-12-31,D2,tümü,anahtar kelime,İsabet sayısı çok yüksekse gazete gazete ve çeyrek yıllara bölünür,,,,[ ]
G0385,C-cekirdek,2,S1,iğdiş,igdiş; kastrasyon; burma,1930-01-01,1930-12-31,D2,tümü,anahtar kelime,İsabet sayısı çok yüksekse gazete gazete ve çeyrek yıllara bölünür,,,,[ ]
G0386,C-cekirdek,2,S1,iğdiş,igdiş; kastrasyon; burma,1931-01-01,1931-12-31,D2,tümü,anahtar kelime,İsabet sayısı çok yüksekse gazete gazete ve çeyrek yıllara bölünür,,,,[ ]
G0387,C-cekirdek,2,S1,iğdiş,igdiş; kastrasyon; burma,1932-01-01,1932-12-31,D2,tümü,anahtar kelime,İsabet sayısı çok yüksekse gazete gazete ve çeyrek yıllara bölünür,,,,[ ]
G0388,C-cekirdek,2,S1,iğdiş,igdiş; kastrasyon; burma,1933-01-01,1933-12-31,D2,tümü,anahtar kelime,İsabet sayısı çok yüksekse gazete gazete ve çeyrek yıllara bölünür,,,,[ ]
G0389,C-cekirdek,2,S1,iğdiş,igdiş; kastrasyon; burma,1934-01-01,1934-12-31,D3,tümü,anahtar kelime,İsabet sayısı çok yüksekse gazete gazete ve çeyrek yıllara bölünür,,,,[ ]
G0390,C-cekirdek,2,S1,iğdiş,igdiş; kastrasyon; burma,1935-01-01,1935-12-31,D3,tümü,anahtar kelime,İsabet sayısı çok yüksekse gazete gazete ve çeyrek yıllara bölünür,,,,[ ]
G0391,C-cekirdek,2,S1,iğdiş,igdiş; kastrasyon; burma,1936-01-01,1936-12-31,D3,tümü,anahtar kelime,İsabet sayısı çok yüksekse gazete gazete ve çeyrek yıllara bölünür,,,,[ ]
G0392,C-cekirdek,2,S1,iğdiş,igdiş; kastrasyon; burma,1937-01-01,1937-12-31,D3,tümü,anahtar kelime,İsabet sayısı çok yüksekse gazete gazete ve çeyrek yıllara bölünür,,,,[ ]
G0393,C-cekirdek,2,S1,iğdiş,igdiş; kastrasyon; burma,1938-01-01,1938-12-31,D3,tümü,anahtar kelime,İsabet sayısı çok yüksekse gazete gazete ve çeyrek yıllara bölünür,,,,[ ]
G0394,C-cekirdek,2,S1,iğdiş,igdiş; kastrasyon; burma,1939-01-01,1939-12-31,D4,tümü,anahtar kelime,İsabet sayısı çok yüksekse gazete gazete ve çeyrek yıllara bölünür,,,,[ ]
G0395,C-cekirdek,2,S1,iğdiş,igdiş; kastrasyon; burma,1940-01-01,1940-12-31,D4,tümü,anahtar kelime,İsabet sayısı çok yüksekse gazete gazete ve çeyrek yıllara bölünür,,,,[ ]
G0396,C-cekirdek,2,S1,iğdiş,igdiş; kastrasyon; burma,1941-01-01,1941-12-31,D4,tümü,anahtar kelime,İsabet sayısı çok yüksekse gazete gazete ve çeyrek yıllara bölünür,,,,[ ]
G0397,C-cekirdek,2,S1,iğdiş,igdiş; kastrasyon; burma,1942-01-01,1942-12-31,D4,tümü,anahtar kelime,İsabet sayısı çok yüksekse gazete gazete ve çeyrek yıllara bölünür,,,,[ ]
G0398,C-cekirdek,2,S1,iğdiş,igdiş; kastrasyon; burma,1943-01-01,1943-12-31,D4,tümü,anahtar kelime,İsabet sayısı çok yüksekse gazete gazete ve çeyrek yıllara bölünür,,,,[ ]
G0399,C-cekirdek,2,S1,iğdiş,igdiş; kastrasyon; burma,1944-01-01,1944-12-31,D4,tümü,anahtar kelime,İsabet sayısı çok yüksekse gazete gazete ve çeyrek yıllara bölünür,,,,[ ]
G0400,C-cekirdek,2,S1,iğdiş,igdiş; kastrasyon; burma,1945-01-01,1945-12-31,D4,tümü,anahtar kelime,İsabet sayısı çok yüksekse gazete gazete ve çeyrek yıllara bölünür,,,,[ ]
G0401,C-cekirdek,2,S1,iğdiş,igdiş; kastrasyon; burma,1946-01-01,1946-12-31,D5,tümü,anahtar kelime,İsabet sayısı çok yüksekse gazete gazete ve çeyrek yıllara bölünür,,,,[ ]
G0402,C-cekirdek,2,S1,iğdiş,igdiş; kastrasyon; burma,1947-01-01,1947-12-31,D5,tümü,anahtar kelime,İsabet sayısı çok yüksekse gazete gazete ve çeyrek yıllara bölünür,,,,[ ]
G0403,C-cekirdek,2,S1,iğdiş,igdiş; kastrasyon; burma,1948-01-01,1948-12-31,D5,tümü,anahtar kelime,İsabet sayısı çok yüksekse gazete gazete ve çeyrek yıllara bölünür,,,,[ ]
G0404,C-cekirdek,2,S1,iğdiş,igdiş; kastrasyon; burma,1949-01-01,1949-12-31,D5,tümü,anahtar kelime,İsabet sayısı çok yüksekse gazete gazete ve çeyrek yıllara bölünür,,,,[ ]
G0405,C-cekirdek,2,S1,iğdiş,igdiş; kastrasyon; burma,1950-01-01,1950-12-31,D5,tümü,anahtar kelime,İsabet sayısı çok yüksekse gazete gazete ve çeyrek yıllara bölünür,,,,[ ]
G0406,C-cekirdek,2,S2,yem,hayvan yemi; yem darlığı; yem buhranı,1929-01-01,1929-12-31,D2,tümü,anahtar kelime,İsabet sayısı çok yüksekse gazete gazete ve çeyrek yıllara bölünür,,,,[ ]
G0407,C-cekirdek,2,S2,yem,hayvan yemi; yem darlığı; yem buhranı,1930-01-01,1930-12-31,D2,tümü,anahtar kelime,İsabet sayısı çok yüksekse gazete gazete ve çeyrek yıllara bölünür,,,,[ ]
G0408,C-cekirdek,2,S2,yem,hayvan yemi; yem darlığı; yem buhranı,1931-01-01,1931-12-31,D2,tümü,anahtar kelime,İsabet sayısı çok yüksekse gazete gazete ve çeyrek yıllara bölünür,,,,[ ]
G0409,C-cekirdek,2,S2,yem,hayvan yemi; yem darlığı; yem buhranı,1932-01-01,1932-12-31,D2,tümü,anahtar kelime,İsabet sayısı çok yüksekse gazete gazete ve çeyrek yıllara bölünür,,,,[ ]
G0410,C-cekirdek,2,S2,yem,hayvan yemi; yem darlığı; yem buhranı,1933-01-01,1933-12-31,D2,tümü,anahtar kelime,İsabet sayısı çok yüksekse gazete gazete ve çeyrek yıllara bölünür,,,,[ ]
G0411,C-cekirdek,2,S2,yem,hayvan yemi; yem darlığı; yem buhranı,1934-01-01,1934-12-31,D3,tümü,anahtar kelime,İsabet sayısı çok yüksekse gazete gazete ve çeyrek yıllara bölünür,,,,[ ]
G0412,C-cekirdek,2,S2,yem,hayvan yemi; yem darlığı; yem buhranı,1935-01-01,1935-12-31,D3,tümü,anahtar kelime,İsabet sayısı çok yüksekse gazete gazete ve çeyrek yıllara bölünür,,,,[ ]
G0413,C-cekirdek,2,S2,yem,hayvan yemi; yem darlığı; yem buhranı,1936-01-01,1936-12-31,D3,tümü,anahtar kelime,İsabet sayısı çok yüksekse gazete gazete ve çeyrek yıllara bölünür,,,,[ ]
G0414,C-cekirdek,2,S2,yem,hayvan yemi; yem darlığı; yem buhranı,1937-01-01,1937-12-31,D3,tümü,anahtar kelime,İsabet sayısı çok yüksekse gazete gazete ve çeyrek yıllara bölünür,,,,[ ]
G0415,C-cekirdek,2,S2,yem,hayvan yemi; yem darlığı; yem buhranı,1938-01-01,1938-12-31,D3,tümü,anahtar kelime,İsabet sayısı çok yüksekse gazete gazete ve çeyrek yıllara bölünür,,,,[ ]
G0416,C-cekirdek,2,S2,yem,hayvan yemi; yem darlığı; yem buhranı,1939-01-01,1939-12-31,D4,tümü,anahtar kelime,İsabet sayısı çok yüksekse gazete gazete ve çeyrek yıllara bölünür,,,,[ ]
G0417,C-cekirdek,2,S2,yem,hayvan yemi; yem darlığı; yem buhranı,1940-01-01,1940-12-31,D4,tümü,anahtar kelime,İsabet sayısı çok yüksekse gazete gazete ve çeyrek yıllara bölünür,,,,[ ]
G0418,C-cekirdek,2,S2,yem,hayvan yemi; yem darlığı; yem buhranı,1941-01-01,1941-12-31,D4,tümü,anahtar kelime,İsabet sayısı çok yüksekse gazete gazete ve çeyrek yıllara bölünür,,,,[ ]
G0419,C-cekirdek,2,S2,yem,hayvan yemi; yem darlığı; yem buhranı,1942-01-01,1942-12-31,D4,tümü,anahtar kelime,İsabet sayısı çok yüksekse gazete gazete ve çeyrek yıllara bölünür,,,,[ ]
G0420,C-cekirdek,2,S2,yem,hayvan yemi; yem darlığı; yem buhranı,1943-01-01,1943-12-31,D4,tümü,anahtar kelime,İsabet sayısı çok yüksekse gazete gazete ve çeyrek yıllara bölünür,,,,[ ]
G0421,C-cekirdek,2,S2,yem,hayvan yemi; yem darlığı; yem buhranı,1944-01-01,1944-12-31,D4,tümü,anahtar kelime,İsabet sayısı çok yüksekse gazete gazete ve çeyrek yıllara bölünür,,,,[ ]
G0422,C-cekirdek,2,S2,yem,hayvan yemi; yem darlığı; yem buhranı,1945-01-01,1945-12-31,D4,tümü,anahtar kelime,İsabet sayısı çok yüksekse gazete gazete ve çeyrek yıllara bölünür,,,,[ ]
G0423,C-cekirdek,2,S2,yem,hayvan yemi; yem darlığı; yem buhranı,1946-01-01,1946-12-31,D5,tümü,anahtar kelime,İsabet sayısı çok yüksekse gazete gazete ve çeyrek yıllara bölünür,,,,[ ]
G0424,C-cekirdek,2,S2,yem,hayvan yemi; yem darlığı; yem buhranı,1947-01-01,1947-12-31,D5,tümü,anahtar kelime,İsabet sayısı çok yüksekse gazete gazete ve çeyrek yıllara bölünür,,,,[ ]
G0425,C-cekirdek,2,S2,yem,hayvan yemi; yem darlığı; yem buhranı,1948-01-01,1948-12-31,D5,tümü,anahtar kelime,İsabet sayısı çok yüksekse gazete gazete ve çeyrek yıllara bölünür,,,,[ ]
G0426,C-cekirdek,2,S2,yem,hayvan yemi; yem darlığı; yem buhranı,1949-01-01,1949-12-31,D5,tümü,anahtar kelime,İsabet sayısı çok yüksekse gazete gazete ve çeyrek yıllara bölünür,,,,[ ]
G0427,C-cekirdek,2,S2,yem,hayvan yemi; yem darlığı; yem buhranı,1950-01-01,1950-12-31,D5,tümü,anahtar kelime,İsabet sayısı çok yüksekse gazete gazete ve çeyrek yıllara bölünür,,,,[ ]
G0428,C-cekirdek,2,S2,yonca,yoncalık; korunga; fiğ,1929-01-01,1929-12-31,D2,tümü,anahtar kelime,İsabet sayısı çok yüksekse gazete gazete ve çeyrek yıllara bölünür,,,,[ ]
G0429,C-cekirdek,2,S2,yonca,yoncalık; korunga; fiğ,1930-01-01,1930-12-31,D2,tümü,anahtar kelime,İsabet sayısı çok yüksekse gazete gazete ve çeyrek yıllara bölünür,,,,[ ]
G0430,C-cekirdek,2,S2,yonca,yoncalık; korunga; fiğ,1931-01-01,1931-12-31,D2,tümü,anahtar kelime,İsabet sayısı çok yüksekse gazete gazete ve çeyrek yıllara bölünür,,,,[ ]
G0431,C-cekirdek,2,S2,yonca,yoncalık; korunga; fiğ,1932-01-01,1932-12-31,D2,tümü,anahtar kelime,İsabet sayısı çok yüksekse gazete gazete ve çeyrek yıllara bölünür,,,,[ ]
G0432,C-cekirdek,2,S2,yonca,yoncalık; korunga; fiğ,1933-01-01,1933-12-31,D2,tümü,anahtar kelime,İsabet sayısı çok yüksekse gazete gazete ve çeyrek yıllara bölünür,,,,[ ]
G0433,C-cekirdek,2,S2,yonca,yoncalık; korunga; fiğ,1934-01-01,1934-12-31,D3,tümü,anahtar kelime,İsabet sayısı çok yüksekse gazete gazete ve çeyrek yıllara bölünür,,,,[ ]
G0434,C-cekirdek,2,S2,yonca,yoncalık; korunga; fiğ,1935-01-01,1935-12-31,D3,tümü,anahtar kelime,İsabet sayısı çok yüksekse gazete gazete ve çeyrek yıllara bölünür,,,,[ ]
G0435,C-cekirdek,2,S2,yonca,yoncalık; korunga; fiğ,1936-01-01,1936-12-31,D3,tümü,anahtar kelime,İsabet sayısı çok yüksekse gazete gazete ve çeyrek yıllara bölünür,,,,[ ]
G0436,C-cekirdek,2,S2,yonca,yoncalık; korunga; fiğ,1937-01-01,1937-12-31,D3,tümü,anahtar kelime,İsabet sayısı çok yüksekse gazete gazete ve çeyrek yıllara bölünür,,,,[ ]
G0437,C-cekirdek,2,S2,yonca,yoncalık; korunga; fiğ,1938-01-01,1938-12-31,D3,tümü,anahtar kelime,İsabet sayısı çok yüksekse gazete gazete ve çeyrek yıllara bölünür,,,,[ ]
G0438,C-cekirdek,2,S2,yonca,yoncalık; korunga; fiğ,1939-01-01,1939-12-31,D4,tümü,anahtar kelime,İsabet sayısı çok yüksekse gazete gazete ve çeyrek yıllara bölünür,,,,[ ]
G0439,C-cekirdek,2,S2,yonca,yoncalık; korunga; fiğ,1940-01-01,1940-12-31,D4,tümü,anahtar kelime,İsabet sayısı çok yüksekse gazete gazete ve çeyrek yıllara bölünür,,,,[ ]
G0440,C-cekirdek,2,S2,yonca,yoncalık; korunga; fiğ,1941-01-01,1941-12-31,D4,tümü,anahtar kelime,İsabet sayısı çok yüksekse gazete gazete ve çeyrek yıllara bölünür,,,,[ ]
G0441,C-cekirdek,2,S2,yonca,yoncalık; korunga; fiğ,1942-01-01,1942-12-31,D4,tümü,anahtar kelime,İsabet sayısı çok yüksekse gazete gazete ve çeyrek yıllara bölünür,,,,[ ]
G0442,C-cekirdek,2,S2,yonca,yoncalık; korunga; fiğ,1943-01-01,1943-12-31,D4,tümü,anahtar kelime,İsabet sayısı çok yüksekse gazete gazete ve çeyrek yıllara bölünür,,,,[ ]
G0443,C-cekirdek,2,S2,yonca,yoncalık; korunga; fiğ,1944-01-01,1944-12-31,D4,tümü,anahtar kelime,İsabet sayısı çok yüksekse gazete gazete ve çeyrek yıllara bölünür,,,,[ ]
G0444,C-cekirdek,2,S2,yonca,yoncalık; korunga; fiğ,1945-01-01,1945-12-31,D4,tümü,anahtar kelime,İsabet sayısı çok yüksekse gazete gazete ve çeyrek yıllara bölünür,,,,[ ]
G0445,C-cekirdek,2,S2,yonca,yoncalık; korunga; fiğ,1946-01-01,1946-12-31,D5,tümü,anahtar kelime,İsabet sayısı çok yüksekse gazete gazete ve çeyrek yıllara bölünür,,,,[ ]
G0446,C-cekirdek,2,S2,yonca,yoncalık; korunga; fiğ,1947-01-01,1947-12-31,D5,tümü,anahtar kelime,İsabet sayısı çok yüksekse gazete gazete ve çeyrek yıllara bölünür,,,,[ ]
G0447,C-cekirdek,2,S2,yonca,yoncalık; korunga; fiğ,1948-01-01,1948-12-31,D5,tümü,anahtar kelime,İsabet sayısı çok yüksekse gazete gazete ve çeyrek yıllara bölünür,,,,[ ]
G0448,C-cekirdek,2,S2,yonca,yoncalık; korunga; fiğ,1949-01-01,1949-12-31,D5,tümü,anahtar kelime,İsabet sayısı çok yüksekse gazete gazete ve çeyrek yıllara bölünür,,,,[ ]
G0449,C-cekirdek,2,S2,yonca,yoncalık; korunga; fiğ,1950-01-01,1950-12-31,D5,tümü,anahtar kelime,İsabet sayısı çok yüksekse gazete gazete ve çeyrek yıllara bölünür,,,,[ ]
G0450,C-cekirdek,2,S2,silo,silaj; ensilaj,1929-01-01,1929-12-31,D2,tümü,anahtar kelime,İsabet sayısı çok yüksekse gazete gazete ve çeyrek yıllara bölünür,,,,[ ]
G0451,C-cekirdek,2,S2,silo,silaj; ensilaj,1930-01-01,1930-12-31,D2,tümü,anahtar kelime,İsabet sayısı çok yüksekse gazete gazete ve çeyrek yıllara bölünür,,,,[ ]
G0452,C-cekirdek,2,S2,silo,silaj; ensilaj,1931-01-01,1931-12-31,D2,tümü,anahtar kelime,İsabet sayısı çok yüksekse gazete gazete ve çeyrek yıllara bölünür,,,,[ ]
G0453,C-cekirdek,2,S2,silo,silaj; ensilaj,1932-01-01,1932-12-31,D2,tümü,anahtar kelime,İsabet sayısı çok yüksekse gazete gazete ve çeyrek yıllara bölünür,,,,[ ]
G0454,C-cekirdek,2,S2,silo,silaj; ensilaj,1933-01-01,1933-12-31,D2,tümü,anahtar kelime,İsabet sayısı çok yüksekse gazete gazete ve çeyrek yıllara bölünür,,,,[ ]
G0455,C-cekirdek,2,S2,silo,silaj; ensilaj,1934-01-01,1934-12-31,D3,tümü,anahtar kelime,İsabet sayısı çok yüksekse gazete gazete ve çeyrek yıllara bölünür,,,,[ ]
G0456,C-cekirdek,2,S2,silo,silaj; ensilaj,1935-01-01,1935-12-31,D3,tümü,anahtar kelime,İsabet sayısı çok yüksekse gazete gazete ve çeyrek yıllara bölünür,,,,[ ]
G0457,C-cekirdek,2,S2,silo,silaj; ensilaj,1936-01-01,1936-12-31,D3,tümü,anahtar kelime,İsabet sayısı çok yüksekse gazete gazete ve çeyrek yıllara bölünür,,,,[ ]
G0458,C-cekirdek,2,S2,silo,silaj; ensilaj,1937-01-01,1937-12-31,D3,tümü,anahtar kelime,İsabet sayısı çok yüksekse gazete gazete ve çeyrek yıllara bölünür,,,,[ ]
G0459,C-cekirdek,2,S2,silo,silaj; ensilaj,1938-01-01,1938-12-31,D3,tümü,anahtar kelime,İsabet sayısı çok yüksekse gazete gazete ve çeyrek yıllara bölünür,,,,[ ]
G0460,C-cekirdek,2,S2,silo,silaj; ensilaj,1939-01-01,1939-12-31,D4,tümü,anahtar kelime,İsabet sayısı çok yüksekse gazete gazete ve çeyrek yıllara bölünür,,,,[ ]
G0461,C-cekirdek,2,S2,silo,silaj; ensilaj,1940-01-01,1940-12-31,D4,tümü,anahtar kelime,İsabet sayısı çok yüksekse gazete gazete ve çeyrek yıllara bölünür,,,,[ ]
G0462,C-cekirdek,2,S2,silo,silaj; ensilaj,1941-01-01,1941-12-31,D4,tümü,anahtar kelime,İsabet sayısı çok yüksekse gazete gazete ve çeyrek yıllara bölünür,,,,[ ]
G0463,C-cekirdek,2,S2,silo,silaj; ensilaj,1942-01-01,1942-12-31,D4,tümü,anahtar kelime,İsabet sayısı çok yüksekse gazete gazete ve çeyrek yıllara bölünür,,,,[ ]
G0464,C-cekirdek,2,S2,silo,silaj; ensilaj,1943-01-01,1943-12-31,D4,tümü,anahtar kelime,İsabet sayısı çok yüksekse gazete gazete ve çeyrek yıllara bölünür,,,,[ ]
G0465,C-cekirdek,2,S2,silo,silaj; ensilaj,1944-01-01,1944-12-31,D4,tümü,anahtar kelime,İsabet sayısı çok yüksekse gazete gazete ve çeyrek yıllara bölünür,,,,[ ]
G0466,C-cekirdek,2,S2,silo,silaj; ensilaj,1945-01-01,1945-12-31,D4,tümü,anahtar kelime,İsabet sayısı çok yüksekse gazete gazete ve çeyrek yıllara bölünür,,,,[ ]
G0467,C-cekirdek,2,S2,silo,silaj; ensilaj,1946-01-01,1946-12-31,D5,tümü,anahtar kelime,İsabet sayısı çok yüksekse gazete gazete ve çeyrek yıllara bölünür,,,,[ ]
G0468,C-cekirdek,2,S2,silo,silaj; ensilaj,1947-01-01,1947-12-31,D5,tümü,anahtar kelime,İsabet sayısı çok yüksekse gazete gazete ve çeyrek yıllara bölünür,,,,[ ]
G0469,C-cekirdek,2,S2,silo,silaj; ensilaj,1948-01-01,1948-12-31,D5,tümü,anahtar kelime,İsabet sayısı çok yüksekse gazete gazete ve çeyrek yıllara bölünür,,,,[ ]
G0470,C-cekirdek,2,S2,silo,silaj; ensilaj,1949-01-01,1949-12-31,D5,tümü,anahtar kelime,İsabet sayısı çok yüksekse gazete gazete ve çeyrek yıllara bölünür,,,,[ ]
G0471,C-cekirdek,2,S2,silo,silaj; ensilaj,1950-01-01,1950-12-31,D5,tümü,anahtar kelime,İsabet sayısı çok yüksekse gazete gazete ve çeyrek yıllara bölünür,,,,[ ]
G0472,C-cekirdek,2,S2,mera,mer'a; otlak; yaylak; kışlak,1929-01-01,1929-12-31,D2,tümü,anahtar kelime,İsabet sayısı çok yüksekse gazete gazete ve çeyrek yıllara bölünür,,,,[ ]
G0473,C-cekirdek,2,S2,mera,mer'a; otlak; yaylak; kışlak,1930-01-01,1930-12-31,D2,tümü,anahtar kelime,İsabet sayısı çok yüksekse gazete gazete ve çeyrek yıllara bölünür,,,,[ ]
G0474,C-cekirdek,2,S2,mera,mer'a; otlak; yaylak; kışlak,1931-01-01,1931-12-31,D2,tümü,anahtar kelime,İsabet sayısı çok yüksekse gazete gazete ve çeyrek yıllara bölünür,,,,[ ]
G0475,C-cekirdek,2,S2,mera,mer'a; otlak; yaylak; kışlak,1932-01-01,1932-12-31,D2,tümü,anahtar kelime,İsabet sayısı çok yüksekse gazete gazete ve çeyrek yıllara bölünür,,,,[ ]
G0476,C-cekirdek,2,S2,mera,mer'a; otlak; yaylak; kışlak,1933-01-01,1933-12-31,D2,tümü,anahtar kelime,İsabet sayısı çok yüksekse gazete gazete ve çeyrek yıllara bölünür,,,,[ ]
G0477,C-cekirdek,2,S2,mera,mer'a; otlak; yaylak; kışlak,1934-01-01,1934-12-31,D3,tümü,anahtar kelime,İsabet sayısı çok yüksekse gazete gazete ve çeyrek yıllara bölünür,,,,[ ]
G0478,C-cekirdek,2,S2,mera,mer'a; otlak; yaylak; kışlak,1935-01-01,1935-12-31,D3,tümü,anahtar kelime,İsabet sayısı çok yüksekse gazete gazete ve çeyrek yıllara bölünür,,,,[ ]
G0479,C-cekirdek,2,S2,mera,mer'a; otlak; yaylak; kışlak,1936-01-01,1936-12-31,D3,tümü,anahtar kelime,İsabet sayısı çok yüksekse gazete gazete ve çeyrek yıllara bölünür,,,,[ ]
G0480,C-cekirdek,2,S2,mera,mer'a; otlak; yaylak; kışlak,1937-01-01,1937-12-31,D3,tümü,anahtar kelime,İsabet sayısı çok yüksekse gazete gazete ve çeyrek yıllara bölünür,,,,[ ]
G0481,C-cekirdek,2,S2,mera,mer'a; otlak; yaylak; kışlak,1938-01-01,1938-12-31,D3,tümü,anahtar kelime,İsabet sayısı çok yüksekse gazete gazete ve çeyrek yıllara bölünür,,,,[ ]
G0482,C-cekirdek,2,S2,mera,mer'a; otlak; yaylak; kışlak,1939-01-01,1939-12-31,D4,tümü,anahtar kelime,İsabet sayısı çok yüksekse gazete gazete ve çeyrek yıllara bölünür,,,,[ ]
G0483,C-cekirdek,2,S2,mera,mer'a; otlak; yaylak; kışlak,1940-01-01,1940-12-31,D4,tümü,anahtar kelime,İsabet sayısı çok yüksekse gazete gazete ve çeyrek yıllara bölünür,,,,[ ]
G0484,C-cekirdek,2,S2,mera,mer'a; otlak; yaylak; kışlak,1941-01-01,1941-12-31,D4,tümü,anahtar kelime,İsabet sayısı çok yüksekse gazete gazete ve çeyrek yıllara bölünür,,,,[ ]
G0485,C-cekirdek,2,S2,mera,mer'a; otlak; yaylak; kışlak,1942-01-01,1942-12-31,D4,tümü,anahtar kelime,İsabet sayısı çok yüksekse gazete gazete ve çeyrek yıllara bölünür,,,,[ ]
G0486,C-cekirdek,2,S2,mera,mer'a; otlak; yaylak; kışlak,1943-01-01,1943-12-31,D4,tümü,anahtar kelime,İsabet sayısı çok yüksekse gazete gazete ve çeyrek yıllara bölünür,,,,[ ]
G0487,C-cekirdek,2,S2,mera,mer'a; otlak; yaylak; kışlak,1944-01-01,1944-12-31,D4,tümü,anahtar kelime,İsabet sayısı çok yüksekse gazete gazete ve çeyrek yıllara bölünür,,,,[ ]
G0488,C-cekirdek,2,S2,mera,mer'a; otlak; yaylak; kışlak,1945-01-01,1945-12-31,D4,tümü,anahtar kelime,İsabet sayısı çok yüksekse gazete gazete ve çeyrek yıllara bölünür,,,,[ ]
G0489,C-cekirdek,2,S2,mera,mer'a; otlak; yaylak; kışlak,1946-01-01,1946-12-31,D5,tümü,anahtar kelime,İsabet sayısı çok yüksekse gazete gazete ve çeyrek yıllara bölünür,,,,[ ]
G0490,C-cekirdek,2,S2,mera,mer'a; otlak; yaylak; kışlak,1947-01-01,1947-12-31,D5,tümü,anahtar kelime,İsabet sayısı çok yüksekse gazete gazete ve çeyrek yıllara bölünür,,,,[ ]
G0491,C-cekirdek,2,S2,mera,mer'a; otlak; yaylak; kışlak,1948-01-01,1948-12-31,D5,tümü,anahtar kelime,İsabet sayısı çok yüksekse gazete gazete ve çeyrek yıllara bölünür,,,,[ ]
G0492,C-cekirdek,2,S2,mera,mer'a; otlak; yaylak; kışlak,1949-01-01,1949-12-31,D5,tümü,anahtar kelime,İsabet sayısı çok yüksekse gazete gazete ve çeyrek yıllara bölünür,,,,[ ]
G0493,C-cekirdek,2,S2,mera,mer'a; otlak; yaylak; kışlak,1950-01-01,1950-12-31,D5,tümü,anahtar kelime,İsabet sayısı çok yüksekse gazete gazete ve çeyrek yıllara bölünür,,,,[ ]
G0494,C-cekirdek,2,S2,yem bitkileri,yem nebatları; yem nebatatı,1929-01-01,1929-12-31,D2,tümü,anahtar kelime,İsabet sayısı çok yüksekse gazete gazete ve çeyrek yıllara bölünür,,,,[ ]
G0495,C-cekirdek,2,S2,yem bitkileri,yem nebatları; yem nebatatı,1930-01-01,1930-12-31,D2,tümü,anahtar kelime,İsabet sayısı çok yüksekse gazete gazete ve çeyrek yıllara bölünür,,,,[ ]
G0496,C-cekirdek,2,S2,yem bitkileri,yem nebatları; yem nebatatı,1931-01-01,1931-12-31,D2,tümü,anahtar kelime,İsabet sayısı çok yüksekse gazete gazete ve çeyrek yıllara bölünür,,,,[ ]
G0497,C-cekirdek,2,S2,yem bitkileri,yem nebatları; yem nebatatı,1932-01-01,1932-12-31,D2,tümü,anahtar kelime,İsabet sayısı çok yüksekse gazete gazete ve çeyrek yıllara bölünür,,,,[ ]
G0498,C-cekirdek,2,S2,yem bitkileri,yem nebatları; yem nebatatı,1933-01-01,1933-12-31,D2,tümü,anahtar kelime,İsabet sayısı çok yüksekse gazete gazete ve çeyrek yıllara bölünür,,,,[ ]
G0499,C-cekirdek,2,S2,yem bitkileri,yem nebatları; yem nebatatı,1934-01-01,1934-12-31,D3,tümü,anahtar kelime,İsabet sayısı çok yüksekse gazete gazete ve çeyrek yıllara bölünür,,,,[ ]
G0500,C-cekirdek,2,S2,yem bitkileri,yem nebatları; yem nebatatı,1935-01-01,1935-12-31,D3,tümü,anahtar kelime,İsabet sayısı çok yüksekse gazete gazete ve çeyrek yıllara bölünür,,,,[ ]
G0501,C-cekirdek,2,S2,yem bitkileri,yem nebatları; yem nebatatı,1936-01-01,1936-12-31,D3,tümü,anahtar kelime,İsabet sayısı çok yüksekse gazete gazete ve çeyrek yıllara bölünür,,,,[ ]
G0502,C-cekirdek,2,S2,yem bitkileri,yem nebatları; yem nebatatı,1937-01-01,1937-12-31,D3,tümü,anahtar kelime,İsabet sayısı çok yüksekse gazete gazete ve çeyrek yıllara bölünür,,,,[ ]
G0503,C-cekirdek,2,S2,yem bitkileri,yem nebatları; yem nebatatı,1938-01-01,1938-12-31,D3,tümü,anahtar kelime,İsabet sayısı çok yüksekse gazete gazete ve çeyrek yıllara bölünür,,,,[ ]
G0504,C-cekirdek,2,S2,yem bitkileri,yem nebatları; yem nebatatı,1939-01-01,1939-12-31,D4,tümü,anahtar kelime,İsabet sayısı çok yüksekse gazete gazete ve çeyrek yıllara bölünür,,,,[ ]
G0505,C-cekirdek,2,S2,yem bitkileri,yem nebatları; yem nebatatı,1940-01-01,1940-12-31,D4,tümü,anahtar kelime,İsabet sayısı çok yüksekse gazete gazete ve çeyrek yıllara bölünür,,,,[ ]
G0506,C-cekirdek,2,S2,yem bitkileri,yem nebatları; yem nebatatı,1941-01-01,1941-12-31,D4,tümü,anahtar kelime,İsabet sayısı çok yüksekse gazete gazete ve çeyrek yıllara bölünür,,,,[ ]
G0507,C-cekirdek,2,S2,yem bitkileri,yem nebatları; yem nebatatı,1942-01-01,1942-12-31,D4,tümü,anahtar kelime,İsabet sayısı çok yüksekse gazete gazete ve çeyrek yıllara bölünür,,,,[ ]
G0508,C-cekirdek,2,S2,yem bitkileri,yem nebatları; yem nebatatı,1943-01-01,1943-12-31,D4,tümü,anahtar kelime,İsabet sayısı çok yüksekse gazete gazete ve çeyrek yıllara bölünür,,,,[ ]
G0509,C-cekirdek,2,S2,yem bitkileri,yem nebatları; yem nebatatı,1944-01-01,1944-12-31,D4,tümü,anahtar kelime,İsabet sayısı çok yüksekse gazete gazete ve çeyrek yıllara bölünür,,,,[ ]
G0510,C-cekirdek,2,S2,yem bitkileri,yem nebatları; yem nebatatı,1945-01-01,1945-12-31,D4,tümü,anahtar kelime,İsabet sayısı çok yüksekse gazete gazete ve çeyrek yıllara bölünür,,,,[ ]
G0511,C-cekirdek,2,S2,yem bitkileri,yem nebatları; yem nebatatı,1946-01-01,1946-12-31,D5,tümü,anahtar kelime,İsabet sayısı çok yüksekse gazete gazete ve çeyrek yıllara bölünür,,,,[ ]
G0512,C-cekirdek,2,S2,yem bitkileri,yem nebatları; yem nebatatı,1947-01-01,1947-12-31,D5,tümü,anahtar kelime,İsabet sayısı çok yüksekse gazete gazete ve çeyrek yıllara bölünür,,,,[ ]
G0513,C-cekirdek,2,S2,yem bitkileri,yem nebatları; yem nebatatı,1948-01-01,1948-12-31,D5,tümü,anahtar kelime,İsabet sayısı çok yüksekse gazete gazete ve çeyrek yıllara bölünür,,,,[ ]
G0514,C-cekirdek,2,S2,yem bitkileri,yem nebatları; yem nebatatı,1949-01-01,1949-12-31,D5,tümü,anahtar kelime,İsabet sayısı çok yüksekse gazete gazete ve çeyrek yıllara bölünür,,,,[ ]
G0515,C-cekirdek,2,S2,yem bitkileri,yem nebatları; yem nebatatı,1950-01-01,1950-12-31,D5,tümü,anahtar kelime,İsabet sayısı çok yüksekse gazete gazete ve çeyrek yıllara bölünür,,,,[ ]
G0516,C-cekirdek,2,S2,kuru ot,saman; ot darlığı,1929-01-01,1929-12-31,D2,tümü,anahtar kelime,İsabet sayısı çok yüksekse gazete gazete ve çeyrek yıllara bölünür,,,,[ ]
G0517,C-cekirdek,2,S2,kuru ot,saman; ot darlığı,1930-01-01,1930-12-31,D2,tümü,anahtar kelime,İsabet sayısı çok yüksekse gazete gazete ve çeyrek yıllara bölünür,,,,[ ]
G0518,C-cekirdek,2,S2,kuru ot,saman; ot darlığı,1931-01-01,1931-12-31,D2,tümü,anahtar kelime,İsabet sayısı çok yüksekse gazete gazete ve çeyrek yıllara bölünür,,,,[ ]
G0519,C-cekirdek,2,S2,kuru ot,saman; ot darlığı,1932-01-01,1932-12-31,D2,tümü,anahtar kelime,İsabet sayısı çok yüksekse gazete gazete ve çeyrek yıllara bölünür,,,,[ ]
G0520,C-cekirdek,2,S2,kuru ot,saman; ot darlığı,1933-01-01,1933-12-31,D2,tümü,anahtar kelime,İsabet sayısı çok yüksekse gazete gazete ve çeyrek yıllara bölünür,,,,[ ]
G0521,C-cekirdek,2,S2,kuru ot,saman; ot darlığı,1934-01-01,1934-12-31,D3,tümü,anahtar kelime,İsabet sayısı çok yüksekse gazete gazete ve çeyrek yıllara bölünür,,,,[ ]
G0522,C-cekirdek,2,S2,kuru ot,saman; ot darlığı,1935-01-01,1935-12-31,D3,tümü,anahtar kelime,İsabet sayısı çok yüksekse gazete gazete ve çeyrek yıllara bölünür,,,,[ ]
G0523,C-cekirdek,2,S2,kuru ot,saman; ot darlığı,1936-01-01,1936-12-31,D3,tümü,anahtar kelime,İsabet sayısı çok yüksekse gazete gazete ve çeyrek yıllara bölünür,,,,[ ]
G0524,C-cekirdek,2,S2,kuru ot,saman; ot darlığı,1937-01-01,1937-12-31,D3,tümü,anahtar kelime,İsabet sayısı çok yüksekse gazete gazete ve çeyrek yıllara bölünür,,,,[ ]
G0525,C-cekirdek,2,S2,kuru ot,saman; ot darlığı,1938-01-01,1938-12-31,D3,tümü,anahtar kelime,İsabet sayısı çok yüksekse gazete gazete ve çeyrek yıllara bölünür,,,,[ ]
G0526,C-cekirdek,2,S2,kuru ot,saman; ot darlığı,1939-01-01,1939-12-31,D4,tümü,anahtar kelime,İsabet sayısı çok yüksekse gazete gazete ve çeyrek yıllara bölünür,,,,[ ]
G0527,C-cekirdek,2,S2,kuru ot,saman; ot darlığı,1940-01-01,1940-12-31,D4,tümü,anahtar kelime,İsabet sayısı çok yüksekse gazete gazete ve çeyrek yıllara bölünür,,,,[ ]
G0528,C-cekirdek,2,S2,kuru ot,saman; ot darlığı,1941-01-01,1941-12-31,D4,tümü,anahtar kelime,İsabet sayısı çok yüksekse gazete gazete ve çeyrek yıllara bölünür,,,,[ ]
G0529,C-cekirdek,2,S2,kuru ot,saman; ot darlığı,1942-01-01,1942-12-31,D4,tümü,anahtar kelime,İsabet sayısı çok yüksekse gazete gazete ve çeyrek yıllara bölünür,,,,[ ]
G0530,C-cekirdek,2,S2,kuru ot,saman; ot darlığı,1943-01-01,1943-12-31,D4,tümü,anahtar kelime,İsabet sayısı çok yüksekse gazete gazete ve çeyrek yıllara bölünür,,,,[ ]
G0531,C-cekirdek,2,S2,kuru ot,saman; ot darlığı,1944-01-01,1944-12-31,D4,tümü,anahtar kelime,İsabet sayısı çok yüksekse gazete gazete ve çeyrek yıllara bölünür,,,,[ ]
G0532,C-cekirdek,2,S2,kuru ot,saman; ot darlığı,1945-01-01,1945-12-31,D4,tümü,anahtar kelime,İsabet sayısı çok yüksekse gazete gazete ve çeyrek yıllara bölünür,,,,[ ]
G0533,C-cekirdek,2,S2,kuru ot,saman; ot darlığı,1946-01-01,1946-12-31,D5,tümü,anahtar kelime,İsabet sayısı çok yüksekse gazete gazete ve çeyrek yıllara bölünür,,,,[ ]
G0534,C-cekirdek,2,S2,kuru ot,saman; ot darlığı,1947-01-01,1947-12-31,D5,tümü,anahtar kelime,İsabet sayısı çok yüksekse gazete gazete ve çeyrek yıllara bölünür,,,,[ ]
G0535,C-cekirdek,2,S2,kuru ot,saman; ot darlığı,1948-01-01,1948-12-31,D5,tümü,anahtar kelime,İsabet sayısı çok yüksekse gazete gazete ve çeyrek yıllara bölünür,,,,[ ]
G0536,C-cekirdek,2,S2,kuru ot,saman; ot darlığı,1949-01-01,1949-12-31,D5,tümü,anahtar kelime,İsabet sayısı çok yüksekse gazete gazete ve çeyrek yıllara bölünür,,,,[ ]
G0537,C-cekirdek,2,S2,kuru ot,saman; ot darlığı,1950-01-01,1950-12-31,D5,tümü,anahtar kelime,İsabet sayısı çok yüksekse gazete gazete ve çeyrek yıllara bölünür,,,,[ ]
G0538,C-cekirdek,2,S2,küspe,küsbe; pamuk tohumu küspesi; kepek,1929-01-01,1929-12-31,D2,tümü,anahtar kelime,İsabet sayısı çok yüksekse gazete gazete ve çeyrek yıllara bölünür,,,,[ ]
G0539,C-cekirdek,2,S2,küspe,küsbe; pamuk tohumu küspesi; kepek,1930-01-01,1930-12-31,D2,tümü,anahtar kelime,İsabet sayısı çok yüksekse gazete gazete ve çeyrek yıllara bölünür,,,,[ ]
G0540,C-cekirdek,2,S2,küspe,küsbe; pamuk tohumu küspesi; kepek,1931-01-01,1931-12-31,D2,tümü,anahtar kelime,İsabet sayısı çok yüksekse gazete gazete ve çeyrek yıllara bölünür,,,,[ ]
G0541,C-cekirdek,2,S2,küspe,küsbe; pamuk tohumu küspesi; kepek,1932-01-01,1932-12-31,D2,tümü,anahtar kelime,İsabet sayısı çok yüksekse gazete gazete ve çeyrek yıllara bölünür,,,,[ ]
G0542,C-cekirdek,2,S2,küspe,küsbe; pamuk tohumu küspesi; kepek,1933-01-01,1933-12-31,D2,tümü,anahtar kelime,İsabet sayısı çok yüksekse gazete gazete ve çeyrek yıllara bölünür,,,,[ ]
G0543,C-cekirdek,2,S2,küspe,küsbe; pamuk tohumu küspesi; kepek,1934-01-01,1934-12-31,D3,tümü,anahtar kelime,İsabet sayısı çok yüksekse gazete gazete ve çeyrek yıllara bölünür,,,,[ ]
G0544,C-cekirdek,2,S2,küspe,küsbe; pamuk tohumu küspesi; kepek,1935-01-01,1935-12-31,D3,tümü,anahtar kelime,İsabet sayısı çok yüksekse gazete gazete ve çeyrek yıllara bölünür,,,,[ ]
G0545,C-cekirdek,2,S2,küspe,küsbe; pamuk tohumu küspesi; kepek,1936-01-01,1936-12-31,D3,tümü,anahtar kelime,İsabet sayısı çok yüksekse gazete gazete ve çeyrek yıllara bölünür,,,,[ ]
G0546,C-cekirdek,2,S2,küspe,küsbe; pamuk tohumu küspesi; kepek,1937-01-01,1937-12-31,D3,tümü,anahtar kelime,İsabet sayısı çok yüksekse gazete gazete ve çeyrek yıllara bölünür,,,,[ ]
G0547,C-cekirdek,2,S2,küspe,küsbe; pamuk tohumu küspesi; kepek,1938-01-01,1938-12-31,D3,tümü,anahtar kelime,İsabet sayısı çok yüksekse gazete gazete ve çeyrek yıllara bölünür,,,,[ ]
G0548,C-cekirdek,2,S2,küspe,küsbe; pamuk tohumu küspesi; kepek,1939-01-01,1939-12-31,D4,tümü,anahtar kelime,İsabet sayısı çok yüksekse gazete gazete ve çeyrek yıllara bölünür,,,,[ ]
G0549,C-cekirdek,2,S2,küspe,küsbe; pamuk tohumu küspesi; kepek,1940-01-01,1940-12-31,D4,tümü,anahtar kelime,İsabet sayısı çok yüksekse gazete gazete ve çeyrek yıllara bölünür,,,,[ ]
G0550,C-cekirdek,2,S2,küspe,küsbe; pamuk tohumu küspesi; kepek,1941-01-01,1941-12-31,D4,tümü,anahtar kelime,İsabet sayısı çok yüksekse gazete gazete ve çeyrek yıllara bölünür,,,,[ ]
G0551,C-cekirdek,2,S2,küspe,küsbe; pamuk tohumu küspesi; kepek,1942-01-01,1942-12-31,D4,tümü,anahtar kelime,İsabet sayısı çok yüksekse gazete gazete ve çeyrek yıllara bölünür,,,,[ ]
G0552,C-cekirdek,2,S2,küspe,küsbe; pamuk tohumu küspesi; kepek,1943-01-01,1943-12-31,D4,tümü,anahtar kelime,İsabet sayısı çok yüksekse gazete gazete ve çeyrek yıllara bölünür,,,,[ ]
G0553,C-cekirdek,2,S2,küspe,küsbe; pamuk tohumu küspesi; kepek,1944-01-01,1944-12-31,D4,tümü,anahtar kelime,İsabet sayısı çok yüksekse gazete gazete ve çeyrek yıllara bölünür,,,,[ ]
G0554,C-cekirdek,2,S2,küspe,küsbe; pamuk tohumu küspesi; kepek,1945-01-01,1945-12-31,D4,tümü,anahtar kelime,İsabet sayısı çok yüksekse gazete gazete ve çeyrek yıllara bölünür,,,,[ ]
G0555,C-cekirdek,2,S2,küspe,küsbe; pamuk tohumu küspesi; kepek,1946-01-01,1946-12-31,D5,tümü,anahtar kelime,İsabet sayısı çok yüksekse gazete gazete ve çeyrek yıllara bölünür,,,,[ ]
G0556,C-cekirdek,2,S2,küspe,küsbe; pamuk tohumu küspesi; kepek,1947-01-01,1947-12-31,D5,tümü,anahtar kelime,İsabet sayısı çok yüksekse gazete gazete ve çeyrek yıllara bölünür,,,,[ ]
G0557,C-cekirdek,2,S2,küspe,küsbe; pamuk tohumu küspesi; kepek,1948-01-01,1948-12-31,D5,tümü,anahtar kelime,İsabet sayısı çok yüksekse gazete gazete ve çeyrek yıllara bölünür,,,,[ ]
G0558,C-cekirdek,2,S2,küspe,küsbe; pamuk tohumu küspesi; kepek,1949-01-01,1949-12-31,D5,tümü,anahtar kelime,İsabet sayısı çok yüksekse gazete gazete ve çeyrek yıllara bölünür,,,,[ ]
G0559,C-cekirdek,2,S2,küspe,küsbe; pamuk tohumu küspesi; kepek,1950-01-01,1950-12-31,D5,tümü,anahtar kelime,İsabet sayısı çok yüksekse gazete gazete ve çeyrek yıllara bölünür,,,,[ ]
G0560,C-cekirdek,2,S3,baytar,baytarlık; baytari; baytarî,1929-01-01,1929-12-31,D2,tümü,anahtar kelime,İsabet sayısı çok yüksekse gazete gazete ve çeyrek yıllara bölünür,,,,[ ]
G0561,C-cekirdek,2,S3,baytar,baytarlık; baytari; baytarî,1930-01-01,1930-12-31,D2,tümü,anahtar kelime,İsabet sayısı çok yüksekse gazete gazete ve çeyrek yıllara bölünür,,,,[ ]
G0562,C-cekirdek,2,S3,baytar,baytarlık; baytari; baytarî,1931-01-01,1931-12-31,D2,tümü,anahtar kelime,İsabet sayısı çok yüksekse gazete gazete ve çeyrek yıllara bölünür,,,,[ ]
G0563,C-cekirdek,2,S3,baytar,baytarlık; baytari; baytarî,1932-01-01,1932-12-31,D2,tümü,anahtar kelime,İsabet sayısı çok yüksekse gazete gazete ve çeyrek yıllara bölünür,,,,[ ]
G0564,C-cekirdek,2,S3,baytar,baytarlık; baytari; baytarî,1933-01-01,1933-12-31,D2,tümü,anahtar kelime,İsabet sayısı çok yüksekse gazete gazete ve çeyrek yıllara bölünür,,,,[ ]
G0565,C-cekirdek,2,S3,baytar,baytarlık; baytari; baytarî,1934-01-01,1934-12-31,D3,tümü,anahtar kelime,İsabet sayısı çok yüksekse gazete gazete ve çeyrek yıllara bölünür,,,,[ ]
G0566,C-cekirdek,2,S3,baytar,baytarlık; baytari; baytarî,1935-01-01,1935-12-31,D3,tümü,anahtar kelime,İsabet sayısı çok yüksekse gazete gazete ve çeyrek yıllara bölünür,,,,[ ]
G0567,C-cekirdek,2,S3,baytar,baytarlık; baytari; baytarî,1936-01-01,1936-12-31,D3,tümü,anahtar kelime,İsabet sayısı çok yüksekse gazete gazete ve çeyrek yıllara bölünür,,,,[ ]
G0568,C-cekirdek,2,S3,baytar,baytarlık; baytari; baytarî,1937-01-01,1937-12-31,D3,tümü,anahtar kelime,İsabet sayısı çok yüksekse gazete gazete ve çeyrek yıllara bölünür,,,,[ ]
G0569,C-cekirdek,2,S3,baytar,baytarlık; baytari; baytarî,1938-01-01,1938-12-31,D3,tümü,anahtar kelime,İsabet sayısı çok yüksekse gazete gazete ve çeyrek yıllara bölünür,,,,[ ]
G0570,C-cekirdek,2,S3,baytar,baytarlık; baytari; baytarî,1939-01-01,1939-12-31,D4,tümü,anahtar kelime,İsabet sayısı çok yüksekse gazete gazete ve çeyrek yıllara bölünür,,,,[ ]
G0571,C-cekirdek,2,S3,baytar,baytarlık; baytari; baytarî,1940-01-01,1940-12-31,D4,tümü,anahtar kelime,İsabet sayısı çok yüksekse gazete gazete ve çeyrek yıllara bölünür,,,,[ ]
G0572,C-cekirdek,2,S3,baytar,baytarlık; baytari; baytarî,1941-01-01,1941-12-31,D4,tümü,anahtar kelime,İsabet sayısı çok yüksekse gazete gazete ve çeyrek yıllara bölünür,,,,[ ]
G0573,C-cekirdek,2,S3,baytar,baytarlık; baytari; baytarî,1942-01-01,1942-12-31,D4,tümü,anahtar kelime,İsabet sayısı çok yüksekse gazete gazete ve çeyrek yıllara bölünür,,,,[ ]
G0574,C-cekirdek,2,S3,baytar,baytarlık; baytari; baytarî,1943-01-01,1943-12-31,D4,tümü,anahtar kelime,İsabet sayısı çok yüksekse gazete gazete ve çeyrek yıllara bölünür,,,,[ ]
G0575,C-cekirdek,2,S3,baytar,baytarlık; baytari; baytarî,1944-01-01,1944-12-31,D4,tümü,anahtar kelime,İsabet sayısı çok yüksekse gazete gazete ve çeyrek yıllara bölünür,,,,[ ]
G0576,C-cekirdek,2,S3,baytar,baytarlık; baytari; baytarî,1945-01-01,1945-12-31,D4,tümü,anahtar kelime,İsabet sayısı çok yüksekse gazete gazete ve çeyrek yıllara bölünür,,,,[ ]
G0577,C-cekirdek,2,S3,baytar,baytarlık; baytari; baytarî,1946-01-01,1946-12-31,D5,tümü,anahtar kelime,İsabet sayısı çok yüksekse gazete gazete ve çeyrek yıllara bölünür,,,,[ ]
G0578,C-cekirdek,2,S3,baytar,baytarlık; baytari; baytarî,1947-01-01,1947-12-31,D5,tümü,anahtar kelime,İsabet sayısı çok yüksekse gazete gazete ve çeyrek yıllara bölünür,,,,[ ]
G0579,C-cekirdek,2,S3,baytar,baytarlık; baytari; baytarî,1948-01-01,1948-12-31,D5,tümü,anahtar kelime,İsabet sayısı çok yüksekse gazete gazete ve çeyrek yıllara bölünür,,,,[ ]
G0580,C-cekirdek,2,S3,baytar,baytarlık; baytari; baytarî,1949-01-01,1949-12-31,D5,tümü,anahtar kelime,İsabet sayısı çok yüksekse gazete gazete ve çeyrek yıllara bölünür,,,,[ ]
G0581,C-cekirdek,2,S3,baytar,baytarlık; baytari; baytarî,1950-01-01,1950-12-31,D5,tümü,anahtar kelime,İsabet sayısı çok yüksekse gazete gazete ve çeyrek yıllara bölünür,,,,[ ]
G0582,C-cekirdek,2,S3,veteriner,veterinerlik; veteriner fakültesi,1929-01-01,1929-12-31,D2,tümü,anahtar kelime,İsabet sayısı çok yüksekse gazete gazete ve çeyrek yıllara bölünür,,,,[ ]
G0583,C-cekirdek,2,S3,veteriner,veterinerlik; veteriner fakültesi,1930-01-01,1930-12-31,D2,tümü,anahtar kelime,İsabet sayısı çok yüksekse gazete gazete ve çeyrek yıllara bölünür,,,,[ ]
G0584,C-cekirdek,2,S3,veteriner,veterinerlik; veteriner fakültesi,1931-01-01,1931-12-31,D2,tümü,anahtar kelime,İsabet sayısı çok yüksekse gazete gazete ve çeyrek yıllara bölünür,,,,[ ]
G0585,C-cekirdek,2,S3,veteriner,veterinerlik; veteriner fakültesi,1932-01-01,1932-12-31,D2,tümü,anahtar kelime,İsabet sayısı çok yüksekse gazete gazete ve çeyrek yıllara bölünür,,,,[ ]
G0586,C-cekirdek,2,S3,veteriner,veterinerlik; veteriner fakültesi,1933-01-01,1933-12-31,D2,tümü,anahtar kelime,İsabet sayısı çok yüksekse gazete gazete ve çeyrek yıllara bölünür,,,,[ ]
G0587,C-cekirdek,2,S3,veteriner,veterinerlik; veteriner fakültesi,1934-01-01,1934-12-31,D3,tümü,anahtar kelime,İsabet sayısı çok yüksekse gazete gazete ve çeyrek yıllara bölünür,,,,[ ]
G0588,C-cekirdek,2,S3,veteriner,veterinerlik; veteriner fakültesi,1935-01-01,1935-12-31,D3,tümü,anahtar kelime,İsabet sayısı çok yüksekse gazete gazete ve çeyrek yıllara bölünür,,,,[ ]
G0589,C-cekirdek,2,S3,veteriner,veterinerlik; veteriner fakültesi,1936-01-01,1936-12-31,D3,tümü,anahtar kelime,İsabet sayısı çok yüksekse gazete gazete ve çeyrek yıllara bölünür,,,,[ ]
G0590,C-cekirdek,2,S3,veteriner,veterinerlik; veteriner fakültesi,1937-01-01,1937-12-31,D3,tümü,anahtar kelime,İsabet sayısı çok yüksekse gazete gazete ve çeyrek yıllara bölünür,,,,[ ]
G0591,C-cekirdek,2,S3,veteriner,veterinerlik; veteriner fakültesi,1938-01-01,1938-12-31,D3,tümü,anahtar kelime,İsabet sayısı çok yüksekse gazete gazete ve çeyrek yıllara bölünür,,,,[ ]
G0592,C-cekirdek,2,S3,veteriner,veterinerlik; veteriner fakültesi,1939-01-01,1939-12-31,D4,tümü,anahtar kelime,İsabet sayısı çok yüksekse gazete gazete ve çeyrek yıllara bölünür,,,,[ ]
G0593,C-cekirdek,2,S3,veteriner,veterinerlik; veteriner fakültesi,1940-01-01,1940-12-31,D4,tümü,anahtar kelime,İsabet sayısı çok yüksekse gazete gazete ve çeyrek yıllara bölünür,,,,[ ]
G0594,C-cekirdek,2,S3,veteriner,veterinerlik; veteriner fakültesi,1941-01-01,1941-12-31,D4,tümü,anahtar kelime,İsabet sayısı çok yüksekse gazete gazete ve çeyrek yıllara bölünür,,,,[ ]
G0595,C-cekirdek,2,S3,veteriner,veterinerlik; veteriner fakültesi,1942-01-01,1942-12-31,D4,tümü,anahtar kelime,İsabet sayısı çok yüksekse gazete gazete ve çeyrek yıllara bölünür,,,,[ ]
G0596,C-cekirdek,2,S3,veteriner,veterinerlik; veteriner fakültesi,1943-01-01,1943-12-31,D4,tümü,anahtar kelime,İsabet sayısı çok yüksekse gazete gazete ve çeyrek yıllara bölünür,,,,[ ]
G0597,C-cekirdek,2,S3,veteriner,veterinerlik; veteriner fakültesi,1944-01-01,1944-12-31,D4,tümü,anahtar kelime,İsabet sayısı çok yüksekse gazete gazete ve çeyrek yıllara bölünür,,,,[ ]
G0598,C-cekirdek,2,S3,veteriner,veterinerlik; veteriner fakültesi,1945-01-01,1945-12-31,D4,tümü,anahtar kelime,İsabet sayısı çok yüksekse gazete gazete ve çeyrek yıllara bölünür,,,,[ ]
G0599,C-cekirdek,2,S3,veteriner,veterinerlik; veteriner fakültesi,1946-01-01,1946-12-31,D5,tümü,anahtar kelime,İsabet sayısı çok yüksekse gazete gazete ve çeyrek yıllara bölünür,,,,[ ]
G0600,C-cekirdek,2,S3,veteriner,veterinerlik; veteriner fakültesi,1947-01-01,1947-12-31,D5,tümü,anahtar kelime,İsabet sayısı çok yüksekse gazete gazete ve çeyrek yıllara bölünür,,,,[ ]
G0601,C-cekirdek,2,S3,veteriner,veterinerlik; veteriner fakültesi,1948-01-01,1948-12-31,D5,tümü,anahtar kelime,İsabet sayısı çok yüksekse gazete gazete ve çeyrek yıllara bölünür,,,,[ ]
G0602,C-cekirdek,2,S3,veteriner,veterinerlik; veteriner fakültesi,1949-01-01,1949-12-31,D5,tümü,anahtar kelime,İsabet sayısı çok yüksekse gazete gazete ve çeyrek yıllara bölünür,,,,[ ]
G0603,C-cekirdek,2,S3,veteriner,veterinerlik; veteriner fakültesi,1950-01-01,1950-12-31,D5,tümü,anahtar kelime,İsabet sayısı çok yüksekse gazete gazete ve çeyrek yıllara bölünür,,,,[ ]
G0604,C-cekirdek,2,S3,sığır vebası,veba-i bakarî; veba; sığır vebasi,1929-01-01,1929-12-31,D2,tümü,anahtar kelime,İsabet sayısı çok yüksekse gazete gazete ve çeyrek yıllara bölünür,,,,[ ]
G0605,C-cekirdek,2,S3,sığır vebası,veba-i bakarî; veba; sığır vebasi,1930-01-01,1930-12-31,D2,tümü,anahtar kelime,İsabet sayısı çok yüksekse gazete gazete ve çeyrek yıllara bölünür,,,,[ ]
G0606,C-cekirdek,2,S3,sığır vebası,veba-i bakarî; veba; sığır vebasi,1931-01-01,1931-12-31,D2,tümü,anahtar kelime,İsabet sayısı çok yüksekse gazete gazete ve çeyrek yıllara bölünür,,,,[ ]
G0607,C-cekirdek,2,S3,sığır vebası,veba-i bakarî; veba; sığır vebasi,1932-01-01,1932-12-31,D2,tümü,anahtar kelime,İsabet sayısı çok yüksekse gazete gazete ve çeyrek yıllara bölünür,,,,[ ]
G0608,C-cekirdek,2,S3,sığır vebası,veba-i bakarî; veba; sığır vebasi,1933-01-01,1933-12-31,D2,tümü,anahtar kelime,İsabet sayısı çok yüksekse gazete gazete ve çeyrek yıllara bölünür,,,,[ ]
G0609,C-cekirdek,2,S3,sığır vebası,veba-i bakarî; veba; sığır vebasi,1934-01-01,1934-12-31,D3,tümü,anahtar kelime,İsabet sayısı çok yüksekse gazete gazete ve çeyrek yıllara bölünür,,,,[ ]
G0610,C-cekirdek,2,S3,sığır vebası,veba-i bakarî; veba; sığır vebasi,1935-01-01,1935-12-31,D3,tümü,anahtar kelime,İsabet sayısı çok yüksekse gazete gazete ve çeyrek yıllara bölünür,,,,[ ]
G0611,C-cekirdek,2,S3,sığır vebası,veba-i bakarî; veba; sığır vebasi,1936-01-01,1936-12-31,D3,tümü,anahtar kelime,İsabet sayısı çok yüksekse gazete gazete ve çeyrek yıllara bölünür,,,,[ ]
G0612,C-cekirdek,2,S3,sığır vebası,veba-i bakarî; veba; sığır vebasi,1937-01-01,1937-12-31,D3,tümü,anahtar kelime,İsabet sayısı çok yüksekse gazete gazete ve çeyrek yıllara bölünür,,,,[ ]
G0613,C-cekirdek,2,S3,sığır vebası,veba-i bakarî; veba; sığır vebasi,1938-01-01,1938-12-31,D3,tümü,anahtar kelime,İsabet sayısı çok yüksekse gazete gazete ve çeyrek yıllara bölünür,,,,[ ]
G0614,C-cekirdek,2,S3,sığır vebası,veba-i bakarî; veba; sığır vebasi,1939-01-01,1939-12-31,D4,tümü,anahtar kelime,İsabet sayısı çok yüksekse gazete gazete ve çeyrek yıllara bölünür,,,,[ ]
G0615,C-cekirdek,2,S3,sığır vebası,veba-i bakarî; veba; sığır vebasi,1940-01-01,1940-12-31,D4,tümü,anahtar kelime,İsabet sayısı çok yüksekse gazete gazete ve çeyrek yıllara bölünür,,,,[ ]
G0616,C-cekirdek,2,S3,sığır vebası,veba-i bakarî; veba; sığır vebasi,1941-01-01,1941-12-31,D4,tümü,anahtar kelime,İsabet sayısı çok yüksekse gazete gazete ve çeyrek yıllara bölünür,,,,[ ]
G0617,C-cekirdek,2,S3,sığır vebası,veba-i bakarî; veba; sığır vebasi,1942-01-01,1942-12-31,D4,tümü,anahtar kelime,İsabet sayısı çok yüksekse gazete gazete ve çeyrek yıllara bölünür,,,,[ ]
G0618,C-cekirdek,2,S3,sığır vebası,veba-i bakarî; veba; sığır vebasi,1943-01-01,1943-12-31,D4,tümü,anahtar kelime,İsabet sayısı çok yüksekse gazete gazete ve çeyrek yıllara bölünür,,,,[ ]
G0619,C-cekirdek,2,S3,sığır vebası,veba-i bakarî; veba; sığır vebasi,1944-01-01,1944-12-31,D4,tümü,anahtar kelime,İsabet sayısı çok yüksekse gazete gazete ve çeyrek yıllara bölünür,,,,[ ]
G0620,C-cekirdek,2,S3,sığır vebası,veba-i bakarî; veba; sığır vebasi,1945-01-01,1945-12-31,D4,tümü,anahtar kelime,İsabet sayısı çok yüksekse gazete gazete ve çeyrek yıllara bölünür,,,,[ ]
G0621,C-cekirdek,2,S3,sığır vebası,veba-i bakarî; veba; sığır vebasi,1946-01-01,1946-12-31,D5,tümü,anahtar kelime,İsabet sayısı çok yüksekse gazete gazete ve çeyrek yıllara bölünür,,,,[ ]
G0622,C-cekirdek,2,S3,sığır vebası,veba-i bakarî; veba; sığır vebasi,1947-01-01,1947-12-31,D5,tümü,anahtar kelime,İsabet sayısı çok yüksekse gazete gazete ve çeyrek yıllara bölünür,,,,[ ]
G0623,C-cekirdek,2,S3,sığır vebası,veba-i bakarî; veba; sığır vebasi,1948-01-01,1948-12-31,D5,tümü,anahtar kelime,İsabet sayısı çok yüksekse gazete gazete ve çeyrek yıllara bölünür,,,,[ ]
G0624,C-cekirdek,2,S3,sığır vebası,veba-i bakarî; veba; sığır vebasi,1949-01-01,1949-12-31,D5,tümü,anahtar kelime,İsabet sayısı çok yüksekse gazete gazete ve çeyrek yıllara bölünür,,,,[ ]
G0625,C-cekirdek,2,S3,sığır vebası,veba-i bakarî; veba; sığır vebasi,1950-01-01,1950-12-31,D5,tümü,anahtar kelime,İsabet sayısı çok yüksekse gazete gazete ve çeyrek yıllara bölünür,,,,[ ]
G0626,C-cekirdek,2,S3,şap,şap hastalığı; ağız ve tırnak,1929-01-01,1929-12-31,D2,tümü,anahtar kelime,İsabet sayısı çok yüksekse gazete gazete ve çeyrek yıllara bölünür,,,,[ ]
G0627,C-cekirdek,2,S3,şap,şap hastalığı; ağız ve tırnak,1930-01-01,1930-12-31,D2,tümü,anahtar kelime,İsabet sayısı çok yüksekse gazete gazete ve çeyrek yıllara bölünür,,,,[ ]
G0628,C-cekirdek,2,S3,şap,şap hastalığı; ağız ve tırnak,1931-01-01,1931-12-31,D2,tümü,anahtar kelime,İsabet sayısı çok yüksekse gazete gazete ve çeyrek yıllara bölünür,,,,[ ]
G0629,C-cekirdek,2,S3,şap,şap hastalığı; ağız ve tırnak,1932-01-01,1932-12-31,D2,tümü,anahtar kelime,İsabet sayısı çok yüksekse gazete gazete ve çeyrek yıllara bölünür,,,,[ ]
G0630,C-cekirdek,2,S3,şap,şap hastalığı; ağız ve tırnak,1933-01-01,1933-12-31,D2,tümü,anahtar kelime,İsabet sayısı çok yüksekse gazete gazete ve çeyrek yıllara bölünür,,,,[ ]
G0631,C-cekirdek,2,S3,şap,şap hastalığı; ağız ve tırnak,1934-01-01,1934-12-31,D3,tümü,anahtar kelime,İsabet sayısı çok yüksekse gazete gazete ve çeyrek yıllara bölünür,,,,[ ]
G0632,C-cekirdek,2,S3,şap,şap hastalığı; ağız ve tırnak,1935-01-01,1935-12-31,D3,tümü,anahtar kelime,İsabet sayısı çok yüksekse gazete gazete ve çeyrek yıllara bölünür,,,,[ ]
G0633,C-cekirdek,2,S3,şap,şap hastalığı; ağız ve tırnak,1936-01-01,1936-12-31,D3,tümü,anahtar kelime,İsabet sayısı çok yüksekse gazete gazete ve çeyrek yıllara bölünür,,,,[ ]
G0634,C-cekirdek,2,S3,şap,şap hastalığı; ağız ve tırnak,1937-01-01,1937-12-31,D3,tümü,anahtar kelime,İsabet sayısı çok yüksekse gazete gazete ve çeyrek yıllara bölünür,,,,[ ]
G0635,C-cekirdek,2,S3,şap,şap hastalığı; ağız ve tırnak,1938-01-01,1938-12-31,D3,tümü,anahtar kelime,İsabet sayısı çok yüksekse gazete gazete ve çeyrek yıllara bölünür,,,,[ ]
G0636,C-cekirdek,2,S3,şap,şap hastalığı; ağız ve tırnak,1939-01-01,1939-12-31,D4,tümü,anahtar kelime,İsabet sayısı çok yüksekse gazete gazete ve çeyrek yıllara bölünür,,,,[ ]
G0637,C-cekirdek,2,S3,şap,şap hastalığı; ağız ve tırnak,1940-01-01,1940-12-31,D4,tümü,anahtar kelime,İsabet sayısı çok yüksekse gazete gazete ve çeyrek yıllara bölünür,,,,[ ]
G0638,C-cekirdek,2,S3,şap,şap hastalığı; ağız ve tırnak,1941-01-01,1941-12-31,D4,tümü,anahtar kelime,İsabet sayısı çok yüksekse gazete gazete ve çeyrek yıllara bölünür,,,,[ ]
G0639,C-cekirdek,2,S3,şap,şap hastalığı; ağız ve tırnak,1942-01-01,1942-12-31,D4,tümü,anahtar kelime,İsabet sayısı çok yüksekse gazete gazete ve çeyrek yıllara bölünür,,,,[ ]
G0640,C-cekirdek,2,S3,şap,şap hastalığı; ağız ve tırnak,1943-01-01,1943-12-31,D4,tümü,anahtar kelime,İsabet sayısı çok yüksekse gazete gazete ve çeyrek yıllara bölünür,,,,[ ]
G0641,C-cekirdek,2,S3,şap,şap hastalığı; ağız ve tırnak,1944-01-01,1944-12-31,D4,tümü,anahtar kelime,İsabet sayısı çok yüksekse gazete gazete ve çeyrek yıllara bölünür,,,,[ ]
G0642,C-cekirdek,2,S3,şap,şap hastalığı; ağız ve tırnak,1945-01-01,1945-12-31,D4,tümü,anahtar kelime,İsabet sayısı çok yüksekse gazete gazete ve çeyrek yıllara bölünür,,,,[ ]
G0643,C-cekirdek,2,S3,şap,şap hastalığı; ağız ve tırnak,1946-01-01,1946-12-31,D5,tümü,anahtar kelime,İsabet sayısı çok yüksekse gazete gazete ve çeyrek yıllara bölünür,,,,[ ]
G0644,C-cekirdek,2,S3,şap,şap hastalığı; ağız ve tırnak,1947-01-01,1947-12-31,D5,tümü,anahtar kelime,İsabet sayısı çok yüksekse gazete gazete ve çeyrek yıllara bölünür,,,,[ ]
G0645,C-cekirdek,2,S3,şap,şap hastalığı; ağız ve tırnak,1948-01-01,1948-12-31,D5,tümü,anahtar kelime,İsabet sayısı çok yüksekse gazete gazete ve çeyrek yıllara bölünür,,,,[ ]
G0646,C-cekirdek,2,S3,şap,şap hastalığı; ağız ve tırnak,1949-01-01,1949-12-31,D5,tümü,anahtar kelime,İsabet sayısı çok yüksekse gazete gazete ve çeyrek yıllara bölünür,,,,[ ]
G0647,C-cekirdek,2,S3,şap,şap hastalığı; ağız ve tırnak,1950-01-01,1950-12-31,D5,tümü,anahtar kelime,İsabet sayısı çok yüksekse gazete gazete ve çeyrek yıllara bölünür,,,,[ ]
G0648,C-cekirdek,2,S3,hayvan salgını,salgın; hayvan hastalığı; emraz-ı sariye,1929-01-01,1929-12-31,D2,tümü,anahtar kelime,İsabet sayısı çok yüksekse gazete gazete ve çeyrek yıllara bölünür,,,,[ ]
G0649,C-cekirdek,2,S3,hayvan salgını,salgın; hayvan hastalığı; emraz-ı sariye,1930-01-01,1930-12-31,D2,tümü,anahtar kelime,İsabet sayısı çok yüksekse gazete gazete ve çeyrek yıllara bölünür,,,,[ ]
G0650,C-cekirdek,2,S3,hayvan salgını,salgın; hayvan hastalığı; emraz-ı sariye,1931-01-01,1931-12-31,D2,tümü,anahtar kelime,İsabet sayısı çok yüksekse gazete gazete ve çeyrek yıllara bölünür,,,,[ ]
G0651,C-cekirdek,2,S3,hayvan salgını,salgın; hayvan hastalığı; emraz-ı sariye,1932-01-01,1932-12-31,D2,tümü,anahtar kelime,İsabet sayısı çok yüksekse gazete gazete ve çeyrek yıllara bölünür,,,,[ ]
G0652,C-cekirdek,2,S3,hayvan salgını,salgın; hayvan hastalığı; emraz-ı sariye,1933-01-01,1933-12-31,D2,tümü,anahtar kelime,İsabet sayısı çok yüksekse gazete gazete ve çeyrek yıllara bölünür,,,,[ ]
G0653,C-cekirdek,2,S3,hayvan salgını,salgın; hayvan hastalığı; emraz-ı sariye,1934-01-01,1934-12-31,D3,tümü,anahtar kelime,İsabet sayısı çok yüksekse gazete gazete ve çeyrek yıllara bölünür,,,,[ ]
G0654,C-cekirdek,2,S3,hayvan salgını,salgın; hayvan hastalığı; emraz-ı sariye,1935-01-01,1935-12-31,D3,tümü,anahtar kelime,İsabet sayısı çok yüksekse gazete gazete ve çeyrek yıllara bölünür,,,,[ ]
G0655,C-cekirdek,2,S3,hayvan salgını,salgın; hayvan hastalığı; emraz-ı sariye,1936-01-01,1936-12-31,D3,tümü,anahtar kelime,İsabet sayısı çok yüksekse gazete gazete ve çeyrek yıllara bölünür,,,,[ ]
G0656,C-cekirdek,2,S3,hayvan salgını,salgın; hayvan hastalığı; emraz-ı sariye,1937-01-01,1937-12-31,D3,tümü,anahtar kelime,İsabet sayısı çok yüksekse gazete gazete ve çeyrek yıllara bölünür,,,,[ ]
G0657,C-cekirdek,2,S3,hayvan salgını,salgın; hayvan hastalığı; emraz-ı sariye,1938-01-01,1938-12-31,D3,tümü,anahtar kelime,İsabet sayısı çok yüksekse gazete gazete ve çeyrek yıllara bölünür,,,,[ ]
G0658,C-cekirdek,2,S3,hayvan salgını,salgın; hayvan hastalığı; emraz-ı sariye,1939-01-01,1939-12-31,D4,tümü,anahtar kelime,İsabet sayısı çok yüksekse gazete gazete ve çeyrek yıllara bölünür,,,,[ ]
G0659,C-cekirdek,2,S3,hayvan salgını,salgın; hayvan hastalığı; emraz-ı sariye,1940-01-01,1940-12-31,D4,tümü,anahtar kelime,İsabet sayısı çok yüksekse gazete gazete ve çeyrek yıllara bölünür,,,,[ ]
G0660,C-cekirdek,2,S3,hayvan salgını,salgın; hayvan hastalığı; emraz-ı sariye,1941-01-01,1941-12-31,D4,tümü,anahtar kelime,İsabet sayısı çok yüksekse gazete gazete ve çeyrek yıllara bölünür,,,,[ ]
G0661,C-cekirdek,2,S3,hayvan salgını,salgın; hayvan hastalığı; emraz-ı sariye,1942-01-01,1942-12-31,D4,tümü,anahtar kelime,İsabet sayısı çok yüksekse gazete gazete ve çeyrek yıllara bölünür,,,,[ ]
G0662,C-cekirdek,2,S3,hayvan salgını,salgın; hayvan hastalığı; emraz-ı sariye,1943-01-01,1943-12-31,D4,tümü,anahtar kelime,İsabet sayısı çok yüksekse gazete gazete ve çeyrek yıllara bölünür,,,,[ ]
G0663,C-cekirdek,2,S3,hayvan salgını,salgın; hayvan hastalığı; emraz-ı sariye,1944-01-01,1944-12-31,D4,tümü,anahtar kelime,İsabet sayısı çok yüksekse gazete gazete ve çeyrek yıllara bölünür,,,,[ ]
G0664,C-cekirdek,2,S3,hayvan salgını,salgın; hayvan hastalığı; emraz-ı sariye,1945-01-01,1945-12-31,D4,tümü,anahtar kelime,İsabet sayısı çok yüksekse gazete gazete ve çeyrek yıllara bölünür,,,,[ ]
G0665,C-cekirdek,2,S3,hayvan salgını,salgın; hayvan hastalığı; emraz-ı sariye,1946-01-01,1946-12-31,D5,tümü,anahtar kelime,İsabet sayısı çok yüksekse gazete gazete ve çeyrek yıllara bölünür,,,,[ ]
G0666,C-cekirdek,2,S3,hayvan salgını,salgın; hayvan hastalığı; emraz-ı sariye,1947-01-01,1947-12-31,D5,tümü,anahtar kelime,İsabet sayısı çok yüksekse gazete gazete ve çeyrek yıllara bölünür,,,,[ ]
G0667,C-cekirdek,2,S3,hayvan salgını,salgın; hayvan hastalığı; emraz-ı sariye,1948-01-01,1948-12-31,D5,tümü,anahtar kelime,İsabet sayısı çok yüksekse gazete gazete ve çeyrek yıllara bölünür,,,,[ ]
G0668,C-cekirdek,2,S3,hayvan salgını,salgın; hayvan hastalığı; emraz-ı sariye,1949-01-01,1949-12-31,D5,tümü,anahtar kelime,İsabet sayısı çok yüksekse gazete gazete ve çeyrek yıllara bölünür,,,,[ ]
G0669,C-cekirdek,2,S3,hayvan salgını,salgın; hayvan hastalığı; emraz-ı sariye,1950-01-01,1950-12-31,D5,tümü,anahtar kelime,İsabet sayısı çok yüksekse gazete gazete ve çeyrek yıllara bölünür,,,,[ ]
G0670,C-cekirdek,2,S3,karantina,karantine; tahaffuzhane,1929-01-01,1929-12-31,D2,tümü,anahtar kelime,İsabet sayısı çok yüksekse gazete gazete ve çeyrek yıllara bölünür,,,,[ ]
G0671,C-cekirdek,2,S3,karantina,karantine; tahaffuzhane,1930-01-01,1930-12-31,D2,tümü,anahtar kelime,İsabet sayısı çok yüksekse gazete gazete ve çeyrek yıllara bölünür,,,,[ ]
G0672,C-cekirdek,2,S3,karantina,karantine; tahaffuzhane,1931-01-01,1931-12-31,D2,tümü,anahtar kelime,İsabet sayısı çok yüksekse gazete gazete ve çeyrek yıllara bölünür,,,,[ ]
G0673,C-cekirdek,2,S3,karantina,karantine; tahaffuzhane,1932-01-01,1932-12-31,D2,tümü,anahtar kelime,İsabet sayısı çok yüksekse gazete gazete ve çeyrek yıllara bölünür,,,,[ ]
G0674,C-cekirdek,2,S3,karantina,karantine; tahaffuzhane,1933-01-01,1933-12-31,D2,tümü,anahtar kelime,İsabet sayısı çok yüksekse gazete gazete ve çeyrek yıllara bölünür,,,,[ ]
G0675,C-cekirdek,2,S3,karantina,karantine; tahaffuzhane,1934-01-01,1934-12-31,D3,tümü,anahtar kelime,İsabet sayısı çok yüksekse gazete gazete ve çeyrek yıllara bölünür,,,,[ ]
G0676,C-cekirdek,2,S3,karantina,karantine; tahaffuzhane,1935-01-01,1935-12-31,D3,tümü,anahtar kelime,İsabet sayısı çok yüksekse gazete gazete ve çeyrek yıllara bölünür,,,,[ ]
G0677,C-cekirdek,2,S3,karantina,karantine; tahaffuzhane,1936-01-01,1936-12-31,D3,tümü,anahtar kelime,İsabet sayısı çok yüksekse gazete gazete ve çeyrek yıllara bölünür,,,,[ ]
G0678,C-cekirdek,2,S3,karantina,karantine; tahaffuzhane,1937-01-01,1937-12-31,D3,tümü,anahtar kelime,İsabet sayısı çok yüksekse gazete gazete ve çeyrek yıllara bölünür,,,,[ ]
G0679,C-cekirdek,2,S3,karantina,karantine; tahaffuzhane,1938-01-01,1938-12-31,D3,tümü,anahtar kelime,İsabet sayısı çok yüksekse gazete gazete ve çeyrek yıllara bölünür,,,,[ ]
G0680,C-cekirdek,2,S3,karantina,karantine; tahaffuzhane,1939-01-01,1939-12-31,D4,tümü,anahtar kelime,İsabet sayısı çok yüksekse gazete gazete ve çeyrek yıllara bölünür,,,,[ ]
G0681,C-cekirdek,2,S3,karantina,karantine; tahaffuzhane,1940-01-01,1940-12-31,D4,tümü,anahtar kelime,İsabet sayısı çok yüksekse gazete gazete ve çeyrek yıllara bölünür,,,,[ ]
G0682,C-cekirdek,2,S3,karantina,karantine; tahaffuzhane,1941-01-01,1941-12-31,D4,tümü,anahtar kelime,İsabet sayısı çok yüksekse gazete gazete ve çeyrek yıllara bölünür,,,,[ ]
G0683,C-cekirdek,2,S3,karantina,karantine; tahaffuzhane,1942-01-01,1942-12-31,D4,tümü,anahtar kelime,İsabet sayısı çok yüksekse gazete gazete ve çeyrek yıllara bölünür,,,,[ ]
G0684,C-cekirdek,2,S3,karantina,karantine; tahaffuzhane,1943-01-01,1943-12-31,D4,tümü,anahtar kelime,İsabet sayısı çok yüksekse gazete gazete ve çeyrek yıllara bölünür,,,,[ ]
G0685,C-cekirdek,2,S3,karantina,karantine; tahaffuzhane,1944-01-01,1944-12-31,D4,tümü,anahtar kelime,İsabet sayısı çok yüksekse gazete gazete ve çeyrek yıllara bölünür,,,,[ ]
G0686,C-cekirdek,2,S3,karantina,karantine; tahaffuzhane,1945-01-01,1945-12-31,D4,tümü,anahtar kelime,İsabet sayısı çok yüksekse gazete gazete ve çeyrek yıllara bölünür,,,,[ ]
G0687,C-cekirdek,2,S3,karantina,karantine; tahaffuzhane,1946-01-01,1946-12-31,D5,tümü,anahtar kelime,İsabet sayısı çok yüksekse gazete gazete ve çeyrek yıllara bölünür,,,,[ ]
G0688,C-cekirdek,2,S3,karantina,karantine; tahaffuzhane,1947-01-01,1947-12-31,D5,tümü,anahtar kelime,İsabet sayısı çok yüksekse gazete gazete ve çeyrek yıllara bölünür,,,,[ ]
G0689,C-cekirdek,2,S3,karantina,karantine; tahaffuzhane,1948-01-01,1948-12-31,D5,tümü,anahtar kelime,İsabet sayısı çok yüksekse gazete gazete ve çeyrek yıllara bölünür,,,,[ ]
G0690,C-cekirdek,2,S3,karantina,karantine; tahaffuzhane,1949-01-01,1949-12-31,D5,tümü,anahtar kelime,İsabet sayısı çok yüksekse gazete gazete ve çeyrek yıllara bölünür,,,,[ ]
G0691,C-cekirdek,2,S3,karantina,karantine; tahaffuzhane,1950-01-01,1950-12-31,D5,tümü,anahtar kelime,İsabet sayısı çok yüksekse gazete gazete ve çeyrek yıllara bölünür,,,,[ ]
G0692,C-cekirdek,2,S3,hudut baytarı,hudut baytarlığı; hudut veteriner,1929-01-01,1929-12-31,D2,tümü,anahtar kelime,İsabet sayısı çok yüksekse gazete gazete ve çeyrek yıllara bölünür,,,,[ ]
G0693,C-cekirdek,2,S3,hudut baytarı,hudut baytarlığı; hudut veteriner,1930-01-01,1930-12-31,D2,tümü,anahtar kelime,İsabet sayısı çok yüksekse gazete gazete ve çeyrek yıllara bölünür,,,,[ ]
G0694,C-cekirdek,2,S3,hudut baytarı,hudut baytarlığı; hudut veteriner,1931-01-01,1931-12-31,D2,tümü,anahtar kelime,İsabet sayısı çok yüksekse gazete gazete ve çeyrek yıllara bölünür,,,,[ ]
G0695,C-cekirdek,2,S3,hudut baytarı,hudut baytarlığı; hudut veteriner,1932-01-01,1932-12-31,D2,tümü,anahtar kelime,İsabet sayısı çok yüksekse gazete gazete ve çeyrek yıllara bölünür,,,,[ ]
G0696,C-cekirdek,2,S3,hudut baytarı,hudut baytarlığı; hudut veteriner,1933-01-01,1933-12-31,D2,tümü,anahtar kelime,İsabet sayısı çok yüksekse gazete gazete ve çeyrek yıllara bölünür,,,,[ ]
G0697,C-cekirdek,2,S3,hudut baytarı,hudut baytarlığı; hudut veteriner,1934-01-01,1934-12-31,D3,tümü,anahtar kelime,İsabet sayısı çok yüksekse gazete gazete ve çeyrek yıllara bölünür,,,,[ ]
G0698,C-cekirdek,2,S3,hudut baytarı,hudut baytarlığı; hudut veteriner,1935-01-01,1935-12-31,D3,tümü,anahtar kelime,İsabet sayısı çok yüksekse gazete gazete ve çeyrek yıllara bölünür,,,,[ ]
G0699,C-cekirdek,2,S3,hudut baytarı,hudut baytarlığı; hudut veteriner,1936-01-01,1936-12-31,D3,tümü,anahtar kelime,İsabet sayısı çok yüksekse gazete gazete ve çeyrek yıllara bölünür,,,,[ ]
G0700,C-cekirdek,2,S3,hudut baytarı,hudut baytarlığı; hudut veteriner,1937-01-01,1937-12-31,D3,tümü,anahtar kelime,İsabet sayısı çok yüksekse gazete gazete ve çeyrek yıllara bölünür,,,,[ ]
G0701,C-cekirdek,2,S3,hudut baytarı,hudut baytarlığı; hudut veteriner,1938-01-01,1938-12-31,D3,tümü,anahtar kelime,İsabet sayısı çok yüksekse gazete gazete ve çeyrek yıllara bölünür,,,,[ ]
G0702,C-cekirdek,2,S3,hudut baytarı,hudut baytarlığı; hudut veteriner,1939-01-01,1939-12-31,D4,tümü,anahtar kelime,İsabet sayısı çok yüksekse gazete gazete ve çeyrek yıllara bölünür,,,,[ ]
G0703,C-cekirdek,2,S3,hudut baytarı,hudut baytarlığı; hudut veteriner,1940-01-01,1940-12-31,D4,tümü,anahtar kelime,İsabet sayısı çok yüksekse gazete gazete ve çeyrek yıllara bölünür,,,,[ ]
G0704,C-cekirdek,2,S3,hudut baytarı,hudut baytarlığı; hudut veteriner,1941-01-01,1941-12-31,D4,tümü,anahtar kelime,İsabet sayısı çok yüksekse gazete gazete ve çeyrek yıllara bölünür,,,,[ ]
G0705,C-cekirdek,2,S3,hudut baytarı,hudut baytarlığı; hudut veteriner,1942-01-01,1942-12-31,D4,tümü,anahtar kelime,İsabet sayısı çok yüksekse gazete gazete ve çeyrek yıllara bölünür,,,,[ ]
G0706,C-cekirdek,2,S3,hudut baytarı,hudut baytarlığı; hudut veteriner,1943-01-01,1943-12-31,D4,tümü,anahtar kelime,İsabet sayısı çok yüksekse gazete gazete ve çeyrek yıllara bölünür,,,,[ ]
G0707,C-cekirdek,2,S3,hudut baytarı,hudut baytarlığı; hudut veteriner,1944-01-01,1944-12-31,D4,tümü,anahtar kelime,İsabet sayısı çok yüksekse gazete gazete ve çeyrek yıllara bölünür,,,,[ ]
G0708,C-cekirdek,2,S3,hudut baytarı,hudut baytarlığı; hudut veteriner,1945-01-01,1945-12-31,D4,tümü,anahtar kelime,İsabet sayısı çok yüksekse gazete gazete ve çeyrek yıllara bölünür,,,,[ ]
G0709,C-cekirdek,2,S3,hudut baytarı,hudut baytarlığı; hudut veteriner,1946-01-01,1946-12-31,D5,tümü,anahtar kelime,İsabet sayısı çok yüksekse gazete gazete ve çeyrek yıllara bölünür,,,,[ ]
G0710,C-cekirdek,2,S3,hudut baytarı,hudut baytarlığı; hudut veteriner,1947-01-01,1947-12-31,D5,tümü,anahtar kelime,İsabet sayısı çok yüksekse gazete gazete ve çeyrek yıllara bölünür,,,,[ ]
G0711,C-cekirdek,2,S3,hudut baytarı,hudut baytarlığı; hudut veteriner,1948-01-01,1948-12-31,D5,tümü,anahtar kelime,İsabet sayısı çok yüksekse gazete gazete ve çeyrek yıllara bölünür,,,,[ ]
G0712,C-cekirdek,2,S3,hudut baytarı,hudut baytarlığı; hudut veteriner,1949-01-01,1949-12-31,D5,tümü,anahtar kelime,İsabet sayısı çok yüksekse gazete gazete ve çeyrek yıllara bölünür,,,,[ ]
G0713,C-cekirdek,2,S3,hudut baytarı,hudut baytarlığı; hudut veteriner,1950-01-01,1950-12-31,D5,tümü,anahtar kelime,İsabet sayısı çok yüksekse gazete gazete ve çeyrek yıllara bölünür,,,,[ ]
G0714,C-cekirdek,2,S3,aşı,serum; aşılama; Pendik; Etlik,1929-01-01,1929-12-31,D2,tümü,anahtar kelime,İsabet sayısı çok yüksekse gazete gazete ve çeyrek yıllara bölünür,,,,[ ]
G0715,C-cekirdek,2,S3,aşı,serum; aşılama; Pendik; Etlik,1930-01-01,1930-12-31,D2,tümü,anahtar kelime,İsabet sayısı çok yüksekse gazete gazete ve çeyrek yıllara bölünür,,,,[ ]
G0716,C-cekirdek,2,S3,aşı,serum; aşılama; Pendik; Etlik,1931-01-01,1931-12-31,D2,tümü,anahtar kelime,İsabet sayısı çok yüksekse gazete gazete ve çeyrek yıllara bölünür,,,,[ ]
G0717,C-cekirdek,2,S3,aşı,serum; aşılama; Pendik; Etlik,1932-01-01,1932-12-31,D2,tümü,anahtar kelime,İsabet sayısı çok yüksekse gazete gazete ve çeyrek yıllara bölünür,,,,[ ]
G0718,C-cekirdek,2,S3,aşı,serum; aşılama; Pendik; Etlik,1933-01-01,1933-12-31,D2,tümü,anahtar kelime,İsabet sayısı çok yüksekse gazete gazete ve çeyrek yıllara bölünür,,,,[ ]
G0719,C-cekirdek,2,S3,aşı,serum; aşılama; Pendik; Etlik,1934-01-01,1934-12-31,D3,tümü,anahtar kelime,İsabet sayısı çok yüksekse gazete gazete ve çeyrek yıllara bölünür,,,,[ ]
G0720,C-cekirdek,2,S3,aşı,serum; aşılama; Pendik; Etlik,1935-01-01,1935-12-31,D3,tümü,anahtar kelime,İsabet sayısı çok yüksekse gazete gazete ve çeyrek yıllara bölünür,,,,[ ]
G0721,C-cekirdek,2,S3,aşı,serum; aşılama; Pendik; Etlik,1936-01-01,1936-12-31,D3,tümü,anahtar kelime,İsabet sayısı çok yüksekse gazete gazete ve çeyrek yıllara bölünür,,,,[ ]
G0722,C-cekirdek,2,S3,aşı,serum; aşılama; Pendik; Etlik,1937-01-01,1937-12-31,D3,tümü,anahtar kelime,İsabet sayısı çok yüksekse gazete gazete ve çeyrek yıllara bölünür,,,,[ ]
G0723,C-cekirdek,2,S3,aşı,serum; aşılama; Pendik; Etlik,1938-01-01,1938-12-31,D3,tümü,anahtar kelime,İsabet sayısı çok yüksekse gazete gazete ve çeyrek yıllara bölünür,,,,[ ]
G0724,C-cekirdek,2,S3,aşı,serum; aşılama; Pendik; Etlik,1939-01-01,1939-12-31,D4,tümü,anahtar kelime,İsabet sayısı çok yüksekse gazete gazete ve çeyrek yıllara bölünür,,,,[ ]
G0725,C-cekirdek,2,S3,aşı,serum; aşılama; Pendik; Etlik,1940-01-01,1940-12-31,D4,tümü,anahtar kelime,İsabet sayısı çok yüksekse gazete gazete ve çeyrek yıllara bölünür,,,,[ ]
G0726,C-cekirdek,2,S3,aşı,serum; aşılama; Pendik; Etlik,1941-01-01,1941-12-31,D4,tümü,anahtar kelime,İsabet sayısı çok yüksekse gazete gazete ve çeyrek yıllara bölünür,,,,[ ]
G0727,C-cekirdek,2,S3,aşı,serum; aşılama; Pendik; Etlik,1942-01-01,1942-12-31,D4,tümü,anahtar kelime,İsabet sayısı çok yüksekse gazete gazete ve çeyrek yıllara bölünür,,,,[ ]
G0728,C-cekirdek,2,S3,aşı,serum; aşılama; Pendik; Etlik,1943-01-01,1943-12-31,D4,tümü,anahtar kelime,İsabet sayısı çok yüksekse gazete gazete ve çeyrek yıllara bölünür,,,,[ ]
G0729,C-cekirdek,2,S3,aşı,serum; aşılama; Pendik; Etlik,1944-01-01,1944-12-31,D4,tümü,anahtar kelime,İsabet sayısı çok yüksekse gazete gazete ve çeyrek yıllara bölünür,,,,[ ]
G0730,C-cekirdek,2,S3,aşı,serum; aşılama; Pendik; Etlik,1945-01-01,1945-12-31,D4,tümü,anahtar kelime,İsabet sayısı çok yüksekse gazete gazete ve çeyrek yıllara bölünür,,,,[ ]
G0731,C-cekirdek,2,S3,aşı,serum; aşılama; Pendik; Etlik,1946-01-01,1946-12-31,D5,tümü,anahtar kelime,İsabet sayısı çok yüksekse gazete gazete ve çeyrek yıllara bölünür,,,,[ ]
G0732,C-cekirdek,2,S3,aşı,serum; aşılama; Pendik; Etlik,1947-01-01,1947-12-31,D5,tümü,anahtar kelime,İsabet sayısı çok yüksekse gazete gazete ve çeyrek yıllara bölünür,,,,[ ]
G0733,C-cekirdek,2,S3,aşı,serum; aşılama; Pendik; Etlik,1948-01-01,1948-12-31,D5,tümü,anahtar kelime,İsabet sayısı çok yüksekse gazete gazete ve çeyrek yıllara bölünür,,,,[ ]
G0734,C-cekirdek,2,S3,aşı,serum; aşılama; Pendik; Etlik,1949-01-01,1949-12-31,D5,tümü,anahtar kelime,İsabet sayısı çok yüksekse gazete gazete ve çeyrek yıllara bölünür,,,,[ ]
G0735,C-cekirdek,2,S3,aşı,serum; aşılama; Pendik; Etlik,1950-01-01,1950-12-31,D5,tümü,anahtar kelime,İsabet sayısı çok yüksekse gazete gazete ve çeyrek yıllara bölünür,,,,[ ]
G0736,C-cekirdek,2,S3,şarbon,şarbon aşısı; dalak,1929-01-01,1929-12-31,D2,tümü,anahtar kelime,İsabet sayısı çok yüksekse gazete gazete ve çeyrek yıllara bölünür,,,,[ ]
G0737,C-cekirdek,2,S3,şarbon,şarbon aşısı; dalak,1930-01-01,1930-12-31,D2,tümü,anahtar kelime,İsabet sayısı çok yüksekse gazete gazete ve çeyrek yıllara bölünür,,,,[ ]
G0738,C-cekirdek,2,S3,şarbon,şarbon aşısı; dalak,1931-01-01,1931-12-31,D2,tümü,anahtar kelime,İsabet sayısı çok yüksekse gazete gazete ve çeyrek yıllara bölünür,,,,[ ]
G0739,C-cekirdek,2,S3,şarbon,şarbon aşısı; dalak,1932-01-01,1932-12-31,D2,tümü,anahtar kelime,İsabet sayısı çok yüksekse gazete gazete ve çeyrek yıllara bölünür,,,,[ ]
G0740,C-cekirdek,2,S3,şarbon,şarbon aşısı; dalak,1933-01-01,1933-12-31,D2,tümü,anahtar kelime,İsabet sayısı çok yüksekse gazete gazete ve çeyrek yıllara bölünür,,,,[ ]
G0741,C-cekirdek,2,S3,şarbon,şarbon aşısı; dalak,1934-01-01,1934-12-31,D3,tümü,anahtar kelime,İsabet sayısı çok yüksekse gazete gazete ve çeyrek yıllara bölünür,,,,[ ]
G0742,C-cekirdek,2,S3,şarbon,şarbon aşısı; dalak,1935-01-01,1935-12-31,D3,tümü,anahtar kelime,İsabet sayısı çok yüksekse gazete gazete ve çeyrek yıllara bölünür,,,,[ ]
G0743,C-cekirdek,2,S3,şarbon,şarbon aşısı; dalak,1936-01-01,1936-12-31,D3,tümü,anahtar kelime,İsabet sayısı çok yüksekse gazete gazete ve çeyrek yıllara bölünür,,,,[ ]
G0744,C-cekirdek,2,S3,şarbon,şarbon aşısı; dalak,1937-01-01,1937-12-31,D3,tümü,anahtar kelime,İsabet sayısı çok yüksekse gazete gazete ve çeyrek yıllara bölünür,,,,[ ]
G0745,C-cekirdek,2,S3,şarbon,şarbon aşısı; dalak,1938-01-01,1938-12-31,D3,tümü,anahtar kelime,İsabet sayısı çok yüksekse gazete gazete ve çeyrek yıllara bölünür,,,,[ ]
G0746,C-cekirdek,2,S3,şarbon,şarbon aşısı; dalak,1939-01-01,1939-12-31,D4,tümü,anahtar kelime,İsabet sayısı çok yüksekse gazete gazete ve çeyrek yıllara bölünür,,,,[ ]
G0747,C-cekirdek,2,S3,şarbon,şarbon aşısı; dalak,1940-01-01,1940-12-31,D4,tümü,anahtar kelime,İsabet sayısı çok yüksekse gazete gazete ve çeyrek yıllara bölünür,,,,[ ]
G0748,C-cekirdek,2,S3,şarbon,şarbon aşısı; dalak,1941-01-01,1941-12-31,D4,tümü,anahtar kelime,İsabet sayısı çok yüksekse gazete gazete ve çeyrek yıllara bölünür,,,,[ ]
G0749,C-cekirdek,2,S3,şarbon,şarbon aşısı; dalak,1942-01-01,1942-12-31,D4,tümü,anahtar kelime,İsabet sayısı çok yüksekse gazete gazete ve çeyrek yıllara bölünür,,,,[ ]
G0750,C-cekirdek,2,S3,şarbon,şarbon aşısı; dalak,1943-01-01,1943-12-31,D4,tümü,anahtar kelime,İsabet sayısı çok yüksekse gazete gazete ve çeyrek yıllara bölünür,,,,[ ]
G0751,C-cekirdek,2,S3,şarbon,şarbon aşısı; dalak,1944-01-01,1944-12-31,D4,tümü,anahtar kelime,İsabet sayısı çok yüksekse gazete gazete ve çeyrek yıllara bölünür,,,,[ ]
G0752,C-cekirdek,2,S3,şarbon,şarbon aşısı; dalak,1945-01-01,1945-12-31,D4,tümü,anahtar kelime,İsabet sayısı çok yüksekse gazete gazete ve çeyrek yıllara bölünür,,,,[ ]
G0753,C-cekirdek,2,S3,şarbon,şarbon aşısı; dalak,1946-01-01,1946-12-31,D5,tümü,anahtar kelime,İsabet sayısı çok yüksekse gazete gazete ve çeyrek yıllara bölünür,,,,[ ]
G0754,C-cekirdek,2,S3,şarbon,şarbon aşısı; dalak,1947-01-01,1947-12-31,D5,tümü,anahtar kelime,İsabet sayısı çok yüksekse gazete gazete ve çeyrek yıllara bölünür,,,,[ ]
G0755,C-cekirdek,2,S3,şarbon,şarbon aşısı; dalak,1948-01-01,1948-12-31,D5,tümü,anahtar kelime,İsabet sayısı çok yüksekse gazete gazete ve çeyrek yıllara bölünür,,,,[ ]
G0756,C-cekirdek,2,S3,şarbon,şarbon aşısı; dalak,1949-01-01,1949-12-31,D5,tümü,anahtar kelime,İsabet sayısı çok yüksekse gazete gazete ve çeyrek yıllara bölünür,,,,[ ]
G0757,C-cekirdek,2,S3,şarbon,şarbon aşısı; dalak,1950-01-01,1950-12-31,D5,tümü,anahtar kelime,İsabet sayısı çok yüksekse gazete gazete ve çeyrek yıllara bölünür,,,,[ ]
G0758,C-cekirdek,2,S3,hayvan kaçakçılığı,kaçak hayvan; hayvan kaçakçıları,1929-01-01,1929-12-31,D2,tümü,anahtar kelime,İsabet sayısı çok yüksekse gazete gazete ve çeyrek yıllara bölünür,,,,[ ]
G0759,C-cekirdek,2,S3,hayvan kaçakçılığı,kaçak hayvan; hayvan kaçakçıları,1930-01-01,1930-12-31,D2,tümü,anahtar kelime,İsabet sayısı çok yüksekse gazete gazete ve çeyrek yıllara bölünür,,,,[ ]
G0760,C-cekirdek,2,S3,hayvan kaçakçılığı,kaçak hayvan; hayvan kaçakçıları,1931-01-01,1931-12-31,D2,tümü,anahtar kelime,İsabet sayısı çok yüksekse gazete gazete ve çeyrek yıllara bölünür,,,,[ ]
G0761,C-cekirdek,2,S3,hayvan kaçakçılığı,kaçak hayvan; hayvan kaçakçıları,1932-01-01,1932-12-31,D2,tümü,anahtar kelime,İsabet sayısı çok yüksekse gazete gazete ve çeyrek yıllara bölünür,,,,[ ]
G0762,C-cekirdek,2,S3,hayvan kaçakçılığı,kaçak hayvan; hayvan kaçakçıları,1933-01-01,1933-12-31,D2,tümü,anahtar kelime,İsabet sayısı çok yüksekse gazete gazete ve çeyrek yıllara bölünür,,,,[ ]
G0763,C-cekirdek,2,S3,hayvan kaçakçılığı,kaçak hayvan; hayvan kaçakçıları,1934-01-01,1934-12-31,D3,tümü,anahtar kelime,İsabet sayısı çok yüksekse gazete gazete ve çeyrek yıllara bölünür,,,,[ ]
G0764,C-cekirdek,2,S3,hayvan kaçakçılığı,kaçak hayvan; hayvan kaçakçıları,1935-01-01,1935-12-31,D3,tümü,anahtar kelime,İsabet sayısı çok yüksekse gazete gazete ve çeyrek yıllara bölünür,,,,[ ]
G0765,C-cekirdek,2,S3,hayvan kaçakçılığı,kaçak hayvan; hayvan kaçakçıları,1936-01-01,1936-12-31,D3,tümü,anahtar kelime,İsabet sayısı çok yüksekse gazete gazete ve çeyrek yıllara bölünür,,,,[ ]
G0766,C-cekirdek,2,S3,hayvan kaçakçılığı,kaçak hayvan; hayvan kaçakçıları,1937-01-01,1937-12-31,D3,tümü,anahtar kelime,İsabet sayısı çok yüksekse gazete gazete ve çeyrek yıllara bölünür,,,,[ ]
G0767,C-cekirdek,2,S3,hayvan kaçakçılığı,kaçak hayvan; hayvan kaçakçıları,1938-01-01,1938-12-31,D3,tümü,anahtar kelime,İsabet sayısı çok yüksekse gazete gazete ve çeyrek yıllara bölünür,,,,[ ]
G0768,C-cekirdek,2,S3,hayvan kaçakçılığı,kaçak hayvan; hayvan kaçakçıları,1939-01-01,1939-12-31,D4,tümü,anahtar kelime,İsabet sayısı çok yüksekse gazete gazete ve çeyrek yıllara bölünür,,,,[ ]
G0769,C-cekirdek,2,S3,hayvan kaçakçılığı,kaçak hayvan; hayvan kaçakçıları,1940-01-01,1940-12-31,D4,tümü,anahtar kelime,İsabet sayısı çok yüksekse gazete gazete ve çeyrek yıllara bölünür,,,,[ ]
G0770,C-cekirdek,2,S3,hayvan kaçakçılığı,kaçak hayvan; hayvan kaçakçıları,1941-01-01,1941-12-31,D4,tümü,anahtar kelime,İsabet sayısı çok yüksekse gazete gazete ve çeyrek yıllara bölünür,,,,[ ]
G0771,C-cekirdek,2,S3,hayvan kaçakçılığı,kaçak hayvan; hayvan kaçakçıları,1942-01-01,1942-12-31,D4,tümü,anahtar kelime,İsabet sayısı çok yüksekse gazete gazete ve çeyrek yıllara bölünür,,,,[ ]
G0772,C-cekirdek,2,S3,hayvan kaçakçılığı,kaçak hayvan; hayvan kaçakçıları,1943-01-01,1943-12-31,D4,tümü,anahtar kelime,İsabet sayısı çok yüksekse gazete gazete ve çeyrek yıllara bölünür,,,,[ ]
G0773,C-cekirdek,2,S3,hayvan kaçakçılığı,kaçak hayvan; hayvan kaçakçıları,1944-01-01,1944-12-31,D4,tümü,anahtar kelime,İsabet sayısı çok yüksekse gazete gazete ve çeyrek yıllara bölünür,,,,[ ]
G0774,C-cekirdek,2,S3,hayvan kaçakçılığı,kaçak hayvan; hayvan kaçakçıları,1945-01-01,1945-12-31,D4,tümü,anahtar kelime,İsabet sayısı çok yüksekse gazete gazete ve çeyrek yıllara bölünür,,,,[ ]
G0775,C-cekirdek,2,S3,hayvan kaçakçılığı,kaçak hayvan; hayvan kaçakçıları,1946-01-01,1946-12-31,D5,tümü,anahtar kelime,İsabet sayısı çok yüksekse gazete gazete ve çeyrek yıllara bölünür,,,,[ ]
G0776,C-cekirdek,2,S3,hayvan kaçakçılığı,kaçak hayvan; hayvan kaçakçıları,1947-01-01,1947-12-31,D5,tümü,anahtar kelime,İsabet sayısı çok yüksekse gazete gazete ve çeyrek yıllara bölünür,,,,[ ]
G0777,C-cekirdek,2,S3,hayvan kaçakçılığı,kaçak hayvan; hayvan kaçakçıları,1948-01-01,1948-12-31,D5,tümü,anahtar kelime,İsabet sayısı çok yüksekse gazete gazete ve çeyrek yıllara bölünür,,,,[ ]
G0778,C-cekirdek,2,S3,hayvan kaçakçılığı,kaçak hayvan; hayvan kaçakçıları,1949-01-01,1949-12-31,D5,tümü,anahtar kelime,İsabet sayısı çok yüksekse gazete gazete ve çeyrek yıllara bölünür,,,,[ ]
G0779,C-cekirdek,2,S3,hayvan kaçakçılığı,kaçak hayvan; hayvan kaçakçıları,1950-01-01,1950-12-31,D5,tümü,anahtar kelime,İsabet sayısı çok yüksekse gazete gazete ve çeyrek yıllara bölünür,,,,[ ]
G0780,C-cekirdek,2,S4,ahır,ahir; ahırlar,1929-01-01,1929-12-31,D2,tümü,anahtar kelime,İsabet sayısı çok yüksekse gazete gazete ve çeyrek yıllara bölünür,,,,[ ]
G0781,C-cekirdek,2,S4,ahır,ahir; ahırlar,1930-01-01,1930-12-31,D2,tümü,anahtar kelime,İsabet sayısı çok yüksekse gazete gazete ve çeyrek yıllara bölünür,,,,[ ]
G0782,C-cekirdek,2,S4,ahır,ahir; ahırlar,1931-01-01,1931-12-31,D2,tümü,anahtar kelime,İsabet sayısı çok yüksekse gazete gazete ve çeyrek yıllara bölünür,,,,[ ]
G0783,C-cekirdek,2,S4,ahır,ahir; ahırlar,1932-01-01,1932-12-31,D2,tümü,anahtar kelime,İsabet sayısı çok yüksekse gazete gazete ve çeyrek yıllara bölünür,,,,[ ]
G0784,C-cekirdek,2,S4,ahır,ahir; ahırlar,1933-01-01,1933-12-31,D2,tümü,anahtar kelime,İsabet sayısı çok yüksekse gazete gazete ve çeyrek yıllara bölünür,,,,[ ]
G0785,C-cekirdek,2,S4,ahır,ahir; ahırlar,1934-01-01,1934-12-31,D3,tümü,anahtar kelime,İsabet sayısı çok yüksekse gazete gazete ve çeyrek yıllara bölünür,,,,[ ]
G0786,C-cekirdek,2,S4,ahır,ahir; ahırlar,1935-01-01,1935-12-31,D3,tümü,anahtar kelime,İsabet sayısı çok yüksekse gazete gazete ve çeyrek yıllara bölünür,,,,[ ]
G0787,C-cekirdek,2,S4,ahır,ahir; ahırlar,1936-01-01,1936-12-31,D3,tümü,anahtar kelime,İsabet sayısı çok yüksekse gazete gazete ve çeyrek yıllara bölünür,,,,[ ]
G0788,C-cekirdek,2,S4,ahır,ahir; ahırlar,1937-01-01,1937-12-31,D3,tümü,anahtar kelime,İsabet sayısı çok yüksekse gazete gazete ve çeyrek yıllara bölünür,,,,[ ]
G0789,C-cekirdek,2,S4,ahır,ahir; ahırlar,1938-01-01,1938-12-31,D3,tümü,anahtar kelime,İsabet sayısı çok yüksekse gazete gazete ve çeyrek yıllara bölünür,,,,[ ]
G0790,C-cekirdek,2,S4,ahır,ahir; ahırlar,1939-01-01,1939-12-31,D4,tümü,anahtar kelime,İsabet sayısı çok yüksekse gazete gazete ve çeyrek yıllara bölünür,,,,[ ]
G0791,C-cekirdek,2,S4,ahır,ahir; ahırlar,1940-01-01,1940-12-31,D4,tümü,anahtar kelime,İsabet sayısı çok yüksekse gazete gazete ve çeyrek yıllara bölünür,,,,[ ]
G0792,C-cekirdek,2,S4,ahır,ahir; ahırlar,1941-01-01,1941-12-31,D4,tümü,anahtar kelime,İsabet sayısı çok yüksekse gazete gazete ve çeyrek yıllara bölünür,,,,[ ]
G0793,C-cekirdek,2,S4,ahır,ahir; ahırlar,1942-01-01,1942-12-31,D4,tümü,anahtar kelime,İsabet sayısı çok yüksekse gazete gazete ve çeyrek yıllara bölünür,,,,[ ]
G0794,C-cekirdek,2,S4,ahır,ahir; ahırlar,1943-01-01,1943-12-31,D4,tümü,anahtar kelime,İsabet sayısı çok yüksekse gazete gazete ve çeyrek yıllara bölünür,,,,[ ]
G0795,C-cekirdek,2,S4,ahır,ahir; ahırlar,1944-01-01,1944-12-31,D4,tümü,anahtar kelime,İsabet sayısı çok yüksekse gazete gazete ve çeyrek yıllara bölünür,,,,[ ]
G0796,C-cekirdek,2,S4,ahır,ahir; ahırlar,1945-01-01,1945-12-31,D4,tümü,anahtar kelime,İsabet sayısı çok yüksekse gazete gazete ve çeyrek yıllara bölünür,,,,[ ]
G0797,C-cekirdek,2,S4,ahır,ahir; ahırlar,1946-01-01,1946-12-31,D5,tümü,anahtar kelime,İsabet sayısı çok yüksekse gazete gazete ve çeyrek yıllara bölünür,,,,[ ]
G0798,C-cekirdek,2,S4,ahır,ahir; ahırlar,1947-01-01,1947-12-31,D5,tümü,anahtar kelime,İsabet sayısı çok yüksekse gazete gazete ve çeyrek yıllara bölünür,,,,[ ]
G0799,C-cekirdek,2,S4,ahır,ahir; ahırlar,1948-01-01,1948-12-31,D5,tümü,anahtar kelime,İsabet sayısı çok yüksekse gazete gazete ve çeyrek yıllara bölünür,,,,[ ]
G0800,C-cekirdek,2,S4,ahır,ahir; ahırlar,1949-01-01,1949-12-31,D5,tümü,anahtar kelime,İsabet sayısı çok yüksekse gazete gazete ve çeyrek yıllara bölünür,,,,[ ]
G0801,C-cekirdek,2,S4,ahır,ahir; ahırlar,1950-01-01,1950-12-31,D5,tümü,anahtar kelime,İsabet sayısı çok yüksekse gazete gazete ve çeyrek yıllara bölünür,,,,[ ]
G0802,C-cekirdek,2,S4,köy evi,köy evleri; köy odası,1929-01-01,1929-12-31,D2,tümü,anahtar kelime,İsabet sayısı çok yüksekse gazete gazete ve çeyrek yıllara bölünür,,,,[ ]
G0803,C-cekirdek,2,S4,köy evi,köy evleri; köy odası,1930-01-01,1930-12-31,D2,tümü,anahtar kelime,İsabet sayısı çok yüksekse gazete gazete ve çeyrek yıllara bölünür,,,,[ ]
G0804,C-cekirdek,2,S4,köy evi,köy evleri; köy odası,1931-01-01,1931-12-31,D2,tümü,anahtar kelime,İsabet sayısı çok yüksekse gazete gazete ve çeyrek yıllara bölünür,,,,[ ]
G0805,C-cekirdek,2,S4,köy evi,köy evleri; köy odası,1932-01-01,1932-12-31,D2,tümü,anahtar kelime,İsabet sayısı çok yüksekse gazete gazete ve çeyrek yıllara bölünür,,,,[ ]
G0806,C-cekirdek,2,S4,köy evi,köy evleri; köy odası,1933-01-01,1933-12-31,D2,tümü,anahtar kelime,İsabet sayısı çok yüksekse gazete gazete ve çeyrek yıllara bölünür,,,,[ ]
G0807,C-cekirdek,2,S4,köy evi,köy evleri; köy odası,1934-01-01,1934-12-31,D3,tümü,anahtar kelime,İsabet sayısı çok yüksekse gazete gazete ve çeyrek yıllara bölünür,,,,[ ]
G0808,C-cekirdek,2,S4,köy evi,köy evleri; köy odası,1935-01-01,1935-12-31,D3,tümü,anahtar kelime,İsabet sayısı çok yüksekse gazete gazete ve çeyrek yıllara bölünür,,,,[ ]
G0809,C-cekirdek,2,S4,köy evi,köy evleri; köy odası,1936-01-01,1936-12-31,D3,tümü,anahtar kelime,İsabet sayısı çok yüksekse gazete gazete ve çeyrek yıllara bölünür,,,,[ ]
G0810,C-cekirdek,2,S4,köy evi,köy evleri; köy odası,1937-01-01,1937-12-31,D3,tümü,anahtar kelime,İsabet sayısı çok yüksekse gazete gazete ve çeyrek yıllara bölünür,,,,[ ]
G0811,C-cekirdek,2,S4,köy evi,köy evleri; köy odası,1938-01-01,1938-12-31,D3,tümü,anahtar kelime,İsabet sayısı çok yüksekse gazete gazete ve çeyrek yıllara bölünür,,,,[ ]
G0812,C-cekirdek,2,S4,köy evi,köy evleri; köy odası,1939-01-01,1939-12-31,D4,tümü,anahtar kelime,İsabet sayısı çok yüksekse gazete gazete ve çeyrek yıllara bölünür,,,,[ ]
G0813,C-cekirdek,2,S4,köy evi,köy evleri; köy odası,1940-01-01,1940-12-31,D4,tümü,anahtar kelime,İsabet sayısı çok yüksekse gazete gazete ve çeyrek yıllara bölünür,,,,[ ]
G0814,C-cekirdek,2,S4,köy evi,köy evleri; köy odası,1941-01-01,1941-12-31,D4,tümü,anahtar kelime,İsabet sayısı çok yüksekse gazete gazete ve çeyrek yıllara bölünür,,,,[ ]
G0815,C-cekirdek,2,S4,köy evi,köy evleri; köy odası,1942-01-01,1942-12-31,D4,tümü,anahtar kelime,İsabet sayısı çok yüksekse gazete gazete ve çeyrek yıllara bölünür,,,,[ ]
G0816,C-cekirdek,2,S4,köy evi,köy evleri; köy odası,1943-01-01,1943-12-31,D4,tümü,anahtar kelime,İsabet sayısı çok yüksekse gazete gazete ve çeyrek yıllara bölünür,,,,[ ]
G0817,C-cekirdek,2,S4,köy evi,köy evleri; köy odası,1944-01-01,1944-12-31,D4,tümü,anahtar kelime,İsabet sayısı çok yüksekse gazete gazete ve çeyrek yıllara bölünür,,,,[ ]
G0818,C-cekirdek,2,S4,köy evi,köy evleri; köy odası,1945-01-01,1945-12-31,D4,tümü,anahtar kelime,İsabet sayısı çok yüksekse gazete gazete ve çeyrek yıllara bölünür,,,,[ ]
G0819,C-cekirdek,2,S4,köy evi,köy evleri; köy odası,1946-01-01,1946-12-31,D5,tümü,anahtar kelime,İsabet sayısı çok yüksekse gazete gazete ve çeyrek yıllara bölünür,,,,[ ]
G0820,C-cekirdek,2,S4,köy evi,köy evleri; köy odası,1947-01-01,1947-12-31,D5,tümü,anahtar kelime,İsabet sayısı çok yüksekse gazete gazete ve çeyrek yıllara bölünür,,,,[ ]
G0821,C-cekirdek,2,S4,köy evi,köy evleri; köy odası,1948-01-01,1948-12-31,D5,tümü,anahtar kelime,İsabet sayısı çok yüksekse gazete gazete ve çeyrek yıllara bölünür,,,,[ ]
G0822,C-cekirdek,2,S4,köy evi,köy evleri; köy odası,1949-01-01,1949-12-31,D5,tümü,anahtar kelime,İsabet sayısı çok yüksekse gazete gazete ve çeyrek yıllara bölünür,,,,[ ]
G0823,C-cekirdek,2,S4,köy evi,köy evleri; köy odası,1950-01-01,1950-12-31,D5,tümü,anahtar kelime,İsabet sayısı çok yüksekse gazete gazete ve çeyrek yıllara bölünür,,,,[ ]
G0824,C-cekirdek,2,S4,Köy Kanunu,köy kanunu,1929-01-01,1929-12-31,D2,tümü,anahtar kelime,İsabet sayısı çok yüksekse gazete gazete ve çeyrek yıllara bölünür,,,,[ ]
G0825,C-cekirdek,2,S4,Köy Kanunu,köy kanunu,1930-01-01,1930-12-31,D2,tümü,anahtar kelime,İsabet sayısı çok yüksekse gazete gazete ve çeyrek yıllara bölünür,,,,[ ]
G0826,C-cekirdek,2,S4,Köy Kanunu,köy kanunu,1931-01-01,1931-12-31,D2,tümü,anahtar kelime,İsabet sayısı çok yüksekse gazete gazete ve çeyrek yıllara bölünür,,,,[ ]
G0827,C-cekirdek,2,S4,Köy Kanunu,köy kanunu,1932-01-01,1932-12-31,D2,tümü,anahtar kelime,İsabet sayısı çok yüksekse gazete gazete ve çeyrek yıllara bölünür,,,,[ ]
G0828,C-cekirdek,2,S4,Köy Kanunu,köy kanunu,1933-01-01,1933-12-31,D2,tümü,anahtar kelime,İsabet sayısı çok yüksekse gazete gazete ve çeyrek yıllara bölünür,,,,[ ]
G0829,C-cekirdek,2,S4,Köy Kanunu,köy kanunu,1934-01-01,1934-12-31,D3,tümü,anahtar kelime,İsabet sayısı çok yüksekse gazete gazete ve çeyrek yıllara bölünür,,,,[ ]
G0830,C-cekirdek,2,S4,Köy Kanunu,köy kanunu,1935-01-01,1935-12-31,D3,tümü,anahtar kelime,İsabet sayısı çok yüksekse gazete gazete ve çeyrek yıllara bölünür,,,,[ ]
G0831,C-cekirdek,2,S4,Köy Kanunu,köy kanunu,1936-01-01,1936-12-31,D3,tümü,anahtar kelime,İsabet sayısı çok yüksekse gazete gazete ve çeyrek yıllara bölünür,,,,[ ]
G0832,C-cekirdek,2,S4,Köy Kanunu,köy kanunu,1937-01-01,1937-12-31,D3,tümü,anahtar kelime,İsabet sayısı çok yüksekse gazete gazete ve çeyrek yıllara bölünür,,,,[ ]
G0833,C-cekirdek,2,S4,Köy Kanunu,köy kanunu,1938-01-01,1938-12-31,D3,tümü,anahtar kelime,İsabet sayısı çok yüksekse gazete gazete ve çeyrek yıllara bölünür,,,,[ ]
G0834,C-cekirdek,2,S4,Köy Kanunu,köy kanunu,1939-01-01,1939-12-31,D4,tümü,anahtar kelime,İsabet sayısı çok yüksekse gazete gazete ve çeyrek yıllara bölünür,,,,[ ]
G0835,C-cekirdek,2,S4,Köy Kanunu,köy kanunu,1940-01-01,1940-12-31,D4,tümü,anahtar kelime,İsabet sayısı çok yüksekse gazete gazete ve çeyrek yıllara bölünür,,,,[ ]
G0836,C-cekirdek,2,S4,Köy Kanunu,köy kanunu,1941-01-01,1941-12-31,D4,tümü,anahtar kelime,İsabet sayısı çok yüksekse gazete gazete ve çeyrek yıllara bölünür,,,,[ ]
G0837,C-cekirdek,2,S4,Köy Kanunu,köy kanunu,1942-01-01,1942-12-31,D4,tümü,anahtar kelime,İsabet sayısı çok yüksekse gazete gazete ve çeyrek yıllara bölünür,,,,[ ]
G0838,C-cekirdek,2,S4,Köy Kanunu,köy kanunu,1943-01-01,1943-12-31,D4,tümü,anahtar kelime,İsabet sayısı çok yüksekse gazete gazete ve çeyrek yıllara bölünür,,,,[ ]
G0839,C-cekirdek,2,S4,Köy Kanunu,köy kanunu,1944-01-01,1944-12-31,D4,tümü,anahtar kelime,İsabet sayısı çok yüksekse gazete gazete ve çeyrek yıllara bölünür,,,,[ ]
G0840,C-cekirdek,2,S4,Köy Kanunu,köy kanunu,1945-01-01,1945-12-31,D4,tümü,anahtar kelime,İsabet sayısı çok yüksekse gazete gazete ve çeyrek yıllara bölünür,,,,[ ]
G0841,C-cekirdek,2,S4,Köy Kanunu,köy kanunu,1946-01-01,1946-12-31,D5,tümü,anahtar kelime,İsabet sayısı çok yüksekse gazete gazete ve çeyrek yıllara bölünür,,,,[ ]
G0842,C-cekirdek,2,S4,Köy Kanunu,köy kanunu,1947-01-01,1947-12-31,D5,tümü,anahtar kelime,İsabet sayısı çok yüksekse gazete gazete ve çeyrek yıllara bölünür,,,,[ ]
G0843,C-cekirdek,2,S4,Köy Kanunu,köy kanunu,1948-01-01,1948-12-31,D5,tümü,anahtar kelime,İsabet sayısı çok yüksekse gazete gazete ve çeyrek yıllara bölünür,,,,[ ]
G0844,C-cekirdek,2,S4,Köy Kanunu,köy kanunu,1949-01-01,1949-12-31,D5,tümü,anahtar kelime,İsabet sayısı çok yüksekse gazete gazete ve çeyrek yıllara bölünür,,,,[ ]
G0845,C-cekirdek,2,S4,Köy Kanunu,köy kanunu,1950-01-01,1950-12-31,D5,tümü,anahtar kelime,İsabet sayısı çok yüksekse gazete gazete ve çeyrek yıllara bölünür,,,,[ ]
G0846,C-cekirdek,2,S4,tezek,tezekten,1929-01-01,1929-12-31,D2,tümü,anahtar kelime,İsabet sayısı çok yüksekse gazete gazete ve çeyrek yıllara bölünür,,,,[ ]
G0847,C-cekirdek,2,S4,tezek,tezekten,1930-01-01,1930-12-31,D2,tümü,anahtar kelime,İsabet sayısı çok yüksekse gazete gazete ve çeyrek yıllara bölünür,,,,[ ]
G0848,C-cekirdek,2,S4,tezek,tezekten,1931-01-01,1931-12-31,D2,tümü,anahtar kelime,İsabet sayısı çok yüksekse gazete gazete ve çeyrek yıllara bölünür,,,,[ ]
G0849,C-cekirdek,2,S4,tezek,tezekten,1932-01-01,1932-12-31,D2,tümü,anahtar kelime,İsabet sayısı çok yüksekse gazete gazete ve çeyrek yıllara bölünür,,,,[ ]
G0850,C-cekirdek,2,S4,tezek,tezekten,1933-01-01,1933-12-31,D2,tümü,anahtar kelime,İsabet sayısı çok yüksekse gazete gazete ve çeyrek yıllara bölünür,,,,[ ]
G0851,C-cekirdek,2,S4,tezek,tezekten,1934-01-01,1934-12-31,D3,tümü,anahtar kelime,İsabet sayısı çok yüksekse gazete gazete ve çeyrek yıllara bölünür,,,,[ ]
G0852,C-cekirdek,2,S4,tezek,tezekten,1935-01-01,1935-12-31,D3,tümü,anahtar kelime,İsabet sayısı çok yüksekse gazete gazete ve çeyrek yıllara bölünür,,,,[ ]
G0853,C-cekirdek,2,S4,tezek,tezekten,1936-01-01,1936-12-31,D3,tümü,anahtar kelime,İsabet sayısı çok yüksekse gazete gazete ve çeyrek yıllara bölünür,,,,[ ]
G0854,C-cekirdek,2,S4,tezek,tezekten,1937-01-01,1937-12-31,D3,tümü,anahtar kelime,İsabet sayısı çok yüksekse gazete gazete ve çeyrek yıllara bölünür,,,,[ ]
G0855,C-cekirdek,2,S4,tezek,tezekten,1938-01-01,1938-12-31,D3,tümü,anahtar kelime,İsabet sayısı çok yüksekse gazete gazete ve çeyrek yıllara bölünür,,,,[ ]
G0856,C-cekirdek,2,S4,tezek,tezekten,1939-01-01,1939-12-31,D4,tümü,anahtar kelime,İsabet sayısı çok yüksekse gazete gazete ve çeyrek yıllara bölünür,,,,[ ]
G0857,C-cekirdek,2,S4,tezek,tezekten,1940-01-01,1940-12-31,D4,tümü,anahtar kelime,İsabet sayısı çok yüksekse gazete gazete ve çeyrek yıllara bölünür,,,,[ ]
G0858,C-cekirdek,2,S4,tezek,tezekten,1941-01-01,1941-12-31,D4,tümü,anahtar kelime,İsabet sayısı çok yüksekse gazete gazete ve çeyrek yıllara bölünür,,,,[ ]
G0859,C-cekirdek,2,S4,tezek,tezekten,1942-01-01,1942-12-31,D4,tümü,anahtar kelime,İsabet sayısı çok yüksekse gazete gazete ve çeyrek yıllara bölünür,,,,[ ]
G0860,C-cekirdek,2,S4,tezek,tezekten,1943-01-01,1943-12-31,D4,tümü,anahtar kelime,İsabet sayısı çok yüksekse gazete gazete ve çeyrek yıllara bölünür,,,,[ ]
G0861,C-cekirdek,2,S4,tezek,tezekten,1944-01-01,1944-12-31,D4,tümü,anahtar kelime,İsabet sayısı çok yüksekse gazete gazete ve çeyrek yıllara bölünür,,,,[ ]
G0862,C-cekirdek,2,S4,tezek,tezekten,1945-01-01,1945-12-31,D4,tümü,anahtar kelime,İsabet sayısı çok yüksekse gazete gazete ve çeyrek yıllara bölünür,,,,[ ]
G0863,C-cekirdek,2,S4,tezek,tezekten,1946-01-01,1946-12-31,D5,tümü,anahtar kelime,İsabet sayısı çok yüksekse gazete gazete ve çeyrek yıllara bölünür,,,,[ ]
G0864,C-cekirdek,2,S4,tezek,tezekten,1947-01-01,1947-12-31,D5,tümü,anahtar kelime,İsabet sayısı çok yüksekse gazete gazete ve çeyrek yıllara bölünür,,,,[ ]
G0865,C-cekirdek,2,S4,tezek,tezekten,1948-01-01,1948-12-31,D5,tümü,anahtar kelime,İsabet sayısı çok yüksekse gazete gazete ve çeyrek yıllara bölünür,,,,[ ]
G0866,C-cekirdek,2,S4,tezek,tezekten,1949-01-01,1949-12-31,D5,tümü,anahtar kelime,İsabet sayısı çok yüksekse gazete gazete ve çeyrek yıllara bölünür,,,,[ ]
G0867,C-cekirdek,2,S4,tezek,tezekten,1950-01-01,1950-12-31,D5,tümü,anahtar kelime,İsabet sayısı çok yüksekse gazete gazete ve çeyrek yıllara bölünür,,,,[ ]
G0868,C-cekirdek,2,S4,hayvanla beraber,hayvanlarla bir arada; hayvanlarıyla beraber,1929-01-01,1929-12-31,D2,tümü,anahtar kelime,İsabet sayısı çok yüksekse gazete gazete ve çeyrek yıllara bölünür,,,,[ ]
G0869,C-cekirdek,2,S4,hayvanla beraber,hayvanlarla bir arada; hayvanlarıyla beraber,1930-01-01,1930-12-31,D2,tümü,anahtar kelime,İsabet sayısı çok yüksekse gazete gazete ve çeyrek yıllara bölünür,,,,[ ]
G0870,C-cekirdek,2,S4,hayvanla beraber,hayvanlarla bir arada; hayvanlarıyla beraber,1931-01-01,1931-12-31,D2,tümü,anahtar kelime,İsabet sayısı çok yüksekse gazete gazete ve çeyrek yıllara bölünür,,,,[ ]
G0871,C-cekirdek,2,S4,hayvanla beraber,hayvanlarla bir arada; hayvanlarıyla beraber,1932-01-01,1932-12-31,D2,tümü,anahtar kelime,İsabet sayısı çok yüksekse gazete gazete ve çeyrek yıllara bölünür,,,,[ ]
G0872,C-cekirdek,2,S4,hayvanla beraber,hayvanlarla bir arada; hayvanlarıyla beraber,1933-01-01,1933-12-31,D2,tümü,anahtar kelime,İsabet sayısı çok yüksekse gazete gazete ve çeyrek yıllara bölünür,,,,[ ]
G0873,C-cekirdek,2,S4,hayvanla beraber,hayvanlarla bir arada; hayvanlarıyla beraber,1934-01-01,1934-12-31,D3,tümü,anahtar kelime,İsabet sayısı çok yüksekse gazete gazete ve çeyrek yıllara bölünür,,,,[ ]
G0874,C-cekirdek,2,S4,hayvanla beraber,hayvanlarla bir arada; hayvanlarıyla beraber,1935-01-01,1935-12-31,D3,tümü,anahtar kelime,İsabet sayısı çok yüksekse gazete gazete ve çeyrek yıllara bölünür,,,,[ ]
G0875,C-cekirdek,2,S4,hayvanla beraber,hayvanlarla bir arada; hayvanlarıyla beraber,1936-01-01,1936-12-31,D3,tümü,anahtar kelime,İsabet sayısı çok yüksekse gazete gazete ve çeyrek yıllara bölünür,,,,[ ]
G0876,C-cekirdek,2,S4,hayvanla beraber,hayvanlarla bir arada; hayvanlarıyla beraber,1937-01-01,1937-12-31,D3,tümü,anahtar kelime,İsabet sayısı çok yüksekse gazete gazete ve çeyrek yıllara bölünür,,,,[ ]
G0877,C-cekirdek,2,S4,hayvanla beraber,hayvanlarla bir arada; hayvanlarıyla beraber,1938-01-01,1938-12-31,D3,tümü,anahtar kelime,İsabet sayısı çok yüksekse gazete gazete ve çeyrek yıllara bölünür,,,,[ ]
G0878,C-cekirdek,2,S4,hayvanla beraber,hayvanlarla bir arada; hayvanlarıyla beraber,1939-01-01,1939-12-31,D4,tümü,anahtar kelime,İsabet sayısı çok yüksekse gazete gazete ve çeyrek yıllara bölünür,,,,[ ]
G0879,C-cekirdek,2,S4,hayvanla beraber,hayvanlarla bir arada; hayvanlarıyla beraber,1940-01-01,1940-12-31,D4,tümü,anahtar kelime,İsabet sayısı çok yüksekse gazete gazete ve çeyrek yıllara bölünür,,,,[ ]
G0880,C-cekirdek,2,S4,hayvanla beraber,hayvanlarla bir arada; hayvanlarıyla beraber,1941-01-01,1941-12-31,D4,tümü,anahtar kelime,İsabet sayısı çok yüksekse gazete gazete ve çeyrek yıllara bölünür,,,,[ ]
G0881,C-cekirdek,2,S4,hayvanla beraber,hayvanlarla bir arada; hayvanlarıyla beraber,1942-01-01,1942-12-31,D4,tümü,anahtar kelime,İsabet sayısı çok yüksekse gazete gazete ve çeyrek yıllara bölünür,,,,[ ]
G0882,C-cekirdek,2,S4,hayvanla beraber,hayvanlarla bir arada; hayvanlarıyla beraber,1943-01-01,1943-12-31,D4,tümü,anahtar kelime,İsabet sayısı çok yüksekse gazete gazete ve çeyrek yıllara bölünür,,,,[ ]
G0883,C-cekirdek,2,S4,hayvanla beraber,hayvanlarla bir arada; hayvanlarıyla beraber,1944-01-01,1944-12-31,D4,tümü,anahtar kelime,İsabet sayısı çok yüksekse gazete gazete ve çeyrek yıllara bölünür,,,,[ ]
G0884,C-cekirdek,2,S4,hayvanla beraber,hayvanlarla bir arada; hayvanlarıyla beraber,1945-01-01,1945-12-31,D4,tümü,anahtar kelime,İsabet sayısı çok yüksekse gazete gazete ve çeyrek yıllara bölünür,,,,[ ]
G0885,C-cekirdek,2,S4,hayvanla beraber,hayvanlarla bir arada; hayvanlarıyla beraber,1946-01-01,1946-12-31,D5,tümü,anahtar kelime,İsabet sayısı çok yüksekse gazete gazete ve çeyrek yıllara bölünür,,,,[ ]
G0886,C-cekirdek,2,S4,hayvanla beraber,hayvanlarla bir arada; hayvanlarıyla beraber,1947-01-01,1947-12-31,D5,tümü,anahtar kelime,İsabet sayısı çok yüksekse gazete gazete ve çeyrek yıllara bölünür,,,,[ ]
G0887,C-cekirdek,2,S4,hayvanla beraber,hayvanlarla bir arada; hayvanlarıyla beraber,1948-01-01,1948-12-31,D5,tümü,anahtar kelime,İsabet sayısı çok yüksekse gazete gazete ve çeyrek yıllara bölünür,,,,[ ]
G0888,C-cekirdek,2,S4,hayvanla beraber,hayvanlarla bir arada; hayvanlarıyla beraber,1949-01-01,1949-12-31,D5,tümü,anahtar kelime,İsabet sayısı çok yüksekse gazete gazete ve çeyrek yıllara bölünür,,,,[ ]
G0889,C-cekirdek,2,S4,hayvanla beraber,hayvanlarla bir arada; hayvanlarıyla beraber,1950-01-01,1950-12-31,D5,tümü,anahtar kelime,İsabet sayısı çok yüksekse gazete gazete ve çeyrek yıllara bölünür,,,,[ ]
G0890,D-ad,3,S1,Spöttel,Şpötel; Spotel; Spöttel,1923-01-01,1950-12-31,D1-D5,tümü,anahtar kelime,Kişi ve kurum ağları,,,,[ ]
G0891,D-ad,3,S3,Gebhardt,Gebhart; Gebhard,1923-01-01,1950-12-31,D1-D5,tümü,anahtar kelime,Kişi ve kurum ağları,,,,[ ]
G0892,D-ad,3,S1,Falke,Profesör Falke,1923-01-01,1950-12-31,D1-D5,tümü,anahtar kelime,Kişi ve kurum ağları,,,,[ ]
G0893,D-ad,3,S1,Yüksek Ziraat Enstitüsü,Y. Z. E.; Ziraat Enstitüsü,1923-01-01,1950-12-31,D1-D5,tümü,anahtar kelime,Kişi ve kurum ağları,,,,[ ]
G0894,D-ad,3,S3,Pendik,Pendik bakteriyolojihanesi; Pendik laboratuvarı,1923-01-01,1950-12-31,D1-D5,tümü,anahtar kelime,Kişi ve kurum ağları,,,,[ ]
G0895,D-ad,3,S3,Etlik,Etlik veteriner; Etlik serum,1923-01-01,1950-12-31,D1-D5,tümü,anahtar kelime,Kişi ve kurum ağları,,,,[ ]
G0896,D-ad,3,S1,Karacabey,Karacabey Harası; Karacabey merinosu,1923-01-01,1950-12-31,D1-D5,tümü,anahtar kelime,Kişi ve kurum ağları,,,,[ ]
G0897,D-ad,3,S1,Orman Çiftliği,Gazi Orman Çiftliği; Atatürk Orman Çiftliği,1923-01-01,1950-12-31,D1-D5,tümü,anahtar kelime,Kişi ve kurum ağları,,,,[ ]
G0898,D-ad,3,S1,Sultansuyu,Sultansuyu Harası,1923-01-01,1950-12-31,D1-D5,tümü,anahtar kelime,Kişi ve kurum ağları,,,,[ ]
G0899,D-ad,3,S1,Çifteler,Çifteler Harası,1923-01-01,1950-12-31,D1-D5,tümü,anahtar kelime,Kişi ve kurum ağları,,,,[ ]
G0900,D-ad,3,S1,Devlet Ziraat İşletmeleri,D. Z. İ.,1923-01-01,1950-12-31,D1-D5,tümü,anahtar kelime,Kişi ve kurum ağları,,,,[ ]
G0901,D-ad,3,S3,Türk Baytarlar Cemiyeti,Baytarlar Cemiyeti; Veteriner Hekimler Cemiyeti,1923-01-01,1950-12-31,D1-D5,tümü,anahtar kelime,Kişi ve kurum ağları,,,,[ ]
G0902,D-ad,3,S0,Muhlis Erkmen,Ziraat Vekili Muhlis,1923-01-01,1950-12-31,D1-D5,tümü,anahtar kelime,Kişi ve kurum ağları,,,,[ ]
G0903,D-ad,3,S0,Şakir Kesebir,Ziraat Vekili Şakir,1923-01-01,1950-12-31,D1-D5,tümü,anahtar kelime,Kişi ve kurum ağları,,,,[ ]
G0904,D-ad,3,S0,Faik Kurdoğlu,Ziraat Vekili Faik,1923-01-01,1950-12-31,D1-D5,tümü,anahtar kelime,Kişi ve kurum ağları,,,,[ ]
G0905,D-ad,3,S0,Sırrı Day,Tarım Bakanı Sırrı,1923-01-01,1950-12-31,D1-D5,tümü,anahtar kelime,Kişi ve kurum ağları,,,,[ ]
G0906,D-ad,3,S3,Office International des Épizooties,Beynelmilel Epizooti Bürosu; Epizooti Ofisi,1923-01-01,1950-12-31,D1-D5,tümü,anahtar kelime,Kişi ve kurum ağları,,,,[ ]
G0907,D-ad,3,S0,Cavid Oral,Tarım Bakanı Cavit Oral,1923-01-01,1950-12-31,D1-D5,tümü,anahtar kelime,Kişi ve kurum ağları,,,,[ ]
